time,pm10,pm2_5,carbon_monoxide,nitrogen_dioxide,sulphur_dioxide,ozone,us_aqi,temperature_2m,relative_humidity_2m,wind_speed_10m,precipitation
2025-05-01 00:00:00,22.2,15.8,255.0,14.3,8.4,67.0,56,28.8,66,12.1,0.0
2025-05-01 01:00:00,21.7,15.3,204.0,11.5,7.7,69.0,56,28.4,68,12.0,0.0
2025-05-01 02:00:00,21.2,14.6,169.0,9.1,7.2,71.0,55,28.2,70,12.3,0.0
2025-05-01 03:00:00,20.7,13.9,156.0,7.3,6.8,73.0,55,27.9,71,12.4,0.0
2025-05-01 04:00:00,20.4,13.4,158.0,6.0,6.4,74.0,56,27.9,71,13.5,0.0
2025-05-01 05:00:00,19.7,13.2,185.0,6.4,6.5,74.0,56,27.9,72,13.9,0.0
2025-05-01 06:00:00,20.3,13.2,261.0,8.8,7.0,73.0,56,27.7,78,13.5,0.0
2025-05-01 07:00:00,21.8,14.5,360.0,11.9,7.7,72.0,56,28.1,78,12.1,0.0
2025-05-01 08:00:00,24.9,16.4,414.0,13.3,8.5,75.0,56,29.6,73,12.9,0.0
2025-05-01 09:00:00,27.7,16.9,378.0,11.4,9.7,87.0,56,31.1,63,15.5,0.0
2025-05-01 10:00:00,30.6,17.2,297.0,7.8,11.1,102.0,56,32.2,57,17.3,0.0
2025-05-01 11:00:00,33.1,17.3,235.0,5.0,11.8,113.0,56,32.8,54,18.3,0.0
2025-05-01 12:00:00,32.1,16.7,219.0,3.9,11.4,115.0,56,33.2,53,19.7,0.0
2025-05-01 13:00:00,29.8,15.8,222.0,3.5,10.3,112.0,56,33.6,50,20.5,0.0
2025-05-01 14:00:00,27.6,15.1,232.0,3.8,9.5,107.0,56,33.2,54,20.4,0.0
2025-05-01 15:00:00,26.2,14.8,244.0,4.6,9.3,102.0,56,32.6,57,20.4,0.0
2025-05-01 16:00:00,25.6,14.7,261.0,6.0,9.4,95.0,56,32.3,60,17.6,0.0
2025-05-01 17:00:00,24.6,15.1,286.0,8.4,10.8,90.0,56,31.7,59,16.7,0.0
2025-05-01 18:00:00,24.7,15.8,326.0,11.4,10.5,82.0,56,31.4,59,12.7,0.0
2025-05-01 19:00:00,24.2,16.8,372.0,15.5,10.0,70.0,57,30.1,67,11.4,0.0
2025-05-01 20:00:00,25.3,16.8,400.0,18.2,9.6,62.0,57,29.4,71,10.4,0.0
2025-05-01 21:00:00,26.1,17.1,401.0,18.6,9.5,59.0,57,29.3,71,11.1,0.0
2025-05-01 22:00:00,27.4,17.8,383.0,17.6,9.4,59.0,57,29.1,70,13.6,0.0
2025-05-01 23:00:00,27.9,18.1,352.0,15.9,9.1,60.0,58,28.8,72,12.4,0.0
2025-05-02 00:00:00,27.4,17.4,297.0,13.1,8.3,63.0,58,28.5,75,13.1,0.0
2025-05-02 01:00:00,25.8,16.1,228.0,9.4,7.2,68.0,58,28.2,77,13.9,0.0
2025-05-02 02:00:00,24.5,15.1,179.0,6.7,6.4,71.0,58,28.1,78,13.5,0.0
2025-05-02 03:00:00,23.7,14.4,160.0,5.4,6.0,72.0,58,27.9,79,13.7,0.0
2025-05-02 04:00:00,23.1,14.1,161.0,4.9,5.8,71.0,58,27.8,79,13.5,0.0
2025-05-02 05:00:00,19.0,13.6,182.0,5.8,5.7,70.0,58,27.7,78,13.5,0.0
2025-05-02 06:00:00,20.7,13.9,243.0,8.1,7.0,69.0,58,27.8,78,13.4,0.0
2025-05-02 07:00:00,22.5,15.6,324.0,11.2,8.9,67.0,58,28.3,78,11.8,0.0
2025-05-02 08:00:00,26.1,17.6,369.0,12.7,10.4,70.0,58,29.5,73,14.8,0.0
2025-05-02 09:00:00,28.9,18.0,341.0,10.9,11.4,81.0,58,30.8,66,16.8,0.0
2025-05-02 10:00:00,32.4,18.2,276.0,7.5,12.1,96.0,59,31.7,60,18.2,0.0
2025-05-02 11:00:00,35.9,18.2,228.0,4.9,12.3,107.0,59,32.4,57,19.1,0.0
2025-05-02 12:00:00,35.4,17.7,216.0,3.8,11.7,110.0,59,32.9,56,19.8,0.0
2025-05-02 13:00:00,32.1,16.8,220.0,3.5,10.6,108.0,59,33.2,54,19.6,0.0
2025-05-02 14:00:00,29.8,16.1,231.0,3.8,9.8,104.0,59,33.2,56,19.7,0.0
2025-05-02 15:00:00,28.0,15.7,249.0,4.8,9.7,99.0,59,32.8,58,18.6,0.0
2025-05-02 16:00:00,27.4,15.4,275.0,6.5,9.9,92.0,59,32.4,61,16.7,0.0
2025-05-02 17:00:00,26.0,15.8,297.0,8.9,11.3,86.0,59,31.5,64,16.1,0.0
2025-05-02 18:00:00,26.9,16.6,311.0,13.8,11.5,76.0,59,30.3,71,15.2,0.0
2025-05-02 19:00:00,27.1,17.8,322.0,20.4,11.8,62.0,59,29.4,77,11.2,0.0
2025-05-02 20:00:00,29.0,18.9,332.0,24.4,11.7,52.0,59,29.1,79,8.8,0.0
2025-05-02 21:00:00,29.3,18.3,348.0,23.3,11.0,52.0,60,28.8,81,9.0,0.0
2025-05-02 22:00:00,28.2,17.5,363.0,19.5,10.0,56.0,60,28.6,81,9.2,0.0
2025-05-02 23:00:00,27.3,17.1,356.0,16.2,9.2,59.0,60,28.4,80,11.4,0.0
2025-05-03 00:00:00,26.7,16.9,306.0,14.4,8.7,59.0,60,28.2,80,11.7,0.0
2025-05-03 01:00:00,26.0,16.4,233.0,13.1,8.3,59.0,60,28.0,81,10.4,0.0
2025-05-03 02:00:00,25.1,15.7,181.0,11.8,8.1,59.0,60,27.8,82,10.0,0.0
2025-05-03 03:00:00,24.2,14.7,161.0,10.1,7.9,60.0,60,27.5,84,11.2,0.0
2025-05-03 04:00:00,23.7,13.8,162.0,8.6,7.8,61.0,60,27.3,87,11.2,0.0
2025-05-03 05:00:00,25.0,14.5,187.0,10.2,8.7,59.0,60,27.2,87,11.9,0.0
2025-05-03 06:00:00,24.7,14.1,262.0,12.1,9.4,61.0,60,27.5,89,10.3,0.0
2025-05-03 07:00:00,26.3,15.8,362.0,14.5,10.5,64.0,60,27.9,88,8.8,0.0
2025-05-03 08:00:00,32.2,17.6,419.0,15.4,11.8,72.0,60,29.3,78,10.2,0.0
2025-05-03 09:00:00,35.9,18.6,389.0,13.2,13.6,91.0,60,30.9,69,12.1,0.0
2025-05-03 10:00:00,41.9,19.9,316.0,9.3,15.5,116.0,60,32.2,61,13.8,0.0
2025-05-03 11:00:00,47.0,21.5,260.0,6.3,16.6,133.0,60,33.4,55,15.1,0.0
2025-05-03 12:00:00,46.4,21.5,245.0,4.9,16.0,138.0,60,34.0,52,17.0,0.0
2025-05-03 13:00:00,43.0,20.3,248.0,4.3,14.6,136.0,61,34.4,48,18.1,0.0
2025-05-03 14:00:00,36.9,18.4,255.0,4.6,13.4,130.0,61,34.1,50,18.2,0.0
2025-05-03 15:00:00,31.9,16.7,263.0,5.7,12.9,121.0,61,33.6,54,16.1,0.0
2025-05-03 16:00:00,29.8,15.9,275.0,7.6,12.7,109.0,66,33.1,54,15.6,0.0
2025-05-03 17:00:00,24.6,13.2,293.0,10.3,12.3,99.0,74,32.1,59,16.8,0.0
2025-05-03 18:00:00,24.6,14.1,316.0,18.5,12.6,82.0,75,30.8,63,11.3,0.0
2025-05-03 19:00:00,27.1,16.6,344.0,29.6,12.9,59.0,68,29.4,73,10.3,0.0
2025-05-03 20:00:00,31.4,19.7,379.0,36.8,13.0,43.0,61,28.9,78,10.5,0.0
2025-05-03 21:00:00,33.2,20.7,436.0,36.6,12.8,40.0,61,28.7,80,10.3,0.0
2025-05-03 22:00:00,32.8,20.2,500.0,32.4,12.4,44.0,61,28.5,81,7.6,0.0
2025-05-03 23:00:00,31.0,19.2,530.0,27.9,11.8,48.0,61,28.3,81,6.2,0.0
2025-05-04 00:00:00,29.6,18.1,500.0,23.8,10.6,51.0,61,28.0,82,1.3,0.0
2025-05-04 01:00:00,28.6,16.9,435.0,19.3,9.2,54.0,61,27.7,83,3.0,0.0
2025-05-04 02:00:00,28.9,16.5,370.0,15.7,8.2,57.0,61,27.5,84,5.0,0.0
2025-05-04 03:00:00,29.9,16.5,302.0,13.2,7.9,59.0,62,27.4,84,6.1,0.0
2025-05-04 04:00:00,29.5,15.8,234.0,11.5,7.9,60.0,62,27.3,84,10.3,0.0
2025-05-04 05:00:00,25.6,15.1,207.0,9.3,7.6,68.0,62,27.5,81,12.6,0.0
2025-05-04 06:00:00,27.2,15.7,264.0,11.4,8.4,75.0,62,27.7,81,13.0,0.0
2025-05-04 07:00:00,28.9,17.8,362.0,14.2,9.6,85.0,62,28.5,75,11.2,0.0
2025-05-04 08:00:00,31.9,20.2,419.0,15.2,10.7,95.0,62,30.3,64,12.5,0.0
2025-05-04 09:00:00,31.8,20.0,386.0,12.8,11.9,105.0,63,32.0,54,14.8,0.0
2025-05-04 10:00:00,29.7,18.4,311.0,8.6,13.0,114.0,63,32.8,52,13.8,0.0
2025-05-04 11:00:00,28.1,17.0,255.0,5.3,13.5,120.0,62,33.5,51,15.0,0.0
2025-05-04 12:00:00,28.8,16.2,242.0,3.9,12.7,120.0,62,33.5,54,16.1,0.0
2025-05-04 13:00:00,30.5,17.0,247.0,3.5,11.3,117.0,62,33.3,58,17.1,0.0
2025-05-04 14:00:00,32.1,18.1,261.0,3.7,10.3,113.0,61,33.1,58,18.0,0.0
2025-05-04 15:00:00,32.5,18.5,282.0,4.1,10.2,109.0,61,32.6,61,17.4,0.0
2025-05-04 16:00:00,31.3,18.4,311.0,5.2,10.6,105.0,61,31.7,66,17.1,0.0
2025-05-04 17:00:00,38.1,22.2,340.0,7.8,12.8,100.0,62,31.3,68,13.7,0.0
2025-05-04 18:00:00,36.7,22.3,362.0,14.4,13.3,87.0,62,30.0,71,11.6,0.0
2025-05-04 19:00:00,32.8,22.1,383.0,23.4,14.0,69.0,63,29.3,76,10.8,0.0
2025-05-04 20:00:00,31.2,22.9,412.0,29.4,14.3,56.0,64,29.1,78,8.8,0.0
2025-05-04 21:00:00,30.5,21.7,469.0,29.9,13.8,52.0,64,29.0,79,5.7,0.0
2025-05-04 22:00:00,31.7,21.0,532.0,27.5,12.8,53.0,64,28.8,80,6.9,0.0
2025-05-04 23:00:00,35.3,21.4,549.0,24.4,11.7,55.0,64,28.6,80,8.9,0.0
2025-05-05 00:00:00,39.8,21.7,475.0,20.8,10.5,58.0,64,28.3,83,7.6,0.0
2025-05-05 01:00:00,43.1,20.8,354.0,16.5,9.3,63.0,65,28.0,84,6.2,0.0
2025-05-05 02:00:00,45.2,19.5,262.0,13.0,8.3,66.0,65,27.9,84,7.9,0.0
2025-05-05 03:00:00,46.3,18.6,212.0,10.6,7.7,67.0,65,27.8,85,9.1,0.0
2025-05-05 04:00:00,48.0,18.3,191.0,9.1,7.3,68.0,65,27.7,85,9.6,0.0
2025-05-05 05:00:00,43.8,17.1,241.0,9.8,7.8,61.0,66,27.6,87,7.3,0.0
2025-05-05 06:00:00,39.6,16.4,428.0,11.6,9.1,59.0,66,26.4,74,4.4,0.0
2025-05-05 07:00:00,38.5,16.7,684.0,13.8,11.0,58.0,66,26.9,67,3.0,0.0
2025-05-05 08:00:00,37.4,17.1,851.0,14.6,13.2,62.0,66,28.5,57,3.2,0.0
2025-05-05 09:00:00,42.3,17.6,844.0,12.3,16.1,76.0,66,30.0,54,5.1,0.0
2025-05-05 10:00:00,46.4,19.4,747.0,8.6,19.2,96.0,65,31.0,52,7.6,0.0
2025-05-05 11:00:00,54.6,22.2,649.0,5.6,21.2,111.0,65,31.7,53,9.2,0.0
2025-05-05 12:00:00,68.5,24.8,572.0,4.1,20.9,120.0,66,32.3,51,10.0,0.0
2025-05-05 13:00:00,75.0,25.8,495.0,3.4,19.6,124.0,67,33.0,46,11.7,0.0
2025-05-05 14:00:00,73.3,25.6,437.0,4.1,19.0,124.0,67,32.7,50,13.4,0.0
2025-05-05 15:00:00,74.3,25.1,399.0,6.0,20.3,117.0,68,32.0,61,12.7,0.0
2025-05-05 16:00:00,100.8,28.7,382.0,9.3,22.4,106.0,69,31.8,65,10.7,0.0
2025-05-05 17:00:00,172.3,40.2,405.0,9.3,16.4,159.0,70,31.4,69,10.1,0.0
2025-05-05 18:00:00,151.3,39.1,506.0,21.3,16.2,131.0,71,32.1,52,8.0,0.0
2025-05-05 19:00:00,108.3,38.3,648.0,37.7,16.0,92.0,78,30.6,63,6.5,0.0
2025-05-05 20:00:00,87.8,39.1,742.0,48.6,15.5,62.0,74,29.6,78,5.7,0.0
2025-05-05 21:00:00,79.6,39.7,744.0,48.6,14.7,51.0,76,29.1,85,3.9,0.0
2025-05-05 22:00:00,72.4,36.9,698.0,43.1,13.7,48.0,77,28.9,84,2.2,0.0
2025-05-05 23:00:00,69.6,34.5,646.0,38.5,13.0,46.0,79,28.7,85,3.6,0.0
2025-05-06 00:00:00,70.3,34.5,599.0,37.0,12.7,40.0,80,28.5,86,1.3,0.0
2025-05-06 01:00:00,61.2,33.2,547.0,36.4,12.7,35.0,81,28.3,87,1.7,0.0
2025-05-06 02:00:00,55.2,30.5,499.0,35.8,13.3,31.0,82,27.9,89,6.3,0.0
2025-05-06 03:00:00,53.2,30.4,429.0,35.0,14.8,28.0,83,27.4,89,6.7,0.0
2025-05-06 04:00:00,53.6,30.6,363.0,34.2,16.9,26.0,84,27.2,86,6.1,0.0
2025-05-06 05:00:00,73.6,41.9,388.0,50.1,18.5,14.0,85,27.4,77,6.1,0.0
2025-05-06 06:00:00,75.4,42.7,614.0,48.2,21.9,25.0,87,27.3,95,6.0,0.0
2025-05-06 07:00:00,77.5,46.6,931.0,45.2,26.5,41.0,90,27.8,84,6.7,0.0
2025-05-06 08:00:00,104.8,46.3,1100.0,40.1,30.5,64.0,92,29.1,76,6.1,0.0
2025-05-06 09:00:00,122.9,43.3,976.0,31.0,33.3,98.0,95,30.2,67,7.2,0.0
2025-05-06 10:00:00,129.0,43.1,703.0,19.8,35.3,138.0,97,31.3,59,8.5,0.0
2025-05-06 11:00:00,135.0,45.3,482.0,11.2,36.0,169.0,99,32.0,54,10.3,0.0
2025-05-06 12:00:00,129.9,44.6,386.0,7.0,34.5,185.0,101,32.4,54,12.1,0.0
2025-05-06 13:00:00,121.1,42.5,340.0,5.4,31.6,190.0,104,32.6,56,13.0,0.0
2025-05-06 14:00:00,116.6,40.5,322.0,5.1,28.8,186.0,105,32.8,54,13.0,0.0
2025-05-06 15:00:00,120.1,38.0,338.0,6.1,26.7,168.0,107,32.4,57,13.0,0.0
2025-05-06 16:00:00,120.6,35.6,381.0,8.5,24.6,140.0,121,31.5,64,12.3,0.0
2025-05-06 17:00:00,129.5,36.8,408.0,12.7,20.5,110.0,138,30.7,68,10.9,0.0
2025-05-06 18:00:00,127.1,34.5,397.0,17.7,18.9,90.0,140,31.2,66,8.3,0.0
2025-05-06 19:00:00,111.8,31.5,369.0,24.4,16.6,62.0,130,29.6,81,11.1,0.0
2025-05-06 20:00:00,92.9,28.4,342.0,28.6,14.6,42.0,107,28.8,85,9.2,0.0
2025-05-06 21:00:00,70.5,24.7,321.0,27.9,13.1,36.0,106,28.7,86,10.2,0.0
2025-05-06 22:00:00,54.8,21.4,301.0,24.6,11.9,38.0,105,28.5,86,10.5,0.0
2025-05-06 23:00:00,40.2,18.7,287.0,21.5,10.9,40.0,103,28.5,86,9.6,0.0
2025-05-07 00:00:00,32.2,16.9,282.0,19.1,9.8,40.0,101,28.3,87,8.2,0.0
2025-05-07 01:00:00,28.5,15.5,283.0,16.8,9.0,40.0,100,28.0,88,7.0,0.0
2025-05-07 02:00:00,27.0,15.3,291.0,15.6,9.0,40.0,98,27.8,88,4.1,0.0
2025-05-07 03:00:00,27.0,15.9,301.0,16.6,10.1,37.0,97,27.7,88,1.9,0.0
2025-05-07 04:00:00,29.3,17.2,318.0,18.7,12.1,34.0,95,27.6,88,2.4,0.0
2025-05-07 05:00:00,23.1,16.6,359.0,22.5,13.9,25.0,94,27.4,89,3.4,0.0
2025-05-07 06:00:00,27.0,17.8,447.0,21.1,18.0,29.0,92,27.3,92,2.2,0.0
2025-05-07 07:00:00,38.1,19.4,560.0,19.0,23.9,36.0,90,27.8,88,1.9,0.0
2025-05-07 08:00:00,54.8,20.1,647.0,16.7,29.4,51.0,87,29.2,77,0.7,0.0
2025-05-07 09:00:00,78.2,23.1,700.0,14.2,34.7,79.0,85,30.7,68,2.5,0.0
2025-05-07 10:00:00,99.4,29.3,727.0,11.4,39.6,114.0,83,32.4,60,4.8,0.0
2025-05-07 11:00:00,116.4,37.5,701.0,9.1,42.1,143.0,82,33.3,59,9.2,0.0
2025-05-07 12:00:00,117.6,41.3,579.0,7.1,40.7,164.0,81,33.5,55,12.4,0.0
2025-05-07 13:00:00,101.3,38.1,405.0,5.6,36.8,178.0,81,33.5,51,12.9,0.0
2025-05-07 14:00:00,81.7,33.6,282.0,5.1,32.3,178.0,81,32.2,63,14.8,0.0
2025-05-07 15:00:00,67.3,27.3,264.0,6.2,27.1,154.0,80,32.2,61,14.9,0.0
2025-05-07 16:00:00,61.9,23.2,298.0,8.3,21.2,115.0,92,31.5,66,14.8,0.0
2025-05-07 17:00:00,50.6,18.8,325.0,10.2,17.9,87.0,106,30.9,71,14.3,0.0
2025-05-07 18:00:00,46.0,16.6,325.0,13.0,16.1,73.0,108,30.2,70,12.1,0.0
2025-05-07 19:00:00,40.7,15.4,317.0,16.9,13.7,53.0,99,29.3,77,10.8,0.0
2025-05-07 20:00:00,37.4,15.4,306.0,20.7,12.1,38.0,80,28.8,80,7.7,0.0
2025-05-07 21:00:00,36.1,15.8,290.0,24.0,12.3,31.0,72,28.5,83,7.2,0.0
2025-05-07 22:00:00,35.7,16.5,271.0,27.2,13.4,28.0,71,28.3,84,7.6,0.0
2025-05-07 23:00:00,34.9,18.7,253.0,30.3,14.1,25.0,71,28.1,85,6.9,0.0
2025-05-08 00:00:00,36.7,21.8,235.0,33.9,14.0,20.0,71,27.9,87,6.4,0.0
2025-05-08 01:00:00,38.0,23.7,219.0,37.4,13.6,16.0,71,27.7,88,6.2,0.0
2025-05-08 02:00:00,37.0,22.8,211.0,38.5,13.1,14.0,72,27.6,88,4.7,0.0
2025-05-08 03:00:00,35.0,21.0,210.0,35.7,12.2,15.0,73,27.4,90,3.1,0.0
2025-05-08 04:00:00,34.3,19.4,218.0,30.5,11.3,18.0,73,27.3,90,4.0,0.0
2025-05-08 05:00:00,41.9,24.1,244.0,38.3,14.4,12.0,74,27.2,92,4.7,0.0
2025-05-08 06:00:00,39.6,23.2,311.0,31.4,16.0,21.0,74,27.2,91,3.7,0.0
2025-05-08 07:00:00,42.8,21.5,397.0,21.7,18.3,33.0,75,27.7,88,3.6,0.0
2025-05-08 08:00:00,47.0,19.3,445.0,13.8,20.1,47.0,75,28.8,80,2.4,0.0
2025-05-08 09:00:00,50.3,19.5,419.0,9.4,21.1,64.0,75,30.2,70,4.5,0.0
2025-05-08 10:00:00,51.3,20.8,356.0,6.7,21.6,83.0,74,31.3,64,8.3,0.0
2025-05-08 11:00:00,52.7,22.4,304.0,4.9,21.4,97.0,74,31.6,64,11.9,0.0
2025-05-08 12:00:00,52.7,22.5,279.0,3.6,20.1,104.0,72,31.8,61,12.1,0.0
2025-05-08 13:00:00,53.6,22.0,266.0,3.2,18.1,105.0,71,32.0,60,12.0,0.0
2025-05-08 14:00:00,52.2,21.3,269.0,3.4,16.8,104.0,69,32.2,60,11.7,0.0
2025-05-08 15:00:00,53.0,21.2,300.0,4.1,16.9,99.0,68,32.2,60,8.6,0.0
2025-05-08 16:00:00,53.0,21.1,347.0,5.5,17.6,92.0,68,31.8,63,10.0,0.0
2025-05-08 17:00:00,48.7,19.6,382.0,7.4,18.6,85.0,67,31.2,66,8.2,0.0
2025-05-08 18:00:00,50.9,19.6,396.0,11.1,18.8,72.0,68,30.6,69,11.1,0.0
2025-05-08 19:00:00,50.4,19.3,398.0,16.2,19.0,55.0,68,29.8,74,7.3,0.0
2025-05-08 20:00:00,50.9,19.7,387.0,20.7,18.9,41.0,68,29.7,75,6.0,0.0
2025-05-08 21:00:00,50.6,20.8,353.0,24.0,18.2,34.0,69,29.4,77,6.8,0.0
2025-05-08 22:00:00,52.5,22.0,306.0,26.6,17.1,31.0,69,29.2,79,7.3,0.0
2025-05-08 23:00:00,54.0,23.2,273.0,27.9,15.8,29.0,69,29.0,80,8.0,0.0
2025-05-09 00:00:00,56.1,24.0,264.0,27.2,14.2,29.0,70,28.7,82,9.5,0.0
2025-05-09 01:00:00,58.0,24.5,268.0,25.1,12.4,30.0,70,28.4,84,8.0,0.0
2025-05-09 02:00:00,59.0,25.1,280.0,23.3,11.1,31.0,70,28.1,85,8.1,0.0
2025-05-09 03:00:00,59.8,25.5,296.0,22.6,10.3,29.0,70,27.9,86,5.8,0.0
2025-05-09 04:00:00,61.7,25.7,320.0,22.2,10.0,28.0,71,27.6,88,5.8,0.0
2025-05-09 05:00:00,66.1,30.2,354.0,30.4,15.6,18.0,71,27.4,90,5.1,0.0
2025-05-09 06:00:00,59.5,31.5,414.0,27.8,19.5,24.0,72,27.3,82,3.4,0.0
2025-05-09 07:00:00,63.3,31.4,484.0,24.0,24.8,34.0,73,27.7,78,3.3,0.0
2025-05-09 08:00:00,87.8,31.7,520.0,19.8,28.2,47.0,73,28.6,73,2.4,0.0
2025-05-09 09:00:00,91.5,30.4,493.0,14.9,28.1,67.0,75,30.1,65,3.7,0.0
2025-05-09 10:00:00,90.8,31.3,431.0,9.6,26.1,90.0,75,31.3,59,7.3,0.0
2025-05-09 11:00:00,92.0,33.5,374.0,5.6,23.9,108.0,76,31.9,57,10.3,0.0
2025-05-09 12:00:00,89.6,33.9,330.0,3.7,21.7,116.0,77,32.4,54,10.9,0.0
2025-05-09 13:00:00,85.9,33.1,291.0,3.2,19.4,119.0,78,32.4,58,12.3,0.0
2025-05-09 14:00:00,81.0,31.4,269.0,3.4,17.7,117.0,79,32.3,60,13.0,0.0
2025-05-09 15:00:00,76.4,29.5,274.0,4.1,17.3,110.0,80,31.9,61,13.6,0.0
2025-05-09 16:00:00,74.5,28.4,295.0,5.6,17.5,98.0,81,31.5,65,10.0,0.0
2025-05-09 17:00:00,80.8,30.6,315.0,7.7,19.6,105.0,82,32.1,61,9.1,0.0
2025-05-09 18:00:00,69.4,27.0,330.0,11.2,18.2,88.0,83,31.3,64,11.9,0.0
2025-05-09 19:00:00,59.6,24.3,342.0,16.1,16.3,64.0,83,30.2,71,10.2,0.0
2025-05-09 20:00:00,57.5,24.0,344.0,20.0,15.0,46.0,84,29.7,74,7.5,0.0
2025-05-09 21:00:00,57.3,24.5,326.0,21.9,14.9,40.0,84,29.6,76,8.9,0.0
2025-05-09 22:00:00,56.3,25.0,297.0,22.9,15.3,39.0,84,29.3,77,10.1,0.0
2025-05-09 23:00:00,56.0,25.8,273.0,22.9,15.3,39.0,85,29.1,78,8.4,0.0
2025-05-10 00:00:00,55.6,26.4,263.0,21.7,14.4,39.0,85,28.7,80,6.8,0.0
2025-05-10 01:00:00,56.0,26.3,258.0,19.7,13.0,40.0,85,28.3,83,7.8,0.0
2025-05-10 02:00:00,55.9,26.0,252.0,18.1,12.0,40.0,85,28.1,84,8.5,0.0
2025-05-10 03:00:00,55.9,26.1,232.0,17.6,11.3,38.0,85,27.8,86,10.1,0.0
2025-05-10 04:00:00,56.1,26.3,210.0,17.6,10.8,35.0,85,27.6,87,9.1,0.0
2025-05-10 05:00:00,54.6,27.5,216.0,19.9,11.8,28.0,86,27.4,88,7.4,0.0
2025-05-10 06:00:00,55.9,27.9,285.0,18.5,13.9,35.0,85,27.0,80,6.5,0.0
2025-05-10 07:00:00,73.3,30.0,381.0,16.4,17.0,44.0,85,27.5,76,6.2,0.0
2025-05-10 08:00:00,80.3,30.7,433.0,14.0,19.9,58.0,85,29.0,69,8.2,0.0
2025-05-10 09:00:00,85.9,32.6,393.0,11.1,22.7,79.0,85,30.9,59,8.5,0.0
2025-05-10 10:00:00,90.3,35.3,308.0,7.9,25.5,103.0,85,32.7,50,9.6,0.0
2025-05-10 11:00:00,91.5,36.8,245.0,5.5,26.8,121.0,85,33.6,50,11.5,0.0
2025-05-10 12:00:00,89.9,36.6,231.0,4.2,25.9,130.0,86,34.0,50,13.1,0.0
2025-05-10 13:00:00,88.9,35.9,238.0,3.8,23.6,133.0,86,33.8,52,15.2,0.0
2025-05-10 14:00:00,86.1,34.5,249.0,4.0,21.3,131.0,86,33.4,53,16.3,0.0
2025-05-10 15:00:00,81.7,32.8,259.0,5.0,19.1,121.0,86,32.7,56,13.9,0.0
2025-05-10 16:00:00,77.3,31.2,272.0,6.6,16.7,105.0,87,32.8,53,13.6,0.0
2025-05-10 17:00:00,59.1,25.1,281.0,8.9,15.9,93.0,87,31.9,59,17.2,0.0
2025-05-10 18:00:00,60.3,25.4,286.0,11.9,15.4,80.0,86,30.5,67,13.2,0.0
2025-05-10 19:00:00,61.5,26.1,287.0,16.1,14.6,62.0,86,29.2,77,13.7,0.0
2025-05-10 20:00:00,62.4,26.9,283.0,19.1,13.9,48.0,86,28.8,81,13.2,0.0
2025-05-10 21:00:00,63.3,27.5,271.0,20.1,13.6,43.0,87,28.6,81,11.5,0.0
2025-05-10 22:00:00,61.9,27.9,253.0,19.9,13.3,43.0,87,28.5,82,11.8,0.0
2025-05-10 23:00:00,63.1,28.2,234.0,18.8,12.7,44.0,87,28.4,81,12.7,0.0
2025-05-11 00:00:00,63.3,28.0,211.0,16.2,11.2,47.0,87,28.3,81,13.4,0.0
2025-05-11 01:00:00,63.3,27.3,186.0,12.7,9.2,52.0,88,28.0,83,14.3,0.0
2025-05-11 02:00:00,62.2,26.7,172.0,9.9,7.8,56.0,88,27.8,83,11.4,0.0
2025-05-11 03:00:00,59.3,26.3,169.0,8.2,7.2,58.0,88,27.7,83,10.5,0.0
2025-05-11 04:00:00,57.0,25.9,176.0,7.2,7.3,58.0,88,27.6,84,9.0,0.0
2025-05-11 05:00:00,56.9,25.5,200.0,6.9,7.9,60.0,88,27.3,86,9.6,0.0
2025-05-11 06:00:00,56.0,25.8,263.0,8.9,9.7,59.0,88,27.4,88,8.6,0.0
2025-05-11 07:00:00,62.4,27.9,344.0,11.6,12.3,60.0,87,28.0,86,8.6,0.0
2025-05-11 08:00:00,71.9,30.0,387.0,12.8,14.7,65.0,87,29.4,78,9.2,0.0
2025-05-11 09:00:00,78.7,31.8,356.0,11.2,16.8,82.0,87,30.8,70,10.8,0.0
2025-05-11 10:00:00,82.9,33.6,288.0,8.1,18.8,103.0,87,31.7,66,13.1,0.0
2025-05-11 11:00:00,85.0,35.3,237.0,5.6,19.7,119.0,87,32.2,64,15.0,0.0
2025-05-11 12:00:00,84.1,35.2,224.0,4.4,18.9,123.0,87,32.5,63,15.7,0.0
2025-05-11 13:00:00,81.7,34.2,227.0,3.7,17.0,120.0,87,32.5,62,16.7,0.0
2025-05-11 14:00:00,78.9,33.1,238.0,3.7,15.4,115.0,86,32.2,64,17.3,0.0
2025-05-11 15:00:00,76.4,32.0,258.0,4.3,14.6,108.0,86,32.0,64,18.0,0.0
2025-05-11 16:00:00,74.0,31.0,285.0,5.6,14.0,98.0,86,31.6,65,14.5,0.0
2025-05-11 17:00:00,106.4,43.9,305.0,8.2,14.9,90.0,86,31.5,65,11.4,0.0
2025-05-11 18:00:00,104.3,43.8,312.0,11.0,14.8,81.0,88,30.5,74,13.3,0.0
2025-05-11 19:00:00,99.4,43.4,311.0,14.9,14.7,68.0,90,29.3,81,15.0,0.0
2025-05-11 20:00:00,95.7,43.5,302.0,17.8,14.3,59.0,91,28.7,85,13.7,0.0
2025-05-11 21:00:00,87.8,43.3,283.0,19.2,13.4,56.0,93,28.8,83,14.0,0.0
2025-05-11 22:00:00,87.5,43.2,257.0,19.7,12.2,56.0,94,28.7,83,14.4,0.0
2025-05-11 23:00:00,86.6,43.1,232.0,19.2,11.1,57.0,95,28.6,84,12.7,0.0
2025-05-12 00:00:00,85.4,42.4,210.0,17.2,10.3,60.0,97,28.3,86,12.1,0.0
2025-05-12 01:00:00,84.3,41.2,189.0,14.3,9.6,64.0,98,28.0,86,12.2,0.0
2025-05-12 02:00:00,83.8,40.0,175.0,11.8,9.0,67.0,99,27.8,86,10.2,0.0
2025-05-12 03:00:00,82.0,38.8,169.0,10.2,8.1,68.0,100,27.7,86,10.0,0.0
2025-05-12 04:00:00,80.3,37.7,169.0,9.0,7.2,68.0,102,27.5,88,10.0,0.0
2025-05-12 05:00:00,71.2,35.7,183.0,8.8,7.5,69.0,103,27.4,89,9.7,0.0
2025-05-12 06:00:00,71.2,35.5,223.0,9.2,9.2,73.0,104,27.9,87,11.6,0.0
2025-05-12 07:00:00,85.0,36.8,276.0,9.8,11.6,79.0,105,28.4,83,12.6,0.0
2025-05-12 08:00:00,89.6,36.0,305.0,9.6,13.6,87.0,106,29.5,75,12.8,0.0
2025-05-12 09:00:00,89.6,35.4,288.0,8.0,14.9,99.0,107,30.6,68,14.5,0.0
2025-05-12 10:00:00,92.2,35.2,248.0,5.7,15.9,112.0,107,31.4,65,16.2,0.0
2025-05-12 11:00:00,95.9,35.2,219.0,3.9,16.2,121.0,107,31.7,65,17.8,0.0
2025-05-12 12:00:00,102.9,34.8,214.0,3.1,15.6,122.0,107,32.1,64,18.5,0.0
2025-05-12 13:00:00,100.8,33.5,219.0,2.9,14.4,119.0,107,32.0,65,18.1,0.0
2025-05-12 14:00:00,96.2,31.8,228.0,3.2,13.4,115.0,107,31.8,65,18.1,0.0
2025-05-12 15:00:00,92.0,29.9,240.0,3.8,13.0,110.0,107,31.4,68,18.1,0.1
2025-05-12 16:00:00,85.4,27.6,256.0,4.8,12.7,104.0,107,31.4,67,16.7,0.0
2025-05-12 17:00:00,68.5,22.1,269.0,6.4,13.2,97.0,106,31.0,68,15.5,0.0
2025-05-12 18:00:00,59.5,20.0,276.0,8.5,13.4,90.0,104,29.6,73,17.0,0.0
2025-05-12 19:00:00,50.2,18.4,280.0,11.4,13.6,81.0,101,28.9,76,13.2,0.0
2025-05-12 20:00:00,42.4,17.6,282.0,13.7,13.4,73.0,99,28.7,79,12.2,0.0
2025-05-12 21:00:00,35.6,17.2,285.0,15.0,12.6,69.0,97,28.4,79,12.7,0.0
2025-05-12 22:00:00,31.8,16.6,286.0,15.8,11.3,67.0,94,28.2,82,10.8,0.0
2025-05-12 23:00:00,29.3,16.6,277.0,15.9,10.2,66.0,92,28.1,84,10.0,0.0
2025-05-13 00:00:00,27.6,16.8,250.0,15.0,9.3,66.0,90,27.7,86,9.1,0.0
2025-05-13 01:00:00,26.1,16.4,214.0,13.4,8.5,67.0,87,27.5,88,8.8,0.0
2025-05-13 02:00:00,24.9,15.7,187.0,11.8,7.8,68.0,85,27.2,90,8.7,0.0
2025-05-13 03:00:00,24.2,15.1,174.0,10.2,7.2,69.0,83,27.0,91,9.4,0.0
2025-05-13 04:00:00,24.5,14.9,171.0,8.7,6.7,71.0,81,26.9,92,8.2,0.0
2025-05-13 05:00:00,26.8,15.4,182.0,7.3,7.1,75.0,79,26.8,92,9.7,0.0
2025-05-13 06:00:00,27.8,16.2,222.0,8.0,8.3,77.0,77,27.4,91,11.0,0.0
2025-05-13 07:00:00,33.1,18.3,277.0,8.8,10.0,81.0,75,28.0,87,12.7,0.0
2025-05-13 08:00:00,37.3,19.7,307.0,8.9,11.6,87.0,74,29.2,78,13.5,0.0
2025-05-13 09:00:00,40.4,20.9,289.0,7.6,13.2,97.0,72,30.4,70,14.4,0.0
2025-05-13 10:00:00,44.0,22.4,247.0,5.6,14.7,108.0,71,31.4,64,15.6,0.0
2025-05-13 11:00:00,46.6,23.3,216.0,4.1,15.6,116.0,70,32.0,62,16.3,0.0
2025-05-13 12:00:00,49.8,23.9,209.0,3.4,15.4,119.0,69,32.6,60,16.5,0.0
2025-05-13 13:00:00,52.6,23.9,213.0,3.2,14.6,118.0,68,32.7,62,16.9,0.0
2025-05-13 14:00:00,55.4,23.7,223.0,3.4,13.8,115.0,67,32.4,64,17.3,0.0
2025-05-13 15:00:00,53.7,22.9,241.0,4.0,13.2,110.0,66,32.2,64,16.0,0.0
2025-05-13 16:00:00,48.0,21.6,266.0,5.1,12.7,102.0,66,32.0,62,15.1,0.0
2025-05-13 17:00:00,47.4,20.5,285.0,7.1,14.8,97.0,65,31.5,67,13.8,0.0
2025-05-13 18:00:00,42.8,20.4,294.0,9.9,15.4,88.0,65,30.3,71,12.8,0.0
2025-05-13 19:00:00,38.4,20.1,298.0,13.8,16.1,76.0,65,29.5,76,11.5,0.0
2025-05-13 20:00:00,34.1,19.8,296.0,16.9,16.2,66.0,65,28.9,82,12.2,0.0
2025-05-13 21:00:00,31.5,19.8,287.0,18.4,15.2,61.0,65,28.8,82,11.4,0.0
2025-05-13 22:00:00,31.0,19.8,272.0,19.0,13.5,59.0,66,28.7,82,10.9,0.0
2025-05-13 23:00:00,30.5,20.0,254.0,18.9,11.9,57.0,66,28.5,85,10.7,0.0
2025-05-14 00:00:00,29.9,20.0,230.0,17.8,10.5,56.0,66,28.2,88,11.8,0.0
2025-05-14 01:00:00,29.1,19.7,202.0,15.9,9.3,56.0,67,28.0,89,8.4,0.0
2025-05-14 02:00:00,28.5,18.9,184.0,14.0,8.4,57.0,67,27.8,91,7.6,0.0
2025-05-14 03:00:00,29.0,18.5,176.0,11.9,8.0,59.0,67,27.5,92,7.4,0.0
2025-05-14 04:00:00,30.9,18.6,178.0,9.8,7.9,62.0,67,27.3,93,8.0,0.0
2025-05-14 05:00:00,23.6,16.0,201.0,7.8,8.0,65.0,68,27.3,93,7.5,0.0
2025-05-14 06:00:00,26.4,16.7,267.0,9.3,9.1,65.0,68,27.9,90,8.5,0.0
2025-05-14 07:00:00,31.2,18.5,354.0,11.2,10.8,67.0,68,28.6,87,7.6,0.0
2025-05-14 08:00:00,35.5,20.0,404.0,12.0,12.9,74.0,68,30.1,77,9.4,0.0
2025-05-14 09:00:00,40.2,21.7,379.0,10.5,16.0,92.0,68,31.6,69,9.5,0.0
2025-05-14 10:00:00,48.3,24.2,317.0,7.9,19.6,116.0,68,33.0,62,10.2,0.0
2025-05-14 11:00:00,58.9,26.9,270.0,5.8,21.5,133.0,68,33.8,59,12.0,0.0
2025-05-14 12:00:00,63.6,27.6,257.0,4.7,20.5,137.0,68,34.3,58,13.4,0.0
2025-05-14 13:00:00,62.6,26.5,259.0,4.0,17.9,133.0,69,34.5,57,14.9,0.0
2025-05-14 14:00:00,61.9,25.3,269.0,4.1,15.7,127.0,69,34.1,57,15.5,0.0
2025-05-14 15:00:00,63.8,25.0,287.0,4.7,14.5,120.0,69,34.0,56,11.6,0.0
2025-05-14 16:00:00,62.2,24.6,312.0,6.0,13.7,112.0,69,33.5,59,14.7,0.0
2025-05-14 17:00:00,75.0,27.6,337.0,9.0,15.4,101.0,73,32.5,65,13.0,0.0
2025-05-14 18:00:00,67.1,27.0,365.0,14.3,15.1,87.0,75,30.8,69,13.3,0.0
2025-05-14 19:00:00,56.0,25.4,394.0,21.5,14.7,68.0,71,30.0,76,12.6,0.0
2025-05-14 20:00:00,46.4,24.5,403.0,26.4,14.1,54.0,71,29.5,80,11.5,0.0
2025-05-14 21:00:00,41.0,23.3,381.0,26.8,13.1,50.0,72,29.4,81,12.8,0.0
2025-05-14 22:00:00,38.5,22.1,339.0,24.8,11.8,50.0,72,29.1,83,9.2,0.0
2025-05-14 23:00:00,36.6,21.5,299.0,22.9,10.8,51.0,72,28.9,85,7.3,0.0
2025-05-15 00:00:00,35.7,21.5,262.0,21.9,10.2,49.0,72,28.6,88,8.4,0.0
2025-05-15 01:00:00,35.5,21.7,226.0,21.0,9.7,47.0,72,28.3,89,7.3,0.0
2025-05-15 02:00:00,34.1,20.8,204.0,19.5,9.4,47.0,73,28.1,90,7.1,0.0
2025-05-15 03:00:00,32.1,19.2,196.0,16.7,8.9,49.0,73,27.9,90,7.8,0.0
2025-05-15 04:00:00,31.0,17.7,201.0,13.3,8.6,52.0,73,27.7,91,6.7,0.0
2025-05-15 05:00:00,30.4,16.9,231.0,12.2,8.8,54.0,73,27.6,91,8.5,0.0
2025-05-15 06:00:00,29.5,16.3,313.0,13.5,9.6,56.0,73,28.3,88,8.1,0.0
2025-05-15 07:00:00,30.7,18.5,419.0,15.1,10.9,60.0,73,29.0,83,6.7,0.0
2025-05-15 08:00:00,37.3,19.4,479.0,15.3,12.9,70.0,73,30.4,74,8.2,0.0
2025-05-15 09:00:00,41.7,21.0,447.0,12.9,16.5,92.0,73,31.7,67,9.8,0.0
2025-05-15 10:00:00,46.7,22.8,368.0,9.1,20.7,121.0,73,32.9,62,10.5,0.0
2025-05-15 11:00:00,51.0,24.4,304.0,6.1,23.0,140.0,73,33.6,60,12.3,0.0
2025-05-15 12:00:00,53.2,24.4,278.0,4.7,21.8,143.0,72,33.7,60,14.1,0.0
2025-05-15 13:00:00,53.9,23.7,267.0,4.1,18.7,138.0,72,33.5,61,15.6,0.0
2025-05-15 14:00:00,58.2,23.7,268.0,4.2,16.1,131.0,72,33.3,62,16.2,0.0
2025-05-15 15:00:00,65.4,24.4,285.0,4.7,14.9,125.0,72,33.0,63,16.1,0.0
2025-05-15 16:00:00,68.0,24.6,314.0,5.9,14.2,118.0,72,32.6,64,14.8,0.0
2025-05-15 17:00:00,68.2,23.3,340.0,9.3,14.0,103.0,81,32.1,66,10.5,0.0
2025-05-15 18:00:00,64.3,23.8,360.0,16.4,14.1,87.0,83,31.4,67,10.4,0.0
2025-05-15 19:00:00,54.7,23.5,377.0,26.1,14.2,66.0,76,30.5,71,10.8,0.0
2025-05-15 20:00:00,45.4,24.2,382.0,32.5,14.0,50.0,71,29.9,78,10.6,0.0
2025-05-15 21:00:00,41.0,23.7,370.0,32.8,13.3,45.0,71,29.6,82,10.2,0.0
2025-05-15 22:00:00,37.3,22.3,346.0,29.8,12.3,46.0,71,29.3,84,9.9,0.0
2025-05-15 23:00:00,33.3,20.3,319.0,26.5,11.3,47.0,71,29.1,86,7.7,0.0
2025-05-16 00:00:00,31.7,19.0,290.0,23.7,10.3,48.0,71,28.8,89,7.1,0.0
2025-05-16 01:00:00,31.9,18.7,258.0,20.6,9.3,49.0,71,28.5,90,5.4,0.0
2025-05-16 02:00:00,32.7,19.2,234.0,18.0,8.5,50.0,70,28.3,91,4.5,0.0
2025-05-16 03:00:00,38.4,21.7,215.0,16.2,8.0,48.0,70,28.1,92,6.7,0.0
2025-05-16 04:00:00,38.4,21.9,203.0,14.9,7.7,46.0,70,28.0,92,7.0,0.0
2025-05-16 05:00:00,34.0,19.2,214.0,13.2,7.9,48.0,71,27.8,92,8.1,0.0
2025-05-16 06:00:00,29.8,17.8,271.0,13.3,8.9,52.0,71,28.3,92,8.7,0.0
2025-05-16 07:00:00,30.5,17.5,350.0,13.4,10.3,58.0,71,29.0,87,10.3,0.0
2025-05-16 08:00:00,31.9,17.0,394.0,12.6,11.6,67.0,71,29.9,81,10.7,0.0
2025-05-16 09:00:00,34.0,18.0,365.0,10.2,12.8,82.0,71,30.8,75,12.7,0.0
2025-05-16 10:00:00,35.5,18.3,301.0,7.0,14.0,100.0,70,31.6,71,13.8,0.0
2025-05-16 11:00:00,36.2,18.1,252.0,4.6,14.7,114.0,70,32.2,68,14.5,0.0
2025-05-16 12:00:00,36.8,18.0,237.0,3.6,14.4,120.0,70,32.5,66,14.8,0.0
2025-05-16 13:00:00,38.4,18.3,238.0,3.3,13.6,121.0,69,32.8,64,14.8,0.0
2025-05-16 14:00:00,40.9,19.0,249.0,3.7,13.2,119.0,68,32.8,64,14.9,0.0
2025-05-16 15:00:00,43.5,19.9,275.0,4.2,13.6,116.0,68,32.5,68,13.6,0.0
2025-05-16 16:00:00,45.4,20.5,310.0,5.3,14.4,112.0,68,32.2,68,13.4,0.0
2025-05-16 17:00:00,47.8,21.3,339.0,8.0,14.6,100.0,67,31.6,72,12.9,0.0
2025-05-16 18:00:00,47.8,21.4,357.0,14.0,14.9,84.0,67,30.5,76,12.5,0.0
2025-05-16 19:00:00,44.7,20.7,368.0,22.4,15.4,61.0,67,29.9,80,10.5,0.0
2025-05-16 20:00:00,39.3,21.3,363.0,28.3,15.5,44.0,67,29.7,81,11.7,0.0
2025-05-16 21:00:00,37.1,21.1,331.0,30.0,15.1,37.0,66,29.4,81,13.0,0.0
2025-05-16 22:00:00,35.4,20.7,282.0,29.4,14.4,36.0,66,29.4,81,14.8,0.0
2025-05-16 23:00:00,33.5,19.8,240.0,27.4,13.3,36.0,66,29.2,82,11.9,0.0
2025-05-17 00:00:00,30.9,18.1,213.0,23.7,11.7,38.0,66,29.0,82,10.9,0.0
2025-05-17 01:00:00,28.9,16.7,193.0,18.8,9.7,42.0,66,28.7,86,9.6,0.0
2025-05-17 02:00:00,28.8,16.4,180.0,14.7,8.2,46.0,66,28.4,87,9.3,0.0
2025-05-17 03:00:00,28.2,16.0,171.0,12.5,7.3,47.0,65,28.3,87,9.7,0.0
2025-05-17 04:00:00,28.8,15.7,169.0,11.1,6.9,48.0,65,28.2,86,10.3,0.0
2025-05-17 05:00:00,29.2,15.9,184.0,12.3,7.5,47.0,64,28.1,86,8.0,0.0
2025-05-17 06:00:00,30.4,16.0,234.0,12.4,9.7,49.0,64,28.4,85,7.2,0.0
2025-05-17 07:00:00,35.0,17.3,300.0,12.4,12.8,53.0,64,28.9,81,8.9,0.0
2025-05-17 08:00:00,41.1,18.1,337.0,11.7,15.3,60.0,64,29.7,76,10.6,0.0
2025-05-17 09:00:00,45.3,18.7,317.0,9.6,16.9,75.0,64,30.6,71,12.8,0.0
2025-05-17 10:00:00,46.4,20.4,268.0,6.8,18.0,94.0,64,31.3,67,14.6,0.0
2025-05-17 11:00:00,47.4,21.2,230.0,4.7,18.3,108.0,64,31.9,64,15.7,0.0
2025-05-17 12:00:00,46.9,21.1,217.0,3.7,17.2,112.0,65,32.3,63,15.8,0.0
2025-05-17 13:00:00,46.0,20.5,216.0,3.4,15.2,111.0,65,32.4,64,15.9,0.0
2025-05-17 14:00:00,45.1,20.1,224.0,3.6,13.8,107.0,65,32.5,62,16.2,0.0
2025-05-17 15:00:00,44.2,19.7,247.0,3.9,13.6,101.0,65,32.4,62,15.4,0.0
2025-05-17 16:00:00,43.1,19.3,280.0,4.8,14.0,92.0,65,32.0,64,13.7,0.0
2025-05-17 17:00:00,47.3,20.0,302.0,7.1,14.9,84.0,65,31.5,67,13.1,0.0
2025-05-17 18:00:00,42.7,19.2,304.0,12.5,15.1,70.0,65,30.5,73,11.1,0.0
2025-05-17 19:00:00,39.2,18.2,297.0,19.8,15.4,52.0,65,30.0,75,11.4,0.0
2025-05-17 20:00:00,35.2,19.0,288.0,24.7,15.2,38.0,64,29.7,76,11.5,0.0
2025-05-17 21:00:00,34.0,19.0,285.0,24.7,14.1,35.0,64,29.8,76,13.0,0.0
2025-05-17 22:00:00,32.7,18.1,281.0,22.2,12.5,37.0,64,29.6,77,13.0,0.0
2025-05-17 23:00:00,32.1,17.2,268.0,19.9,11.0,39.0,64,29.5,77,10.1,0.0
2025-05-18 00:00:00,32.5,16.8,234.0,18.5,9.7,39.0,64,29.4,78,9.6,0.0
2025-05-18 01:00:00,32.4,16.8,190.0,17.3,8.6,38.0,64,29.1,80,9.3,0.0
2025-05-18 02:00:00,31.7,17.1,163.0,16.4,7.9,37.0,64,28.8,81,8.2,0.0
2025-05-18 03:00:00,32.0,17.1,160.0,16.2,7.5,35.0,64,28.5,82,6.9,0.0
2025-05-18 04:00:00,32.1,16.9,174.0,16.4,7.6,32.0,64,28.3,83,5.4,0.0
2025-05-18 05:00:00,30.2,15.9,203.0,14.9,8.6,34.0,64,28.1,84,4.2,0.0
2025-05-18 06:00:00,30.2,16.2,264.0,13.6,11.6,39.0,64,28.6,81,5.1,0.0
2025-05-18 07:00:00,38.3,17.5,340.0,11.8,15.7,47.0,64,28.9,79,4.3,0.0
2025-05-18 08:00:00,41.0,17.3,382.0,9.9,19.0,58.0,64,29.9,73,6.9,0.0
2025-05-18 09:00:00,42.0,18.3,359.0,8.0,20.9,74.0,64,30.8,69,9.7,0.0
2025-05-18 10:00:00,42.6,19.8,302.0,6.1,22.0,92.0,64,31.5,65,11.5,0.0
2025-05-18 11:00:00,42.8,21.1,256.0,4.7,22.2,105.0,64,32.1,63,12.8,0.0
2025-05-18 12:00:00,40.3,20.5,237.0,3.9,21.1,111.0,64,32.4,64,12.9,0.0
2025-05-18 13:00:00,36.9,19.2,230.0,3.6,19.2,111.0,64,32.7,62,13.4,0.0
2025-05-18 14:00:00,32.9,17.2,233.0,3.7,17.4,108.0,64,32.8,62,13.7,0.0
2025-05-18 15:00:00,30.4,15.6,253.0,4.3,16.0,100.0,63,32.5,64,14.7,0.0
2025-05-18 16:00:00,29.7,15.0,282.0,5.3,14.9,87.0,63,31.9,66,15.4,0.0
2025-05-18 17:00:00,29.6,14.0,301.0,6.9,14.3,76.0,62,31.3,70,14.5,0.0
2025-05-18 18:00:00,29.3,14.1,298.0,9.4,14.2,67.0,62,30.5,70,14.2,0.0
2025-05-18 19:00:00,29.3,14.3,283.0,12.9,14.0,54.0,62,29.7,75,12.1,0.0
2025-05-18 20:00:00,29.9,14.9,268.0,16.1,13.8,43.0,61,29.4,77,11.5,0.0
2025-05-18 21:00:00,30.4,15.7,257.0,19.0,13.5,37.0,61,29.3,77,8.1,0.0
2025-05-18 22:00:00,31.1,16.4,246.0,21.7,13.1,34.0,61,29.1,77,11.0,0.0
2025-05-18 23:00:00,32.1,17.5,231.0,22.9,12.6,32.0,60,28.9,78,9.8,0.0
2025-05-19 00:00:00,32.4,17.8,206.0,21.8,11.7,32.0,60,28.7,79,8.1,0.0
2025-05-19 01:00:00,31.7,17.1,176.0,19.4,10.7,34.0,60,28.6,80,8.4,0.0
2025-05-19 02:00:00,30.9,16.2,156.0,17.0,9.9,36.0,61,28.4,81,8.8,0.0
2025-05-19 03:00:00,29.8,15.3,146.0,15.2,9.2,37.0,60,28.2,81,9.4,0.0
2025-05-19 04:00:00,28.7,14.5,145.0,13.5,8.7,37.0,60,28.1,82,9.8,0.0
2025-05-19 05:00:00,28.9,14.6,161.0,13.2,9.3,37.0,60,27.9,83,8.6,0.0
2025-05-19 06:00:00,28.8,14.8,211.0,12.1,11.2,42.0,60,28.0,84,8.1,0.0
2025-05-19 07:00:00,36.0,16.2,277.0,10.6,13.9,49.0,60,28.6,80,8.2,0.0
2025-05-19 08:00:00,37.7,16.6,314.0,9.0,15.9,57.0,60,29.8,72,10.1,0.0
2025-05-19 09:00:00,37.1,17.1,294.0,7.2,16.6,68.0,60,30.8,67,11.6,0.0
2025-05-19 10:00:00,38.2,18.0,246.0,5.2,16.7,81.0,60,31.4,65,13.6,0.0
2025-05-19 11:00:00,39.6,18.8,210.0,3.8,16.4,90.0,59,31.9,64,14.7,0.0
2025-05-19 12:00:00,40.2,19.0,202.0,3.1,15.6,94.0,59,32.4,62,15.3,0.0
2025-05-19 13:00:00,40.3,18.7,207.0,2.9,14.5,94.0,59,32.7,60,16.2,0.0
2025-05-19 14:00:00,41.1,18.7,217.0,3.2,13.6,92.0,59,32.6,61,16.7,0.0
2025-05-19 15:00:00,41.6,18.6,235.0,4.0,13.4,87.0,59,32.2,62,16.1,0.0
2025-05-19 16:00:00,42.1,18.4,259.0,5.2,13.4,80.0,59,31.9,64,15.7,0.0
2025-05-19 17:00:00,53.0,21.3,273.0,6.8,13.7,73.0,60,31.2,67,15.1,0.0
2025-05-19 18:00:00,54.2,21.7,270.0,10.3,13.8,64.0,60,30.5,70,12.5,0.0
2025-05-19 19:00:00,53.3,21.7,257.0,15.1,13.9,51.0,61,29.9,74,12.4,0.0
2025-05-19 20:00:00,49.2,22.0,242.0,18.5,13.7,42.0,62,29.5,75,13.9,0.0
2025-05-19 21:00:00,49.5,21.9,228.0,19.4,13.0,39.0,62,29.1,77,12.2,0.0
2025-05-19 22:00:00,48.5,22.1,213.0,19.0,12.1,39.0,63,29.2,76,13.0,0.0
2025-05-19 23:00:00,48.3,22.3,198.0,17.9,11.2,40.0,63,29.0,77,12.6,0.0
2025-05-20 00:00:00,48.4,22.4,182.0,16.2,10.4,41.0,64,28.8,78,11.9,0.0
2025-05-20 01:00:00,48.0,22.0,165.0,14.0,9.6,43.0,64,28.7,79,10.8,0.0
2025-05-20 02:00:00,46.8,21.5,153.0,11.9,8.9,45.0,65,28.5,80,11.1,0.0
2025-05-20 03:00:00,44.6,20.5,144.0,10.2,8.2,46.0,65,28.4,80,11.6,0.0
2025-05-20 04:00:00,42.5,19.5,139.0,8.7,7.6,48.0,66,28.3,80,11.1,0.0
2025-05-20 05:00:00,42.5,19.2,148.0,7.0,8.0,50.0,66,28.2,81,11.3,0.0
2025-05-20 06:00:00,41.6,19.0,185.0,7.2,9.1,52.0,66,28.7,80,11.4,0.0
2025-05-20 07:00:00,45.3,20.1,236.0,7.4,10.7,55.0,67,29.2,77,13.9,0.0
2025-05-20 08:00:00,50.3,20.6,266.0,7.1,12.0,60.0,67,30.2,71,14.2,0.0
2025-05-20 09:00:00,59.0,21.6,252.0,6.0,12.6,69.0,67,31.2,64,14.7,0.0
2025-05-20 10:00:00,71.9,23.6,217.0,4.5,12.9,79.0,68,32.1,61,15.4,0.0
2025-05-20 11:00:00,82.4,24.9,191.0,3.3,13.0,87.0,68,32.8,58,16.5,0.0
2025-05-20 12:00:00,88.5,25.7,185.0,2.8,12.7,91.0,69,33.1,58,17.2,0.0
2025-05-20 13:00:00,86.6,25.3,189.0,2.6,12.3,91.0,70,33.3,57,17.1,0.0
2025-05-20 14:00:00,85.9,25.0,198.0,2.9,12.1,90.0,70,33.2,58,16.8,0.0
2025-05-20 15:00:00,85.2,24.7,216.0,3.6,12.5,86.0,71,32.9,59,16.4,0.0
2025-05-20 16:00:00,86.1,24.4,240.0,4.7,13.1,80.0,71,32.6,60,16.1,0.0
2025-05-20 17:00:00,108.7,27.8,256.0,6.4,15.4,78.0,72,32.0,63,15.5,0.0
2025-05-20 18:00:00,102.2,26.5,258.0,8.3,15.5,70.0,72,30.8,70,13.1,0.0
2025-05-20 19:00:00,94.5,25.3,252.0,11.0,15.5,58.0,73,29.9,74,12.6,0.0
2025-05-20 20:00:00,86.6,24.3,244.0,13.1,15.4,49.0,73,29.4,77,11.6,0.0
2025-05-20 21:00:00,81.5,23.4,238.0,14.4,15.0,45.0,73,29.2,78,12.6,0.0
2025-05-20 22:00:00,75.2,22.9,230.0,15.2,14.3,45.0,73,29.2,78,13.0,0.0
2025-05-20 23:00:00,72.9,22.9,218.0,15.1,13.4,45.0,73,28.9,80,13.4,0.0
2025-05-21 00:00:00,72.4,22.6,197.0,13.5,11.9,47.0,74,28.8,80,12.6,0.0
2025-05-21 01:00:00,71.2,21.8,171.0,11.1,10.2,50.0,74,28.7,80,12.8,0.0
2025-05-21 02:00:00,68.7,20.9,152.0,9.1,8.9,52.0,74,28.5,82,12.4,0.0
2025-05-21 03:00:00,67.1,20.3,142.0,8.2,8.2,53.0,73,28.3,83,11.9,0.0
2025-05-21 04:00:00,66.8,20.1,140.0,7.7,7.9,53.0,73,28.4,81,12.2,0.0
2025-05-21 05:00:00,67.8,20.2,151.0,7.2,8.2,54.0,73,28.1,82,11.6,0.0
2025-05-21 06:00:00,72.6,21.1,189.0,7.7,9.9,56.0,74,28.5,83,12.7,0.0
2025-05-21 07:00:00,96.6,24.2,240.0,8.3,12.3,60.0,74,29.0,80,13.8,0.0
2025-05-21 08:00:00,133.2,28.0,271.0,8.3,14.2,66.0,74,29.8,74,14.0,0.0
2025-05-21 09:00:00,140.2,29.7,260.0,7.0,15.1,77.0,75,30.9,67,14.9,0.0
2025-05-21 10:00:00,140.2,31.2,228.0,5.0,15.4,90.0,75,32.0,61,15.0,0.0
2025-05-21 11:00:00,136.0,32.1,205.0,3.6,15.6,100.0,76,32.6,60,15.6,0.0
2025-05-21 12:00:00,131.3,32.1,201.0,3.1,15.7,105.0,77,32.9,60,16.0,0.0
2025-05-21 13:00:00,129.5,32.0,205.0,3.1,15.6,108.0,77,32.9,60,16.3,0.0
2025-05-21 14:00:00,126.2,31.7,214.0,3.5,15.5,107.0,78,32.8,61,15.9,0.0
2025-05-21 15:00:00,121.5,30.9,232.0,4.3,15.3,102.0,79,32.4,62,15.5,0.0
2025-05-21 16:00:00,116.4,29.7,255.0,5.4,14.9,93.0,79,32.0,64,14.8,0.0
2025-05-21 17:00:00,149.0,34.3,271.0,6.9,15.9,87.0,80,31.3,67,14.6,0.0
2025-05-21 18:00:00,133.2,32.4,272.0,9.2,15.9,77.0,80,30.5,73,14.1,0.0
2025-05-21 19:00:00,116.2,30.5,266.0,12.4,15.8,63.0,81,30.0,75,13.3,0.0
2025-05-21 20:00:00,104.1,29.2,258.0,15.1,15.4,52.0,81,29.8,75,13.4,0.0
2025-05-21 21:00:00,89.9,27.9,253.0,17.1,14.6,46.0,82,29.3,77,14.5,0.0
2025-05-21 22:00:00,86.8,27.6,247.0,18.5,13.6,44.0,82,29.1,78,13.6,0.0
2025-05-21 23:00:00,85.4,27.3,235.0,18.6,12.5,43.0,82,28.9,79,13.9,0.0
2025-05-22 00:00:00,84.3,26.0,210.0,16.2,11.4,45.0,83,28.8,80,14.1,0.1
2025-05-22 01:00:00,78.0,23.7,179.0,12.4,10.3,50.0,83,28.6,81,13.5,0.1
2025-05-22 02:00:00,72.9,21.7,155.0,9.4,9.4,53.0,83,28.4,82,11.6,0.0
2025-05-22 03:00:00,68.9,20.3,141.0,8.3,8.7,53.0,83,28.1,83,11.1,0.0
2025-05-22 04:00:00,66.8,19.5,135.0,8.0,8.3,53.0,83,27.9,84,10.9,0.0
2025-05-22 05:00:00,78.2,20.6,144.0,7.6,8.7,53.0,83,27.9,85,10.8,0.0
2025-05-22 06:00:00,78.9,20.9,182.0,8.0,10.4,55.0,83,28.3,85,10.4,0.0
2025-05-22 07:00:00,96.4,23.2,234.0,8.6,12.8,57.0,83,28.9,81,13.0,0.0
2025-05-22 08:00:00,113.9,25.0,267.0,8.5,14.7,63.0,83,29.9,75,13.9,0.0
2025-05-22 09:00:00,115.7,26.4,259.0,7.3,15.8,74.0,83,30.9,69,14.3,0.0
2025-05-22 10:00:00,110.4,27.0,231.0,5.4,16.4,88.0,83,31.6,66,15.7,0.0
2025-05-22 11:00:00,106.4,27.3,210.0,4.0,16.5,98.0,82,32.1,64,16.9,0.0
2025-05-22 12:00:00,101.0,26.5,205.0,3.3,15.8,101.0,82,32.5,62,17.3,0.0
2025-05-22 13:00:00,96.6,25.3,206.0,3.1,14.5,99.0,81,32.3,64,17.3,0.0
2025-05-22 14:00:00,94.1,24.4,214.0,3.3,13.6,96.0,81,32.3,62,16.9,0.0
2025-05-22 15:00:00,91.7,23.6,233.0,3.8,13.3,91.0,80,32.3,62,16.5,0.0
2025-05-22 16:00:00,84.3,22.3,258.0,4.7,13.4,84.0,79,31.9,64,16.4,0.0
2025-05-22 17:00:00,85.7,22.1,276.0,6.6,13.7,76.0,79,31.1,68,15.7,0.0
2025-05-22 18:00:00,78.7,21.3,283.0,10.8,14.0,66.0,78,30.5,71,13.3,0.0
2025-05-22 19:00:00,68.7,20.3,283.0,16.5,14.3,53.0,77,29.7,77,12.1,0.0
2025-05-22 20:00:00,57.0,20.3,277.0,20.8,14.3,43.0,76,29.2,80,12.2,0.0
2025-05-22 21:00:00,56.6,20.5,265.0,22.3,13.8,39.0,75,29.0,81,11.7,0.0
2025-05-22 22:00:00,56.2,21.0,248.0,22.4,13.1,38.0,74,28.7,83,12.4,0.0
2025-05-22 23:00:00,56.0,21.4,228.0,21.4,12.1,39.0,74,28.5,84,11.7,0.0
2025-05-23 00:00:00,56.1,21.3,202.0,19.1,10.7,41.0,73,28.4,84,14.0,0.0
2025-05-23 01:00:00,55.5,20.3,173.0,15.9,9.1,43.0,73,28.3,85,14.0,0.0
2025-05-23 02:00:00,54.9,19.1,152.0,13.0,8.0,46.0,73,28.1,85,12.5,0.0
2025-05-23 03:00:00,54.7,18.2,141.0,10.8,7.8,48.0,72,28.1,84,12.5,0.0
2025-05-23 04:00:00,54.2,17.6,137.0,9.0,8.1,50.0,72,28.0,84,12.4,0.0
2025-05-23 05:00:00,44.0,15.9,147.0,7.7,7.8,52.0,72,27.7,85,13.9,0.0
2025-05-23 06:00:00,45.9,15.9,183.0,7.7,8.7,54.0,72,28.0,87,13.7,0.0
2025-05-23 07:00:00,51.6,16.8,232.0,7.6,9.9,58.0,71,28.7,82,14.7,0.0
2025-05-23 08:00:00,66.4,19.0,261.0,7.2,11.0,64.0,71,30.0,71,16.1,0.0
2025-05-23 09:00:00,61.5,18.5,251.0,6.2,11.9,74.0,70,31.0,67,14.6,0.0
2025-05-23 10:00:00,61.7,19.4,221.0,4.9,12.7,86.0,69,32.3,62,14.2,0.0
2025-05-23 11:00:00,62.2,20.0,200.0,3.9,13.3,95.0,69,33.1,59,15.5,0.0
2025-05-23 12:00:00,61.2,20.1,197.0,3.5,13.5,100.0,68,33.6,56,17.1,0.0
2025-05-23 13:00:00,58.2,19.9,202.0,3.4,13.5,102.0,67,33.8,55,16.9,0.0
2025-05-23 14:00:00,54.7,19.6,212.0,3.8,13.4,101.0,67,33.7,55,16.7,0.0
2025-05-23 15:00:00,51.7,19.3,233.0,4.4,13.3,96.0,67,33.0,59,16.9,0.0
2025-05-23 16:00:00,49.8,18.7,259.0,5.5,13.2,88.0,66,32.1,66,16.5,0.0
2025-05-23 17:00:00,52.5,18.5,275.0,7.8,13.9,79.0,66,31.3,69,16.7,0.0
2025-05-23 18:00:00,53.4,18.2,271.0,12.1,14.0,67.0,66,30.6,72,14.2,0.0
2025-05-23 19:00:00,52.5,18.1,255.0,17.9,14.0,51.0,65,29.7,78,13.8,0.0
2025-05-23 20:00:00,50.1,18.9,239.0,21.7,13.6,40.0,65,29.3,81,14.6,0.0
2025-05-23 21:00:00,49.9,19.4,226.0,21.6,12.5,38.0,65,29.0,83,15.5,0.0
2025-05-23 22:00:00,49.2,19.1,213.0,19.5,10.9,40.0,65,28.9,83,16.6,0.0
2025-05-23 23:00:00,48.3,18.3,198.0,16.9,9.6,43.0,65,28.9,83,15.7,0.0
2025-05-24 00:00:00,48.3,17.6,179.0,14.1,8.6,46.0,64,28.9,83,14.7,0.0
2025-05-24 01:00:00,48.3,17.2,158.0,10.9,7.8,50.0,64,28.7,83,14.0,0.0
2025-05-24 02:00:00,46.7,16.7,143.0,8.4,7.3,53.0,64,28.7,83,15.0,0.0
2025-05-24 03:00:00,45.5,16.5,134.0,7.1,7.0,54.0,64,28.5,83,14.8,0.0
2025-05-24 04:00:00,44.5,16.4,130.0,6.5,7.1,55.0,63,28.7,79,14.7,0.0
2025-05-24 05:00:00,41.4,15.9,140.0,5.9,7.2,57.0,63,28.8,78,15.0,0.0
2025-05-24 06:00:00,43.3,16.6,177.0,6.6,8.3,58.0,63,28.7,81,13.7,0.0
2025-05-24 07:00:00,51.9,19.0,228.0,7.4,9.9,60.0,63,29.3,76,14.8,0.0
2025-05-24 08:00:00,55.3,19.9,259.0,7.7,11.4,65.0,64,30.1,71,16.2,0.0
2025-05-24 09:00:00,57.0,21.1,250.0,6.8,12.9,76.0,64,31.2,65,16.0,0.0
2025-05-24 10:00:00,59.4,22.8,221.0,5.3,14.5,90.0,64,32.2,61,15.5,0.0
2025-05-24 11:00:00,62.9,23.9,199.0,4.2,15.4,100.0,64,32.9,58,16.2,0.0
2025-05-24 12:00:00,63.3,24.3,195.0,3.7,15.4,104.0,65,33.2,58,16.4,0.0
2025-05-24 13:00:00,63.1,24.3,199.0,3.5,14.8,104.0,65,33.1,60,17.1,0.0
2025-05-24 14:00:00,62.4,24.0,208.0,3.7,14.1,101.0,65,32.9,60,17.9,0.0
2025-05-24 15:00:00,61.2,23.5,225.0,4.2,13.5,94.0,66,32.7,62,18.3,0.0
2025-05-24 16:00:00,59.8,22.8,248.0,5.1,12.8,84.0,66,32.3,64,17.3,0.0
2025-05-24 17:00:00,73.8,25.3,263.0,6.9,12.8,75.0,66,31.9,66,15.3,0.0
2025-05-24 18:00:00,71.5,25.4,264.0,9.9,13.2,66.0,67,31.8,69,12.5,0.0
2025-05-24 19:00:00,68.7,25.4,258.0,14.1,13.7,55.0,68,30.3,78,13.4,0.0
2025-05-24 20:00:00,64.0,25.5,250.0,17.0,13.7,46.0,68,29.9,80,14.1,0.0
2025-05-24 21:00:00,60.8,25.7,242.0,17.7,13.0,43.0,69,29.7,82,15.1,0.0
2025-05-24 22:00:00,60.5,25.7,232.0,17.1,11.9,44.0,69,29.6,82,17.2,0.0
2025-05-24 23:00:00,60.3,25.8,217.0,15.9,10.7,45.0,70,29.6,82,15.5,0.0
2025-05-25 00:00:00,59.8,25.6,193.0,13.8,9.5,47.0,71,29.5,82,14.6,0.0
2025-05-25 01:00:00,57.4,24.5,165.0,10.9,8.2,50.0,71,29.2,85,13.1,0.0
2025-05-25 02:00:00,56.3,24.0,145.0,8.7,7.3,52.0,72,28.9,87,11.7,0.0
2025-05-25 03:00:00,56.0,23.6,136.0,7.6,6.9,53.0,73,28.8,87,12.2,0.0
2025-05-25 04:00:00,56.7,23.6,135.0,7.1,6.9,53.0,73,28.9,86,12.0,0.0
2025-05-25 05:00:00,69.2,24.6,147.0,5.7,7.2,57.0,74,28.8,84,11.8,0.0
2025-05-25 06:00:00,65.4,24.7,185.0,6.4,8.3,58.0,75,29.2,87,13.2,0.0
2025-05-25 07:00:00,67.8,25.3,237.0,7.4,9.9,60.0,75,29.6,83,15.8,0.0
2025-05-25 08:00:00,71.0,26.3,269.0,7.8,11.4,65.0,76,30.6,76,16.0,0.0
2025-05-25 09:00:00,72.9,27.2,261.0,7.0,12.9,76.0,77,31.8,68,15.7,0.0
2025-05-25 10:00:00,74.0,28.1,233.0,5.5,14.4,90.0,77,33.0,62,14.6,0.0
2025-05-25 11:00:00,72.6,28.5,212.0,4.4,15.3,100.0,78,33.8,59,15.3,0.0
2025-05-25 12:00:00,70.3,28.1,207.0,3.8,15.1,103.0,78,33.9,60,16.6,0.0
2025-05-25 13:00:00,68.7,27.4,209.0,3.5,14.3,102.0,78,33.9,60,16.9,0.0
2025-05-25 14:00:00,66.4,26.7,216.0,3.6,13.5,98.0,79,33.8,60,17.4,0.0
2025-05-25 15:00:00,65.4,26.0,230.0,4.3,13.1,91.0,79,33.3,62,17.7,0.0
2025-05-25 16:00:00,64.0,25.5,249.0,5.5,12.7,81.0,79,32.8,65,17.5,0.0
2025-05-25 17:00:00,85.9,32.6,261.0,7.4,13.6,75.0,79,32.2,68,17.1,0.0
2025-05-25 18:00:00,83.1,32.1,260.0,9.9,13.4,66.0,80,31.3,72,16.7,0.0
2025-05-25 19:00:00,79.2,32.1,252.0,13.4,13.2,55.0,81,30.3,78,13.8,0.0
2025-05-25 20:00:00,74.5,32.0,243.0,15.9,13.0,46.0,81,30.1,79,11.2,0.0
2025-05-25 21:00:00,71.9,32.0,234.0,16.6,12.9,43.0,82,29.8,81,11.9,0.0
2025-05-25 22:00:00,69.2,31.9,224.0,16.4,12.8,44.0,82,29.6,84,13.5,0.0
2025-05-25 23:00:00,67.8,31.7,211.0,15.5,12.4,45.0,83,29.4,85,12.4,0.0
2025-05-26 00:00:00,63.1,30.6,190.0,13.7,11.3,47.0,83,29.2,86,12.1,0.0
2025-05-26 01:00:00,59.5,29.1,166.0,11.3,10.0,50.0,84,29.1,86,13.7,0.0
2025-05-26 02:00:00,56.3,27.7,149.0,9.2,8.8,52.0,84,29.0,87,14.2,0.0
2025-05-26 03:00:00,53.4,26.4,137.0,7.5,7.9,54.0,85,29.0,86,13.6,0.0
2025-05-26 04:00:00,50.1,25.0,132.0,6.1,7.2,55.0,85,28.9,86,12.8,0.0
2025-05-26 05:00:00,49.6,24.4,145.0,6.2,7.6,57.0,85,28.8,87,12.4,0.0
2025-05-26 06:00:00,49.6,24.1,196.0,7.1,8.9,57.0,85,29.1,84,12.7,0.0
2025-05-26 07:00:00,59.0,25.7,264.0,8.3,10.7,58.0,85,29.4,81,13.0,0.0
2025-05-26 08:00:00,63.6,26.5,305.0,8.7,12.4,63.0,85,30.6,74,13.4,0.0
2025-05-26 09:00:00,64.7,27.1,289.0,7.7,14.0,75.0,85,32.0,67,13.8,0.0
2025-05-26 10:00:00,67.3,28.2,244.0,6.0,15.5,91.0,85,33.3,62,13.7,0.0
2025-05-26 11:00:00,69.6,29.2,211.0,4.6,16.4,103.0,85,34.5,58,14.3,0.0
2025-05-26 12:00:00,70.1,29.2,205.0,3.9,16.3,107.0,85,35.3,56,14.9,0.0
2025-05-26 13:00:00,67.1,28.2,212.0,3.5,15.5,106.0,85,35.5,54,16.4,0.0
2025-05-26 14:00:00,63.6,26.8,223.0,3.7,14.8,102.0,85,35.3,54,16.9,0.0
2025-05-26 15:00:00,60.5,25.4,242.0,4.5,14.2,94.0,85,34.5,57,17.2,0.0
2025-05-26 16:00:00,58.2,24.3,265.0,5.8,13.6,84.0,85,33.7,60,17.1,0.0
2025-05-26 17:00:00,87.8,37.8,281.0,9.9,16.1,83.0,85,32.9,63,16.6,0.0
2025-05-26 18:00:00,82.0,34.9,283.0,13.8,14.8,69.0,85,31.9,68,14.6,0.0
2025-05-26 19:00:00,73.3,32.9,277.0,19.1,13.1,51.0,86,30.5,79,14.5,0.0
2025-05-26 20:00:00,65.0,31.3,265.0,22.4,11.6,38.0,86,29.6,85,11.7,0.0
2025-05-26 21:00:00,59.1,30.0,244.0,21.9,10.8,36.0,86,29.4,87,14.4,0.0
2025-05-26 22:00:00,53.0,28.9,218.0,19.3,10.4,40.0,85,29.4,86,13.4,0.0
2025-05-26 23:00:00,50.2,27.8,194.0,16.5,9.9,44.0,85,29.5,83,14.5,0.0
2025-05-27 00:00:00,47.1,26.0,176.0,13.6,9.1,47.0,85,29.5,82,15.4,0.0
2025-05-27 01:00:00,44.7,24.0,160.0,10.4,8.3,50.0,84,29.4,81,14.5,0.0
2025-05-27 02:00:00,42.0,22.1,148.0,7.9,7.7,52.0,84,29.0,85,13.9,0.0
2025-05-27 03:00:00,38.9,20.2,136.0,6.5,7.2,53.0,84,28.8,85,14.8,0.0
2025-05-27 04:00:00,37.0,18.9,127.0,5.8,7.0,53.0,83,28.8,86,16.2,0.0
2025-05-27 05:00:00,30.2,17.5,136.0,6.0,7.3,52.0,82,28.6,86,15.9,0.0
2025-05-27 06:00:00,32.5,17.3,179.0,6.8,8.2,53.0,82,28.9,84,15.4,0.0
2025-05-27 07:00:00,37.5,18.6,239.0,7.8,9.5,55.0,81,29.3,81,16.4,0.0
2025-05-27 08:00:00,43.1,20.0,276.0,8.2,10.7,60.0,81,30.4,74,16.6,0.0
2025-05-27 09:00:00,46.8,21.1,266.0,7.2,11.7,72.0,80,31.6,69,15.7,0.0
2025-05-27 10:00:00,49.5,22.1,233.0,5.5,12.5,86.0,79,32.7,63,15.1,0.0
2025-05-27 11:00:00,53.6,23.1,208.0,4.2,13.1,97.0,79,33.4,60,16.1,0.0
2025-05-27 12:00:00,57.2,23.6,204.0,3.6,13.3,101.0,78,33.9,58,16.2,0.0
2025-05-27 13:00:00,57.0,23.6,209.0,3.5,13.1,101.0,78,34.0,58,16.5,0.0
2025-05-27 14:00:00,55.2,23.3,218.0,3.8,12.9,98.0,78,33.7,60,17.8,0.0
2025-05-27 15:00:00,53.8,23.0,232.0,4.7,12.6,92.0,77,32.9,66,19.1,0.0
2025-05-27 16:00:00,51.6,22.8,251.0,6.2,12.2,83.0,77,32.2,68,19.1,0.0
2025-05-27 17:00:00,63.3,27.4,262.0,7.0,11.9,73.0,77,31.8,71,18.6,0.0
2025-05-27 18:00:00,59.6,27.2,262.0,9.4,11.9,66.0,76,31.3,75,16.1,0.0
2025-05-27 19:00:00,54.7,27.0,254.0,12.6,11.9,57.0,75,30.5,78,16.1,0.0
2025-05-27 20:00:00,50.4,26.4,245.0,14.9,11.8,50.0,75,30.0,80,16.0,0.0
2025-05-27 21:00:00,44.9,24.9,233.0,15.2,11.4,48.0,74,29.8,80,15.5,0.0
2025-05-27 22:00:00,43.7,24.3,220.0,14.5,10.7,49.0,74,29.6,80,15.3,0.0
2025-05-27 23:00:00,44.1,24.3,210.0,13.7,10.2,49.0,73,29.4,81,11.9,0.0
2025-05-28 00:00:00,44.5,24.1,209.0,13.3,9.8,48.0,73,29.4,82,11.2,0.0
2025-05-28 01:00:00,46.3,24.8,211.0,12.9,9.5,47.0,73,29.0,86,9.2,0.0
2025-05-28 02:00:00,44.0,23.7,209.0,12.1,9.2,47.0,73,28.6,89,10.5,0.0
2025-05-28 03:00:00,41.0,21.7,192.0,10.5,8.6,49.0,73,28.6,88,12.8,0.0
2025-05-28 04:00:00,40.0,20.1,170.0,8.7,7.9,52.0,73,28.5,88,13.1,0.0
2025-05-28 05:00:00,44.8,20.4,165.0,7.6,7.7,56.0,73,28.5,88,12.9,0.0
2025-05-28 06:00:00,45.1,20.3,198.0,7.9,9.1,58.0,74,28.8,92,12.5,0.0
2025-05-28 07:00:00,49.8,21.4,248.0,8.3,11.1,61.0,74,29.4,87,16.3,0.0
2025-05-28 08:00:00,81.7,29.5,278.0,8.2,12.9,67.0,74,30.4,80,17.3,0.0
2025-05-28 09:00:00,66.8,25.0,265.0,7.1,14.4,79.0,75,31.6,72,17.7,0.0
2025-05-28 10:00:00,69.8,26.4,231.0,5.4,15.6,95.0,75,32.8,66,16.6,0.0
2025-05-28 11:00:00,74.5,28.1,209.0,4.2,16.5,107.0,76,33.9,62,15.0,0.0
2025-05-28 12:00:00,78.5,29.3,210.0,3.7,16.7,114.0,76,34.5,61,14.1,0.0
2025-05-28 13:00:00,85.2,30.6,221.0,3.6,16.5,119.0,77,34.5,62,15.6,0.0
2025-05-28 14:00:00,92.2,31.9,239.0,4.2,16.2,119.0,77,34.1,65,16.0,0.0
2025-05-28 15:00:00,100.1,33.1,263.0,5.3,16.2,115.0,78,33.7,66,15.3,0.0
2025-05-28 16:00:00,109.2,33.9,292.0,7.2,16.1,107.0,79,33.0,68,14.6,0.0
2025-05-28 17:00:00,96.6,32.2,323.0,9.9,16.1,98.0,80,32.3,73,13.1,0.0
2025-05-28 18:00:00,95.0,31.2,355.0,13.9,14.9,87.0,80,30.8,79,12.9,0.0
2025-05-28 19:00:00,83.6,29.5,388.0,19.4,13.3,71.0,81,30.1,84,10.0,0.0
2025-05-28 20:00:00,66.6,27.5,414.0,23.5,12.3,59.0,81,29.7,86,12.5,0.0
2025-05-28 21:00:00,57.4,26.5,432.0,25.2,12.5,54.0,81,29.6,87,11.2,0.0
2025-05-28 22:00:00,55.3,26.1,443.0,25.5,13.3,52.0,81,29.5,86,8.1,0.0
2025-05-28 23:00:00,49.1,25.4,437.0,24.3,13.5,51.0,81,29.2,87,5.9,0.0
2025-05-29 00:00:00,43.0,24.2,406.0,20.7,12.6,52.0,81,28.9,90,8.1,0.0
2025-05-29 01:00:00,37.4,21.7,360.0,15.6,11.2,54.0,81,28.7,91,7.8,0.0
2025-05-29 02:00:00,32.7,19.2,313.0,11.4,9.9,55.0,81,28.5,92,9.0,0.0
2025-05-29 03:00:00,31.2,17.8,251.0,8.9,8.9,55.0,81,28.3,92,10.2,0.0
2025-05-29 04:00:00,33.5,17.5,189.0,7.3,8.0,54.0,80,28.3,91,11.6,0.0
2025-05-29 05:00:00,35.2,17.2,192.0,7.3,7.3,56.0,80,28.2,92,10.0,0.0
2025-05-29 06:00:00,40.2,18.3,329.0,10.0,8.2,54.0,80,29.0,92,6.3,0.0
2025-05-29 07:00:00,48.9,21.0,531.0,13.7,9.7,52.0,80,29.5,88,4.1,0.0
2025-05-29 08:00:00,73.1,25.4,661.0,15.8,12.1,61.0,80,30.7,81,0.9,0.0
2025-05-29 09:00:00,115.9,32.7,647.0,14.8,16.8,90.0,79,32.7,69,1.2,0.0
2025-05-29 10:00:00,188.6,44.4,560.0,12.2,22.6,130.0,80,34.9,59,4.5,0.0
2025-05-29 11:00:00,279.4,55.9,474.0,9.8,25.9,159.0,82,35.4,61,12.4,0.0
2025-05-29 12:00:00,247.7,49.8,404.0,7.6,25.0,168.0,84,35.5,62,12.8,0.0
2025-05-29 13:00:00,192.3,40.4,335.0,5.5,21.7,165.0,86,36.0,55,14.5,0.0
2025-05-29 14:00:00,195.1,41.2,300.0,5.0,18.3,158.0,87,36.6,48,15.1,0.0
2025-05-29 15:00:00,224.4,48.0,326.0,7.3,15.4,146.0,88,36.8,43,15.8,0.0
2025-05-29 16:00:00,219.3,50.6,385.0,11.2,12.5,129.0,96,36.1,44,15.9,0.0
2025-05-29 17:00:00,196.0,50.2,426.0,14.9,12.3,117.0,110,35.5,44,15.2,0.0
2025-05-29 18:00:00,178.3,47.5,430.0,17.5,10.8,104.0,116,34.1,50,11.1,0.0
2025-05-29 19:00:00,153.2,42.1,416.0,21.0,8.6,87.0,110,33.5,48,10.6,0.0
2025-05-29 20:00:00,151.3,38.5,393.0,22.5,7.1,76.0,95,32.6,50,14.4,0.0
2025-05-29 21:00:00,126.2,33.8,359.0,20.2,6.9,77.0,96,32.2,51,15.1,0.0
2025-05-29 22:00:00,106.9,30.0,316.0,15.8,7.2,83.0,96,32.8,45,16.9,0.0
2025-05-29 23:00:00,93.1,27.6,273.0,11.9,7.3,90.0,97,32.1,52,21.6,0.0
2025-05-30 00:00:00,87.1,26.3,229.0,9.1,6.7,95.0,97,31.5,59,20.3,0.0
2025-05-30 01:00:00,81.7,25.3,184.0,6.6,5.8,99.0,97,31.2,59,15.7,0.0
2025-05-30 02:00:00,80.1,25.1,155.0,4.9,5.2,102.0,97,30.5,65,19.7,0.0
2025-05-30 03:00:00,83.8,25.6,145.0,3.8,5.0,103.0,98,30.4,63,17.9,0.0
2025-05-30 04:00:00,92.4,26.4,149.0,3.5,5.1,103.0,98,30.4,60,17.0,0.0
2025-05-30 05:00:00,87.3,24.9,172.0,4.0,5.4,95.0,99,30.2,61,15.9,0.0
2025-05-30 06:00:00,97.8,26.5,231.0,7.3,6.0,91.0,100,30.0,73,18.5,0.0
2025-05-30 07:00:00,111.8,29.6,307.0,11.8,6.8,86.0,101,30.4,74,14.6,0.0
2025-05-30 08:00:00,117.8,32.6,350.0,14.2,7.7,87.0,102,31.1,75,13.7,0.0
2025-05-30 09:00:00,192.8,43.2,327.0,12.4,8.7,98.0,102,33.1,61,15.4,0.0
2025-05-30 10:00:00,279.4,56.5,270.0,8.4,9.7,115.0,103,35.5,43,17.5,0.0
2025-05-30 11:00:00,298.0,61.0,227.0,5.4,10.5,128.0,105,37.2,32,18.2,0.0
2025-05-30 12:00:00,285.0,60.5,214.0,4.4,10.8,133.0,105,38.3,25,20.9,0.0
2025-05-30 13:00:00,275.7,60.3,215.0,4.3,10.9,133.0,106,37.9,31,22.5,0.0
2025-05-30 14:00:00,271.9,61.7,225.0,4.9,10.6,130.0,108,36.6,44,24.7,0.0
2025-05-30 15:00:00,258.0,60.8,248.0,6.2,9.8,121.0,111,36.1,44,23.5,0.0
2025-05-30 16:00:00,228.2,56.0,281.0,8.2,8.7,108.0,112,35.1,51,21.2,0.0
2025-05-30 17:00:00,170.4,44.5,309.0,10.3,8.0,95.0,112,33.8,56,18.4,0.0
2025-05-30 18:00:00,120.6,34.8,329.0,13.6,7.9,85.0,112,32.5,60,19.2,0.0
2025-05-30 19:00:00,84.8,29.6,343.0,18.0,7.7,71.0,111,30.8,68,15.0,0.0
2025-05-30 20:00:00,71.7,28.5,345.0,19.9,7.4,62.0,109,30.3,74,15.6,0.0
2025-05-30 21:00:00,75.4,27.4,331.0,17.1,7.1,64.0,108,30.1,77,14.2,0.0
2025-05-30 22:00:00,67.5,25.4,306.0,12.0,6.8,71.0,108,29.8,78,15.8,0.0
2025-05-30 23:00:00,59.6,23.8,274.0,7.7,6.4,76.0,107,29.8,78,17.6,0.0
2025-05-31 00:00:00,52.5,22.3,231.0,5.7,6.0,77.0,107,29.5,82,18.7,0.0
2025-05-31 01:00:00,47.3,21.0,181.0,4.6,5.6,76.0,106,29.1,87,15.8,0.0
2025-05-31 02:00:00,42.6,20.1,147.0,3.9,5.3,75.0,106,28.9,89,17.0,0.0
2025-05-31 03:00:00,37.3,18.9,135.0,3.4,5.1,74.0,105,28.8,90,20.0,0.0
2025-05-31 04:00:00,37.5,18.7,139.0,3.3,5.1,72.0,105,28.7,91,18.5,0.0
2025-05-31 05:00:00,45.2,19.2,156.0,3.8,5.3,70.0,104,28.6,91,18.5,0.0
2025-05-31 06:00:00,43.2,19.5,199.0,5.7,6.1,69.0,103,28.8,90,17.2,0.0
2025-05-31 07:00:00,48.5,21.2,255.0,8.2,7.3,68.0,102,29.3,87,19.5,0.0
2025-05-31 08:00:00,60.8,23.7,289.0,9.5,8.5,72.0,102,30.2,82,17.9,0.0
2025-05-31 09:00:00,105.5,29.8,277.0,8.6,9.8,87.0,101,31.3,75,17.4,0.0
2025-05-31 10:00:00,179.7,40.3,242.0,6.5,11.1,107.0,99,32.9,64,17.8,0.0
2025-05-31 11:00:00,292.4,56.3,216.0,4.9,12.1,122.0,98,34.5,52,19.4,0.0
2025-05-31 12:00:00,378.1,69.2,210.0,4.3,12.6,130.0,98,35.5,45,21.1,0.0
2025-05-31 13:00:00,385.6,73.1,212.0,4.3,12.7,133.0,98,35.9,41,21.2,0.0
2025-05-31 14:00:00,355.8,72.6,223.0,4.7,12.4,132.0,99,36.3,37,20.9,0.0
2025-05-31 15:00:00,306.4,68.5,248.0,5.8,11.5,124.0,100,35.9,38,18.4,0.0
2025-05-31 16:00:00,243.1,59.5,281.0,7.5,10.2,112.0,101,34.4,54,17.7,0.0
2025-05-31 17:00:00,170.4,41.3,302.0,8.3,9.5,91.0,102,33.5,58,17.7,0.0
2025-05-31 18:00:00,127.1,32.8,298.0,9.9,8.8,83.0,101,32.2,69,17.7,0.0
2025-05-31 19:00:00,91.7,26.8,281.0,12.1,7.8,72.0,101,30.4,80,17.1,0.0
2025-05-31 20:00:00,67.1,22.9,269.0,13.2,7.0,64.0,101,29.7,85,18.2,0.0
2025-05-31 21:00:00,59.6,21.5,274.0,12.3,6.8,63.0,100,29.5,86,18.2,0.0
2025-05-31 22:00:00,55.4,20.8,283.0,10.4,6.8,66.0,100,29.4,86,16.0,0.0
2025-05-31 23:00:00,52.4,20.1,278.0,8.6,6.7,68.0,99,29.2,86,14.5,0.0
2025-06-01 00:00:00,49.6,19.4,242.0,7.2,6.3,69.0,99,29.4,81,14.8,0.0
2025-06-01 01:00:00,47.0,18.7,192.0,5.8,5.8,69.0,99,29.4,80,15.8,0.0
2025-06-01 02:00:00,44.1,17.9,158.0,4.9,5.5,70.0,98,29.3,79,15.8,0.0
2025-06-01 03:00:00,40.5,17.2,147.0,4.1,5.3,71.0,98,29.2,79,15.3,0.0
2025-06-01 04:00:00,37.4,16.6,152.0,3.7,5.3,71.0,98,29.3,78,16.2,0.0
2025-06-01 05:00:00,33.2,16.0,177.0,3.9,5.5,67.0,98,29.1,79,14.4,0.0
2025-06-01 06:00:00,32.4,16.0,244.0,5.9,6.3,66.0,98,28.7,89,13.4,0.0
2025-06-01 07:00:00,36.8,17.6,332.0,8.6,7.5,66.0,97,29.1,88,13.4,0.0
2025-06-01 08:00:00,68.0,22.7,383.0,10.1,9.0,71.0,97,30.4,79,15.6,0.0
2025-06-01 09:00:00,129.5,31.9,361.0,9.3,11.3,88.0,97,32.2,64,16.7,0.0
2025-06-01 10:00:00,209.5,44.2,303.0,7.4,13.8,111.0,97,33.7,55,15.3,0.0
2025-06-01 11:00:00,286.8,56.2,256.0,5.8,15.4,127.0,97,35.6,42,15.3,0.0
2025-06-01 12:00:00,322.2,63.3,238.0,4.9,15.2,132.0,97,36.5,36,16.6,0.0
2025-06-01 13:00:00,331.6,68.7,231.0,4.3,14.1,131.0,97,37.2,29,17.5,0.0
2025-06-01 14:00:00,334.3,73.3,236.0,4.4,12.8,126.0,97,37.7,24,18.6,0.0
2025-06-01 15:00:00,314.8,73.6,255.0,5.4,11.5,117.0,97,36.4,34,18.9,0.0
2025-06-01 16:00:00,267.3,66.4,286.0,7.1,10.0,105.0,97,34.7,53,19.8,0.0
2025-06-01 17:00:00,208.6,52.4,320.0,10.5,9.3,89.0,98,33.9,49,18.9,0.0
2025-06-01 18:00:00,154.6,40.2,361.0,14.8,9.2,78.0,99,32.9,58,15.3,0.0
2025-06-01 19:00:00,118.5,32.5,405.0,20.6,9.0,63.0,99,31.6,66,14.0,0.0
2025-06-01 20:00:00,101.5,29.7,431.0,23.9,8.9,52.0,100,30.8,74,12.2,0.0
2025-06-01 21:00:00,93.6,28.1,433.0,22.7,9.0,49.0,101,30.4,75,7.0,0.0
2025-06-01 22:00:00,79.9,25.9,418.0,19.2,9.2,51.0,101,29.9,79,11.8,0.0
2025-06-01 23:00:00,65.7,23.5,384.0,15.5,9.1,53.0,102,29.5,84,13.6,0.0
2025-06-02 00:00:00,56.5,21.5,316.0,12.2,8.3,55.0,102,29.3,85,15.9,0.0
2025-06-02 01:00:00,50.5,19.9,229.0,8.7,7.2,59.0,102,28.9,88,15.9,0.0
2025-06-02 02:00:00,50.9,19.4,167.0,6.2,6.4,62.0,102,28.9,86,15.1,0.0
2025-06-02 03:00:00,56.8,20.2,144.0,4.9,6.0,65.0,103,29.0,83,15.8,0.0
2025-06-02 04:00:00,65.9,21.8,146.0,4.5,5.8,67.0,103,28.9,84,14.7,0.0
2025-06-02 05:00:00,79.2,22.7,169.0,4.9,5.9,66.0,103,28.6,86,13.8,0.0
2025-06-02 06:00:00,84.1,25.0,230.0,6.9,6.9,66.0,104,29.3,82,12.7,0.0
2025-06-02 07:00:00,107.8,29.5,312.0,9.5,8.4,66.0,105,29.8,78,11.0,0.0
2025-06-02 08:00:00,173.7,38.8,359.0,10.9,10.1,72.0,106,30.8,73,12.7,0.0
2025-06-02 09:00:00,268.2,52.0,335.0,9.7,12.4,88.0,108,32.0,66,13.4,0.0
2025-06-02 10:00:00,331.6,63.1,276.0,7.3,14.9,109.0,110,32.8,62,15.3,0.0
2025-06-02 11:00:00,366.9,70.3,233.0,5.3,16.5,124.0,112,33.3,60,16.5,0.0
2025-06-02 12:00:00,372.5,73.1,225.0,4.4,16.3,129.0,114,33.8,57,16.8,0.0
2025-06-02 13:00:00,362.3,72.9,232.0,4.0,15.2,128.0,115,33.6,59,18.0,0.0
2025-06-02 14:00:00,360.4,72.9,245.0,4.1,14.0,124.0,115,33.3,61,18.4,0.0
2025-06-02 15:00:00,341.8,71.0,266.0,4.8,12.9,117.0,115,32.9,63,18.5,0.0
2025-06-02 16:00:00,314.8,67.1,293.0,6.1,11.8,107.0,115,32.4,67,17.6,0.0
2025-06-02 17:00:00,289.6,61.2,309.0,8.2,11.1,92.0,115,31.6,72,17.2,0.0
2025-06-02 18:00:00,228.6,52.4,306.0,11.9,10.6,82.0,116,30.8,77,16.0,0.0
2025-06-02 19:00:00,157.9,41.7,291.0,16.8,10.0,68.0,117,29.7,84,15.5,0.0
2025-06-02 20:00:00,120.1,35.3,275.0,19.6,9.3,59.0,118,29.5,85,15.1,0.0
2025-06-02 21:00:00,103.6,31.9,260.0,18.3,8.7,58.0,118,29.3,84,15.1,0.0
2025-06-02 22:00:00,92.0,29.4,243.0,14.8,8.2,62.0,119,29.1,83,16.2,0.0
2025-06-02 23:00:00,80.1,27.1,225.0,11.5,7.7,65.0,119,29.1,80,16.0,0.0
2025-06-03 00:00:00,73.1,25.6,202.0,9.1,7.2,66.0,120,29.0,80,16.6,0.0
2025-06-03 01:00:00,69.8,24.8,177.0,7.0,6.8,66.0,120,28.7,82,17.5,0.0
2025-06-03 02:00:00,70.5,24.4,159.0,5.5,6.5,66.0,121,28.4,85,15.0,0.0
2025-06-03 03:00:00,75.7,24.6,148.0,4.8,6.3,66.0,121,28.1,87,14.9,0.0
2025-06-03 04:00:00,77.8,24.5,143.0,4.6,6.2,66.0,122,28.1,87,15.3,0.0
2025-06-03 05:00:00,77.8,24.6,156.0,4.6,6.1,68.0,122,28.0,88,14.8,0.0
2025-06-03 06:00:00,72.2,23.7,203.0,5.7,6.7,69.0,122,28.3,89,13.8,0.0
2025-06-03 07:00:00,74.5,24.5,266.0,7.1,7.6,72.0,122,28.8,86,14.9,0.0
2025-06-03 08:00:00,92.0,26.7,304.0,7.7,8.4,76.0,121,29.6,80,15.8,0.0
2025-06-03 09:00:00,102.2,28.0,290.0,6.6,9.1,84.0,120,30.5,74,16.2,0.0
2025-06-03 10:00:00,105.9,28.4,251.0,4.7,9.7,95.0,118,31.3,68,16.7,0.0
2025-06-03 11:00:00,104.8,28.3,222.0,3.2,10.2,103.0,114,31.7,67,17.3,0.0
2025-06-03 12:00:00,101.7,28.1,215.0,2.7,10.5,107.0,110,32.0,67,18.4,0.0
2025-06-03 13:00:00,101.7,28.5,218.0,2.7,10.6,109.0,105,32.2,67,18.0,0.0
2025-06-03 14:00:00,103.6,29.4,229.0,3.1,10.8,110.0,100,32.2,67,17.7,0.0
2025-06-03 15:00:00,103.1,29.9,253.0,3.8,11.3,110.0,96,32.0,68,17.3,0.0
2025-06-03 16:00:00,100.8,30.2,286.0,4.9,11.8,108.0,93,31.7,70,16.3,0.0
2025-06-03 17:00:00,137.4,39.1,311.0,6.9,12.4,100.0,89,31.2,72,15.1,0.0
2025-06-03 18:00:00,119.7,38.1,322.0,11.4,12.1,90.0,88,30.4,77,14.9,0.0
2025-06-03 19:00:00,98.3,36.8,325.0,17.4,11.7,76.0,86,29.6,82,15.5,0.0
2025-06-03 20:00:00,83.8,36.6,322.0,21.1,11.2,67.0,86,29.0,87,15.0,0.0
2025-06-03 21:00:00,78.2,36.3,315.0,20.3,10.5,67.0,86,28.9,88,15.9,0.0
2025-06-03 22:00:00,70.5,35.4,302.0,17.1,9.8,72.0,86,28.8,89,15.3,0.0
2025-06-03 23:00:00,65.4,34.2,282.0,14.1,9.1,75.0,87,28.6,90,14.2,0.0
2025-06-04 00:00:00,64.5,32.8,249.0,11.8,8.6,75.0,87,28.5,90,11.5,0.0
2025-06-04 01:00:00,69.6,32.1,209.0,9.7,8.2,73.0,88,28.2,92,10.6,0.0
2025-06-04 02:00:00,75.0,31.7,178.0,8.2,8.0,71.0,89,28.0,91,10.7,0.0
2025-06-04 03:00:00,77.3,31.1,161.0,7.6,8.1,69.0,89,28.0,90,11.7,0.0
2025-06-04 04:00:00,77.1,30.2,154.0,7.6,8.5,66.0,90,28.0,89,12.9,0.0
2025-06-04 05:00:00,80.1,28.6,161.0,6.8,7.8,68.0,90,28.0,89,13.7,0.0
2025-06-04 06:00:00,79.2,28.6,197.0,7.5,9.1,71.0,91,28.6,81,12.2,0.0
2025-06-04 07:00:00,93.4,30.7,248.0,8.5,10.9,75.0,91,29.1,77,14.6,0.0
2025-06-04 08:00:00,103.6,31.4,277.0,8.7,12.4,81.0,92,29.8,72,15.8,0.0
2025-06-04 09:00:00,110.6,32.4,263.0,7.4,13.5,91.0,92,30.7,68,15.1,0.0
2025-06-04 10:00:00,108.3,32.7,228.0,5.3,14.3,102.0,93,31.6,62,16.4,0.0
2025-06-04 11:00:00,106.6,32.7,202.0,3.7,14.6,110.0,93,31.8,62,18.1,0.0
2025-06-04 12:00:00,101.7,31.8,197.0,3.0,13.9,112.0,93,32.0,62,18.5,0.0
2025-06-04 13:00:00,98.7,30.5,200.0,2.8,12.7,109.0,94,32.4,59,18.7,0.0
2025-06-04 14:00:00,95.5,28.9,208.0,3.0,11.7,105.0,94,32.5,59,18.9,0.0
2025-06-04 15:00:00,88.0,26.8,223.0,3.4,11.4,98.0,94,32.6,59,18.6,0.0
2025-06-04 16:00:00,81.3,24.9,241.0,4.1,11.3,90.0,94,32.2,61,18.8,0.0
2025-06-04 17:00:00,99.4,28.8,252.0,6.0,12.2,83.0,93,31.7,63,18.4,0.0
2025-06-04 18:00:00,91.0,27.4,246.0,9.6,12.2,72.0,92,30.9,68,15.5,0.0
2025-06-04 19:00:00,78.5,25.7,232.0,14.6,12.2,56.0,91,30.4,70,15.8,0.0
2025-06-04 20:00:00,64.0,25.3,222.0,17.9,12.1,45.0,90,30.0,74,14.9,0.0
2025-06-04 21:00:00,60.8,25.6,223.0,18.3,11.8,41.0,89,29.6,77,15.8,0.0
2025-06-04 22:00:00,58.8,25.5,228.0,17.1,11.3,42.0,88,29.3,78,15.2,0.0
2025-06-04 23:00:00,57.9,24.6,224.0,15.4,10.8,43.0,87,29.1,80,14.4,0.1
2025-06-05 00:00:00,58.9,23.9,202.0,13.2,10.1,45.0,87,29.0,81,11.9,0.0
2025-06-05 01:00:00,58.6,22.8,173.0,10.4,9.3,47.0,86,28.6,83,11.2,0.0
2025-06-05 02:00:00,60.8,22.1,151.0,8.5,8.8,49.0,85,28.5,82,10.6,0.0
2025-06-05 03:00:00,60.8,21.4,142.0,8.0,8.5,48.0,84,28.5,81,11.0,0.0
2025-06-05 04:00:00,60.3,21.0,141.0,8.4,8.4,47.0,83,28.4,80,11.1,0.0
2025-06-05 05:00:00,55.6,19.5,152.0,6.3,7.7,52.0,82,28.3,80,10.7,0.0
2025-06-05 06:00:00,63.1,21.0,188.0,6.7,9.1,55.0,82,28.6,78,10.8,0.0
2025-06-05 07:00:00,76.6,23.6,236.0,7.2,10.9,59.0,81,29.0,73,12.1,0.0
2025-06-05 08:00:00,80.6,23.5,264.0,7.2,12.3,65.0,80,29.8,68,12.6,0.0
2025-06-05 09:00:00,84.8,24.3,251.0,6.1,12.7,75.0,80,30.6,64,13.7,0.0
2025-06-05 10:00:00,85.2,24.9,218.0,4.5,12.6,87.0,79,31.3,60,14.8,0.0
2025-06-05 11:00:00,85.2,25.4,194.0,3.3,12.5,96.0,78,31.6,59,14.8,0.0
2025-06-05 12:00:00,83.8,25.8,191.0,2.8,12.6,101.0,78,32.4,57,14.9,0.0
2025-06-05 13:00:00,82.0,25.8,198.0,2.8,12.6,103.0,77,32.6,56,14.9,0.0
2025-06-05 14:00:00,79.9,25.6,208.0,3.1,12.9,102.0,77,32.7,56,15.4,0.0
2025-06-05 15:00:00,77.3,25.0,225.0,3.6,13.6,99.0,76,32.6,56,15.3,0.0
2025-06-05 16:00:00,73.3,24.2,246.0,4.4,14.5,92.0,76,32.2,59,14.7,0.0
2025-06-05 17:00:00,94.8,29.4,258.0,6.5,15.3,88.0,76,31.7,61,13.7,0.0
2025-06-05 18:00:00,87.5,27.9,253.0,9.8,14.9,76.0,76,31.2,66,12.5,0.0
2025-06-05 19:00:00,78.7,26.2,240.0,14.4,14.2,60.0,76,30.5,70,12.4,0.0
2025-06-05 20:00:00,66.8,25.5,230.0,18.0,13.6,47.0,76,30.1,71,11.9,0.0
2025-06-05 21:00:00,66.4,25.7,234.0,19.9,13.0,41.0,76,29.9,73,11.5,0.0
2025-06-05 22:00:00,64.5,25.8,243.0,20.7,12.5,39.0,76,29.5,77,10.8,0.0
2025-06-05 23:00:00,64.0,25.7,238.0,20.0,11.9,39.0,76,29.3,80,11.9,0.0
2025-06-06 00:00:00,64.0,25.1,206.0,16.8,11.4,43.0,76,29.1,80,11.5,0.0
2025-06-06 01:00:00,64.0,23.9,162.0,12.1,10.8,49.0,77,28.8,81,10.3,0.0
2025-06-06 02:00:00,64.0,23.3,130.0,8.6,10.4,53.0,77,28.7,80,9.9,0.0
2025-06-06 03:00:00,64.0,23.3,121.0,7.4,10.0,54.0,77,28.6,79,11.0,0.0
2025-06-06 04:00:00,60.5,22.5,124.0,7.4,9.6,52.0,77,28.6,78,11.7,0.0
2025-06-06 05:00:00,56.7,21.8,139.0,6.7,10.5,55.0,77,28.4,78,11.7,0.0
2025-06-06 06:00:00,60.3,23.0,174.0,6.9,11.2,57.0,77,28.5,80,10.9,0.0
2025-06-06 07:00:00,68.9,24.8,220.0,7.1,12.1,60.0,77,29.2,76,12.3,0.0
2025-06-06 08:00:00,69.8,25.3,247.0,6.9,12.7,66.0,78,30.3,69,13.7,0.0
2025-06-06 09:00:00,72.2,26.1,236.0,5.9,12.6,76.0,78,31.3,63,14.5,0.0
2025-06-06 10:00:00,74.5,27.4,205.0,4.4,12.3,88.0,78,31.8,60,14.5,0.0
2025-06-06 11:00:00,75.0,28.2,182.0,3.3,12.0,97.0,78,32.6,56,15.4,0.0
2025-06-06 12:00:00,74.5,28.9,177.0,2.8,12.0,101.0,78,33.2,52,16.0,0.0
2025-06-06 13:00:00,72.2,28.5,180.0,2.6,12.0,103.0,79,33.2,54,16.3,0.0
2025-06-06 14:00:00,70.3,27.8,188.0,2.9,12.2,102.0,79,33.1,54,16.8,0.0
2025-06-06 15:00:00,68.0,26.8,204.0,3.5,12.7,98.0,79,32.7,56,17.2,0.0
2025-06-06 16:00:00,65.7,25.8,225.0,4.4,13.3,91.0,79,32.2,59,17.9,0.0
2025-06-06 17:00:00,69.2,25.8,240.0,6.0,13.4,84.0,79,31.4,62,17.5,0.0
2025-06-06 18:00:00,65.0,25.0,242.0,9.4,13.2,74.0,79,30.9,62,17.1,0.0
2025-06-06 19:00:00,62.4,24.7,238.0,13.9,13.0,59.0,79,30.2,67,16.4,0.0
2025-06-06 20:00:00,56.9,24.9,232.0,17.1,12.6,49.0,79,29.7,69,15.7,0.0
2025-06-06 21:00:00,58.9,25.3,228.0,17.6,12.0,46.0,79,29.4,70,15.2,0.0
2025-06-06 22:00:00,60.3,25.5,223.0,16.8,11.3,47.0,79,29.3,72,14.6,0.0
2025-06-06 23:00:00,62.2,25.6,211.0,15.3,10.5,49.0,78,28.9,75,14.2,0.0
2025-06-07 00:00:00,63.8,25.3,185.0,13.2,9.6,52.0,78,28.6,77,13.7,0.0
2025-06-07 01:00:00,65.4,24.9,153.0,10.5,8.7,55.0,79,28.3,79,13.2,0.0
2025-06-07 02:00:00,65.4,24.2,130.0,8.3,8.0,58.0,79,28.0,81,13.2,0.0
2025-06-07 03:00:00,63.3,23.3,120.0,7.1,7.6,59.0,79,28.0,81,14.1,0.0
2025-06-07 04:00:00,62.2,22.8,118.0,6.4,7.4,60.0,79,28.0,80,14.6,0.0
2025-06-07 05:00:00,61.2,22.4,129.0,6.6,7.7,59.0,79,27.9,80,15.3,0.0
2025-06-07 06:00:00,61.7,22.6,165.0,7.0,8.8,61.0,79,28.1,81,14.9,0.0
2025-06-07 07:00:00,75.2,24.9,213.0,7.5,10.3,65.0,79,28.6,78,16.4,0.0
2025-06-07 08:00:00,75.9,24.9,242.0,7.4,11.6,70.0,79,29.6,71,17.3,0.0
2025-06-07 09:00:00,76.1,25.5,232.0,6.3,12.5,79.0,79,30.6,65,17.8,0.0
2025-06-07 10:00:00,76.1,26.2,202.0,4.7,13.3,90.0,79,31.5,61,18.0,0.0
2025-06-07 11:00:00,76.1,26.5,180.0,3.5,13.5,97.0,79,32.2,58,18.6,0.0
2025-06-07 12:00:00,78.0,26.4,176.0,3.0,12.9,99.0,78,32.5,58,19.1,0.0
2025-06-07 13:00:00,76.6,25.8,179.0,2.8,11.9,98.0,78,32.6,57,19.7,0.0
2025-06-07 14:00:00,75.4,25.4,186.0,3.0,11.1,95.0,78,32.5,59,20.0,0.0
2025-06-07 15:00:00,73.6,25.0,200.0,3.4,10.9,90.0,78,32.2,60,20.6,0.0
2025-06-07 16:00:00,71.9,24.6,217.0,4.2,10.9,84.0,78,31.7,62,20.5,0.0
2025-06-07 17:00:00,71.0,23.8,227.0,5.7,11.3,78.0,77,31.1,65,20.0,0.0
2025-06-07 18:00:00,66.1,23.4,221.0,8.6,11.1,70.0,77,30.7,68,18.8,0.0
2025-06-07 19:00:00,62.9,23.1,207.0,12.5,10.9,60.0,77,29.9,71,17.9,0.0
2025-06-07 20:00:00,56.6,23.3,197.0,15.1,10.6,52.0,77,29.5,74,17.4,0.0
2025-06-07 21:00:00,55.5,23.3,201.0,15.4,10.2,50.0,77,29.2,75,16.5,0.0
2025-06-07 22:00:00,53.4,23.2,209.0,14.5,9.7,52.0,77,29.0,76,15.4,0.0
2025-06-07 23:00:00,51.1,22.6,208.0,13.0,9.1,54.0,76,28.7,78,14.7,0.0
2025-06-08 00:00:00,48.4,21.7,187.0,10.9,8.4,57.0,76,28.5,80,14.9,0.0
2025-06-08 01:00:00,45.2,20.3,156.0,8.4,7.6,60.0,76,28.4,81,14.2,0.0
2025-06-08 02:00:00,42.4,19.0,133.0,6.4,7.1,63.0,75,28.3,80,14.8,0.0
2025-06-08 03:00:00,40.2,18.2,122.0,5.6,6.8,64.0,75,28.3,80,14.0,0.0
2025-06-08 04:00:00,39.2,17.6,118.0,5.3,6.8,65.0,75,28.2,79,13.7,0.0
2025-06-08 05:00:00,36.1,17.0,130.0,6.4,7.3,63.0,74,28.1,78,13.8,0.0
2025-06-08 06:00:00,38.8,17.3,171.0,6.8,8.4,66.0,74,28.3,78,14.5,0.0
2025-06-08 07:00:00,49.8,19.4,227.0,7.4,9.9,70.0,73,28.8,75,15.6,0.0
2025-06-08 08:00:00,55.2,20.7,260.0,7.4,11.3,76.0,73,29.6,71,15.8,0.0
2025-06-08 09:00:00,58.4,21.9,248.0,6.4,12.4,86.0,72,30.6,66,16.3,0.0
2025-06-08 10:00:00,61.0,23.2,214.0,4.9,13.3,97.0,72,31.5,61,17.2,0.0
2025-06-08 11:00:00,63.8,24.0,188.0,3.7,13.8,105.0,72,32.0,60,17.3,0.0
2025-06-08 12:00:00,63.8,24.0,183.0,3.2,13.6,107.0,71,32.4,58,17.6,0.0
2025-06-08 13:00:00,63.1,23.8,187.0,3.0,12.9,106.0,71,32.5,58,18.3,0.0
2025-06-08 14:00:00,61.2,23.5,195.0,3.2,12.2,102.0,71,32.3,59,19.2,0.0
2025-06-08 15:00:00,58.8,22.9,210.0,3.6,11.7,96.0,71,32.1,60,20.1,0.0
2025-06-08 16:00:00,56.3,22.2,229.0,4.2,11.3,89.0,71,31.7,61,19.9,0.0
2025-06-08 17:00:00,66.8,25.4,240.0,5.9,11.8,84.0,71,31.2,66,18.9,0.0
2025-06-08 18:00:00,62.6,24.3,234.0,8.6,11.6,76.0,71,30.6,69,18.3,0.0
2025-06-08 19:00:00,59.1,23.6,219.0,12.4,11.3,64.0,71,29.9,73,17.0,0.0
2025-06-08 20:00:00,52.5,23.7,207.0,15.1,11.0,56.0,71,29.6,75,15.9,0.0
2025-06-08 21:00:00,52.5,24.2,203.0,15.9,10.8,54.0,71,29.4,76,15.9,0.0
2025-06-08 22:00:00,52.4,24.4,201.0,15.6,10.5,55.0,71,29.2,76,16.2,0.0
2025-06-08 23:00:00,51.7,24.5,194.0,14.7,10.1,57.0,71,29.1,76,15.8,0.0
2025-06-09 00:00:00,49.7,23.9,176.0,12.8,9.3,59.0,71,29.0,76,15.9,0.0
2025-06-09 01:00:00,47.4,23.0,153.0,10.2,8.3,61.0,71,28.7,78,15.3,0.0
2025-06-09 02:00:00,45.9,22.1,136.0,8.2,7.6,63.0,72,28.5,79,14.8,0.0
2025-06-09 03:00:00,44.7,21.5,126.0,7.2,7.2,63.0,72,28.4,78,15.0,0.0
2025-06-09 04:00:00,43.8,21.0,121.0,6.7,7.1,63.0,72,28.2,78,14.8,0.0
2025-06-09 05:00:00,42.4,20.9,132.0,6.9,7.8,62.0,72,28.1,78,14.1,0.0
2025-06-09 06:00:00,42.7,21.0,173.0,7.2,8.9,64.0,73,28.4,76,13.2,0.0
2025-06-09 07:00:00,61.2,26.6,230.0,7.5,10.4,66.0,73,28.8,73,14.7,0.0
2025-06-09 08:00:00,54.6,23.4,263.0,7.3,11.6,71.0,74,29.6,69,15.5,0.0
2025-06-09 09:00:00,55.6,24.2,249.0,6.2,12.3,79.0,74,30.6,64,16.2,0.0
2025-06-09 10:00:00,56.2,24.7,211.0,4.5,12.7,90.0,74,31.3,62,17.4,0.0
2025-06-09 11:00:00,56.2,24.9,183.0,3.3,12.8,97.0,74,32.0,60,18.2,0.0
2025-06-09 12:00:00,55.2,24.7,177.0,2.8,12.4,99.0,74,32.4,57,18.7,0.0
2025-06-09 13:00:00,54.5,24.4,180.0,2.8,11.7,99.0,75,32.4,58,19.6,0.0
2025-06-09 14:00:00,53.9,24.0,188.0,3.0,11.2,96.0,75,32.2,60,20.5,0.0
2025-06-09 15:00:00,52.7,23.4,202.0,3.4,11.0,92.0,75,31.9,62,20.8,0.0
2025-06-09 16:00:00,51.8,22.6,220.0,4.1,10.9,85.0,75,31.6,63,20.6,0.0
2025-06-09 17:00:00,53.3,22.3,230.0,5.7,11.2,78.0,75,31.1,65,19.7,0.0
2025-06-09 18:00:00,52.2,21.5,225.0,8.7,11.3,70.0,74,30.7,67,17.5,0.0
2025-06-09 19:00:00,50.5,20.7,211.0,12.8,11.5,58.0,74,30.0,70,17.6,0.0
2025-06-09 20:00:00,45.5,20.5,201.0,15.7,11.5,50.0,74,29.6,73,17.4,0.0
2025-06-09 21:00:00,45.6,20.5,200.0,16.5,11.2,47.0,74,29.4,74,16.7,0.0
2025-06-09 22:00:00,44.7,20.1,202.0,16.1,10.6,47.0,73,29.3,74,16.6,0.0
2025-06-09 23:00:00,43.2,19.4,197.0,14.9,10.0,48.0,73,28.9,76,15.9,0.0
2025-06-10 00:00:00,41.9,18.6,179.0,12.6,9.2,51.0,72,28.8,77,15.6,0.0
2025-06-10 01:00:00,40.4,17.6,154.0,9.5,8.2,55.0,72,28.6,78,15.1,0.0
2025-06-10 02:00:00,39.5,17.0,136.0,7.1,7.5,58.0,72,28.5,78,15.3,0.0
2025-06-10 03:00:00,38.6,16.8,126.0,6.1,7.1,59.0,71,28.6,76,16.2,0.0
2025-06-10 04:00:00,38.0,16.6,124.0,5.8,6.9,60.0,71,28.5,76,16.0,0.0
2025-06-10 05:00:00,37.5,17.4,134.0,6.1,7.3,62.0,70,28.4,76,15.2,0.0
2025-06-10 06:00:00,38.4,17.8,172.0,6.4,8.3,65.0,70,28.9,78,14.8,0.0
2025-06-10 07:00:00,45.4,19.7,222.0,6.8,9.7,69.0,70,29.6,73,16.3,0.0
2025-06-10 08:00:00,48.4,20.3,253.0,6.7,10.7,74.0,69,30.5,67,18.1,0.0
2025-06-10 09:00:00,49.6,20.8,242.0,5.7,11.1,82.0,69,31.3,63,19.1,0.0
2025-06-10 10:00:00,51.2,21.4,212.0,4.2,11.3,90.0,68,32.0,59,19.8,0.0
2025-06-10 11:00:00,52.3,21.7,188.0,3.1,11.2,96.0,68,32.5,57,20.0,0.0
2025-06-10 12:00:00,52.0,21.7,182.0,2.7,10.8,97.0,68,33.1,54,20.6,0.0
2025-06-10 13:00:00,51.3,21.5,183.0,2.6,10.3,96.0,68,33.1,53,21.7,0.0
2025-06-10 14:00:00,50.6,21.2,190.0,2.8,9.9,93.0,67,32.6,56,21.1,0.0
2025-06-10 15:00:00,49.1,20.8,205.0,3.2,9.9,89.0,67,32.3,59,20.7,0.0
2025-06-10 16:00:00,47.4,20.2,226.0,4.0,10.0,84.0,67,31.8,61,20.7,0.0
2025-06-10 17:00:00,63.8,25.9,239.0,5.4,10.7,78.0,67,31.1,65,19.4,0.0
2025-06-10 18:00:00,60.3,24.9,236.0,7.1,10.8,72.0,67,30.6,66,17.3,0.0
2025-06-10 19:00:00,58.3,24.3,225.0,9.4,10.9,64.0,67,30.0,69,18.4,0.0
2025-06-10 20:00:00,52.3,23.2,217.0,11.4,10.9,58.0,68,29.7,71,18.0,0.0
2025-06-10 21:00:00,50.2,23.0,220.0,12.9,10.8,54.0,68,29.8,70,16.1,0.0
2025-06-10 22:00:00,49.8,23.0,227.0,14.0,10.7,53.0,68,29.5,73,16.3,0.0
2025-06-10 23:00:00,50.2,23.1,223.0,14.1,10.4,52.0,68,29.3,75,16.1,0.0
2025-06-11 00:00:00,48.9,22.5,197.0,12.5,9.8,54.0,69,29.2,77,16.1,0.0
2025-06-11 01:00:00,46.9,21.5,162.0,10.0,8.9,57.0,69,29.0,78,15.0,0.0
2025-06-11 02:00:00,44.7,20.4,136.0,8.0,8.3,59.0,69,28.8,79,14.9,0.0
2025-06-11 03:00:00,43.7,19.8,127.0,7.1,7.8,59.0,70,28.7,79,15.3,0.0
2025-06-11 04:00:00,42.5,19.3,128.0,6.7,7.5,59.0,70,28.6,79,15.2,0.0
2025-06-11 05:00:00,40.2,18.6,141.0,6.6,7.7,60.0,70,28.5,79,13.8,0.0
2025-06-11 06:00:00,40.9,18.8,178.0,6.9,8.8,62.0,70,29.0,79,14.1,0.0
2025-06-11 07:00:00,46.9,20.3,227.0,7.3,10.3,65.0,70,29.5,75,15.5,0.0
2025-06-11 08:00:00,49.8,20.1,255.0,7.2,11.4,70.0,70,30.5,69,16.9,0.0
2025-06-11 09:00:00,51.1,20.5,242.0,6.0,11.8,78.0,70,31.3,64,19.0,0.0
2025-06-11 10:00:00,51.3,21.0,209.0,4.4,11.8,87.0,70,32.0,60,18.8,0.0
2025-06-11 11:00:00,50.8,21.1,185.0,3.1,11.6,94.0,70,32.5,59,18.7,0.0
2025-06-11 12:00:00,49.2,20.9,182.0,2.6,11.1,95.0,70,32.3,61,19.9,0.0
2025-06-11 13:00:00,48.7,20.7,188.0,2.5,10.5,94.0,70,32.2,61,19.7,0.0
2025-06-11 14:00:00,49.1,20.6,199.0,2.8,10.1,91.0,70,32.9,59,20.9,0.0
2025-06-11 15:00:00,48.4,20.6,217.0,3.4,10.3,87.0,70,32.6,60,20.7,0.0
2025-06-11 16:00:00,47.8,20.4,240.0,4.4,10.7,83.0,70,32.3,60,19.8,0.0
2025-06-11 17:00:00,61.7,25.1,254.0,5.8,12.3,80.0,70,31.8,65,18.4,0.0
2025-06-11 18:00:00,58.3,25.0,251.0,8.0,12.5,73.0,70,30.9,69,16.1,0.0
2025-06-11 19:00:00,54.0,24.6,239.0,11.1,12.7,63.0,70,30.0,75,13.7,0.0
2025-06-11 20:00:00,48.5,24.3,226.0,13.3,12.6,55.0,70,29.5,79,12.1,0.0
2025-06-11 21:00:00,44.8,24.2,216.0,14.1,12.0,52.0,70,29.2,81,14.9,0.0
2025-06-11 22:00:00,43.3,23.5,205.0,14.0,11.1,52.0,70,29.3,81,15.3,0.0
2025-06-11 23:00:00,42.5,23.1,192.0,13.2,10.3,52.0,70,29.1,83,14.5,0.0
2025-06-12 00:00:00,38.3,20.8,175.0,11.4,9.5,53.0,70,29.0,84,14.3,0.0
2025-06-12 01:00:00,35.9,19.4,156.0,9.0,8.8,55.0,70,28.7,86,13.9,0.0
2025-06-12 02:00:00,33.5,18.2,142.0,7.1,8.2,57.0,70,28.5,86,14.1,0.0
2025-06-12 03:00:00,31.2,17.1,131.0,6.2,7.7,57.0,70,28.5,86,14.7,0.0
2025-06-12 04:00:00,29.7,16.2,124.0,5.7,7.2,57.0,70,28.5,85,16.6,0.0
2025-06-12 05:00:00,27.9,15.8,132.0,5.7,7.3,57.0,69,28.6,83,16.7,0.0
2025-06-12 06:00:00,28.6,15.8,170.0,6.5,8.3,58.0,69,28.5,85,15.0,0.0
2025-06-12 07:00:00,32.0,16.8,223.0,7.6,9.7,59.0,69,28.9,83,14.4,0.0
2025-06-12 08:00:00,38.1,18.1,255.0,7.9,11.0,63.0,68,30.1,75,18.6,0.0
2025-06-12 09:00:00,41.0,18.9,244.0,6.9,12.2,73.0,68,31.2,67,20.0,0.0
2025-06-12 10:00:00,43.1,20.1,213.0,5.1,13.3,86.0,68,32.0,63,18.8,0.0
2025-06-12 11:00:00,45.9,21.0,189.0,3.8,13.9,95.0,68,32.5,62,18.4,0.0
2025-06-12 12:00:00,48.0,21.4,184.0,3.2,13.6,98.0,68,32.7,62,18.1,0.0
2025-06-12 13:00:00,50.2,21.5,188.0,3.1,12.9,98.0,68,32.8,63,18.7,0.0
2025-06-12 14:00:00,48.8,21.0,197.0,3.3,12.2,96.0,68,33.0,63,18.9,0.0
2025-06-12 15:00:00,47.5,20.3,217.0,4.0,11.9,91.0,68,32.6,65,19.7,0.0
2025-06-12 16:00:00,44.5,19.2,243.0,5.1,11.6,84.0,68,31.9,68,17.3,0.0
2025-06-12 17:00:00,37.0,15.9,257.0,7.2,12.8,78.0,68,31.5,72,16.8,0.0
2025-06-12 18:00:00,32.5,15.0,250.0,9.5,12.6,69.0,67,30.7,78,15.6,0.0
2025-06-12 19:00:00,27.0,13.8,232.0,12.6,12.2,57.0,66,29.8,83,13.6,0.0
2025-06-12 20:00:00,24.3,13.4,215.0,15.0,11.9,48.0,65,29.7,82,13.7,0.0
2025-06-12 21:00:00,22.8,13.5,206.0,16.1,11.6,45.0,64,29.7,83,12.1,0.0
2025-06-12 22:00:00,23.6,14.1,199.0,16.4,11.2,44.0,63,29.6,83,8.2,0.0
2025-06-12 23:00:00,23.1,14.1,189.0,15.9,10.8,45.0,63,28.9,88,9.9,0.0
2025-06-13 00:00:00,23.4,14.2,173.0,14.2,10.1,46.0,62,28.8,88,11.5,0.0
2025-06-13 01:00:00,23.5,13.8,154.0,11.8,9.3,48.0,61,28.6,89,11.9,0.0
2025-06-13 02:00:00,23.6,13.3,140.0,9.8,8.7,50.0,61,28.5,89,11.7,0.0
2025-06-13 03:00:00,23.9,12.9,130.0,8.6,8.2,50.0,60,28.3,91,11.6,0.0
2025-06-13 04:00:00,24.2,12.7,126.0,7.9,8.0,50.0,60,28.2,90,11.0,0.0
2025-06-13 05:00:00,27.1,14.1,139.0,8.7,7.3,49.0,60,28.2,90,9.4,0.0
2025-06-13 06:00:00,29.0,15.0,186.0,9.3,9.2,51.0,59,28.3,93,10.1,0.0
2025-06-13 07:00:00,38.0,17.1,250.0,10.0,11.8,56.0,59,29.1,87,11.1,0.0
2025-06-13 08:00:00,50.2,18.3,290.0,10.0,14.0,63.0,59,30.1,80,12.8,0.0
2025-06-13 09:00:00,57.2,20.1,279.0,8.7,15.5,77.0,59,31.2,74,12.7,0.0
2025-06-13 10:00:00,62.2,22.2,243.0,6.8,16.7,94.0,60,32.4,69,14.4,0.0
2025-06-13 11:00:00,68.2,24.6,219.0,5.3,17.4,108.0,60,33.4,65,14.7,0.0
2025-06-13 12:00:00,76.6,26.6,220.0,4.6,17.6,118.0,60,34.6,59,14.9,0.0
2025-06-13 13:00:00,87.8,28.5,232.0,4.3,17.5,124.0,61,35.4,55,14.5,0.0
2025-06-13 14:00:00,92.7,29.1,251.0,4.6,16.9,124.0,61,35.2,58,14.7,0.0
2025-06-13 15:00:00,90.3,28.3,283.0,5.4,15.8,115.0,62,34.1,64,14.5,0.0
2025-06-13 16:00:00,82.0,26.2,323.0,6.8,14.3,100.0,63,32.6,73,14.9,0.0
2025-06-13 17:00:00,75.9,24.7,346.0,9.6,15.8,92.0,63,31.5,78,15.7,0.0
2025-06-13 18:00:00,66.6,22.3,340.0,12.5,13.9,78.0,64,30.8,82,17.4,0.0
2025-06-13 19:00:00,53.7,20.1,318.0,16.5,11.2,58.0,65,30.0,87,19.1,0.0
2025-06-13 20:00:00,45.5,18.8,299.0,19.5,9.4,44.0,65,30.1,86,15.4,0.0
2025-06-13 21:00:00,43.1,19.0,295.0,20.7,9.3,40.0,66,29.9,88,13.7,0.0
2025-06-13 22:00:00,48.7,20.1,294.0,20.9,9.9,41.0,66,29.9,88,12.3,0.0
2025-06-13 23:00:00,55.8,21.9,281.0,20.3,10.3,43.0,67,29.5,89,9.6,0.0
2025-06-14 00:00:00,60.1,22.9,241.0,18.6,9.9,44.0,67,29.2,91,11.4,0.0
2025-06-14 01:00:00,64.3,22.6,188.0,16.2,9.3,46.0,68,28.9,93,10.9,0.0
2025-06-14 02:00:00,64.5,21.8,151.0,13.8,8.7,48.0,69,28.7,93,10.9,0.0
2025-06-14 03:00:00,63.8,21.0,134.0,11.6,8.0,50.0,70,28.8,92,11.3,0.0
2025-06-14 04:00:00,63.3,20.5,133.0,9.4,7.4,51.0,70,28.6,93,10.5,0.0
2025-06-14 05:00:00,66.4,20.3,157.0,7.5,7.4,55.0,71,28.4,94,10.4,0.0
2025-06-14 06:00:00,63.6,20.5,229.0,8.8,8.8,54.0,72,28.7,93,10.0,0.0
2025-06-14 07:00:00,66.1,22.4,326.0,10.6,10.8,54.0,72,29.1,89,6.6,0.0
2025-06-14 08:00:00,78.9,24.6,391.0,11.5,13.4,61.0,73,30.1,82,6.6,0.0
2025-06-14 09:00:00,91.5,27.9,393.0,10.9,17.1,80.0,73,31.3,75,7.4,0.0
2025-06-14 10:00:00,110.6,32.7,362.0,9.6,21.2,105.0,74,32.1,72,9.7,0.0
2025-06-14 11:00:00,130.9,39.0,334.0,8.2,23.9,126.0,75,32.2,73,11.9,0.0
2025-06-14 12:00:00,147.1,44.1,315.0,6.8,24.0,139.0,76,32.5,70,14.5,0.0
2025-06-14 13:00:00,146.7,44.4,298.0,5.3,22.6,146.0,78,32.8,70,14.5,0.0
2025-06-14 14:00:00,145.3,42.6,297.0,4.9,20.9,146.0,79,32.7,70,14.8,0.0
2025-06-14 15:00:00,149.5,40.9,323.0,5.8,19.2,134.0,80,32.5,72,14.2,0.0
2025-06-14 16:00:00,155.5,39.5,364.0,7.7,17.2,114.0,81,32.3,72,13.3,0.0
2025-06-14 17:00:00,151.8,39.8,401.0,11.3,19.1,106.0,83,31.8,73,9.7,0.0
2025-06-14 18:00:00,145.3,37.5,436.0,17.6,17.7,85.0,84,31.3,78,8.2,0.0
2025-06-14 19:00:00,136.4,35.7,467.0,26.2,15.8,57.0,85,30.6,79,7.9,0.0
2025-06-14 20:00:00,123.9,34.3,468.0,31.5,14.0,37.0,87,29.7,85,10.8,0.0
2025-06-14 21:00:00,109.4,32.1,414.0,30.3,12.5,33.0,88,29.4,89,14.1,0.0
2025-06-14 22:00:00,103.8,29.8,330.0,25.8,11.1,38.0,89,29.2,90,15.0,0.0
2025-06-14 23:00:00,98.0,28.5,260.0,21.8,9.9,42.0,90,29.2,88,11.8,0.0
2025-06-15 00:00:00,93.8,27.8,220.0,19.5,9.0,43.0,91,28.8,92,11.2,0.0
2025-06-15 01:00:00,89.4,27.2,195.0,17.6,8.4,44.0,91,28.6,92,8.3,0.0
2025-06-15 02:00:00,82.0,26.4,180.0,16.4,8.1,44.0,91,28.5,91,6.9,0.0
2025-06-15 03:00:00,82.2,27.8,171.0,15.9,7.9,42.0,92,28.2,93,3.8,0.0
2025-06-15 04:00:00,89.4,28.8,172.0,16.0,8.0,39.0,92,27.9,95,3.2,0.0
2025-06-15 05:00:00,85.7,27.5,200.0,18.8,9.1,34.0,93,27.8,94,1.0,0.0
2025-06-15 06:00:00,79.6,25.8,282.0,17.6,11.1,40.0,94,28.1,95,4.3,0.0
2025-06-15 07:00:00,106.9,27.3,390.0,15.8,13.9,49.0,94,28.5,91,5.2,0.0
2025-06-15 08:00:00,144.4,31.1,456.0,13.7,16.6,61.0,95,29.7,82,7.9,0.0
2025-06-15 09:00:00,194.6,37.0,442.0,11.2,19.2,80.0,95,30.7,75,9.0,0.0
2025-06-15 10:00:00,203.0,40.5,386.0,8.5,21.8,102.0,96,31.5,71,9.8,0.0
2025-06-15 11:00:00,210.9,44.7,339.0,6.4,23.1,119.0,97,32.1,67,10.7,0.0
2025-06-15 12:00:00,207.2,46.3,316.0,5.0,22.4,128.0,97,32.8,62,10.5,0.0
2025-06-15 13:00:00,195.1,45.2,302.0,4.1,20.5,132.0,97,33.4,58,12.1,0.0
2025-06-15 14:00:00,171.4,42.4,305.0,4.2,18.8,130.0,98,32.9,62,13.0,0.0
2025-06-15 15:00:00,147.1,39.2,337.0,5.2,17.8,122.0,98,32.8,67,11.2,0.0
2025-06-15 16:00:00,123.4,35.4,386.0,7.1,17.0,108.0,97,32.3,69,10.0,0.0
2025-06-15 17:00:00,137.4,40.3,429.0,10.1,16.7,100.0,97,32.0,69,9.2,0.0
2025-06-15 18:00:00,120.1,37.0,464.0,15.3,15.9,84.0,97,31.4,75,11.0,0.0
2025-06-15 19:00:00,104.5,34.2,493.0,22.5,14.8,62.0,97,30.7,77,10.5,0.0
2025-06-15 20:00:00,94.5,32.4,496.0,28.4,14.0,44.0,97,30.1,82,10.5,0.0
2025-06-15 21:00:00,92.0,31.1,457.0,31.6,13.8,35.0,97,29.9,84,11.2,0.0
2025-06-15 22:00:00,89.6,30.5,392.0,33.5,13.8,31.0,97,29.7,85,9.9,0.0
2025-06-15 23:00:00,88.5,31.3,334.0,35.1,14.1,27.0,97,29.5,87,7.7,0.0
2025-06-16 00:00:00,88.7,32.9,292.0,36.8,14.3,23.0,97,29.4,87,4.8,0.0
2025-06-16 01:00:00,93.1,35.2,256.0,38.3,14.7,20.0,97,29.4,87,6.0,0.0
2025-06-16 02:00:00,95.0,34.9,235.0,39.3,15.9,17.0,98,29.2,87,6.5,0.0
2025-06-16 03:00:00,88.9,33.9,229.0,39.9,18.3,15.0,99,29.1,88,6.1,0.0
2025-06-16 04:00:00,92.2,33.5,237.0,40.1,21.6,13.0,99,28.9,89,5.1,0.0
2025-06-16 05:00:00,89.4,33.3,264.0,33.5,21.6,20.0,100,28.9,89,5.3,0.0
2025-06-16 06:00:00,97.8,35.0,327.0,32.1,26.5,25.0,100,29.0,90,6.5,0.0
2025-06-16 07:00:00,125.3,39.1,409.0,29.8,33.2,33.0,101,29.6,85,7.9,0.0
2025-06-16 08:00:00,167.6,44.5,459.0,26.4,38.0,49.0,103,31.2,73,6.0,0.0
2025-06-16 09:00:00,175.1,47.7,446.0,20.7,39.3,81.0,104,33.6,59,4.6,0.0
2025-06-16 10:00:00,163.4,50.9,400.0,13.7,38.7,121.0,105,35.9,47,3.6,0.0
2025-06-16 11:00:00,156.9,53.7,364.0,8.4,36.9,153.0,106,37.4,40,4.7,0.0
2025-06-16 12:00:00,144.4,50.8,351.0,5.8,33.3,171.0,107,38.0,42,9.6,0.0
2025-06-16 13:00:00,130.9,46.9,348.0,4.9,28.6,181.0,108,36.8,50,12.7,1.0
2025-06-16 14:00:00,120.1,44.5,352.0,5.3,24.9,182.0,108,35.4,54,15.8,0.0
2025-06-16 15:00:00,117.3,44.2,369.0,7.3,23.4,170.0,108,34.9,57,9.8,0.2
2025-06-16 16:00:00,117.3,43.8,393.0,10.6,23.0,149.0,108,32.5,72,14.5,0.4
2025-06-16 17:00:00,107.6,34.1,406.0,17.3,25.0,88.0,123,32.1,73,10.3,0.4
2025-06-16 18:00:00,115.0,38.1,402.0,27.9,29.5,76.0,125,31.8,74,9.0,0.4
2025-06-16 19:00:00,110.8,40.2,387.0,42.2,35.4,60.0,115,31.1,80,8.6,0.0
2025-06-16 20:00:00,104.1,42.8,364.0,51.3,38.1,47.0,109,30.6,84,5.2,0.0
2025-06-16 21:00:00,99.4,39.6,329.0,50.3,34.7,39.0,111,30.3,89,5.6,0.0
2025-06-16 22:00:00,103.6,37.3,285.0,44.0,28.2,34.0,111,30.1,92,5.7,0.0
2025-06-16 23:00:00,106.4,36.2,244.0,37.6,22.5,31.0,112,29.9,92,7.6,0.0
2025-06-17 00:00:00,106.9,35.3,208.0,32.7,19.2,32.0,113,29.8,91,9.1,0.0
2025-06-17 01:00:00,99.2,33.5,175.0,27.6,16.8,36.0,113,29.6,91,8.3,0.0
2025-06-17 02:00:00,96.6,31.7,154.0,23.1,14.8,39.0,113,29.4,91,8.7,0.0
2025-06-17 03:00:00,95.5,30.0,140.0,18.8,13.0,41.0,112,29.3,91,7.7,0.0
2025-06-17 04:00:00,94.5,29.0,139.0,15.0,11.7,42.0,112,29.2,90,6.0,0.0
2025-06-17 05:00:00,120.6,34.0,175.0,17.5,14.2,43.0,111,29.1,91,7.0,0.0
2025-06-17 06:00:00,113.4,34.5,292.0,18.1,15.4,45.0,112,29.3,86,7.4,0.0
2025-06-17 07:00:00,132.7,36.8,447.0,18.8,17.1,49.0,112,29.8,85,6.9,0.0
2025-06-17 08:00:00,147.1,39.5,534.0,18.2,18.6,59.0,111,31.3,78,8.5,0.0
2025-06-17 09:00:00,140.6,41.0,489.0,15.1,19.8,81.0,111,33.3,67,7.6,0.0
2025-06-17 10:00:00,130.4,41.2,376.0,10.6,20.7,110.0,110,34.7,59,7.9,0.0
2025-06-17 11:00:00,124.8,41.0,289.0,7.1,20.9,130.0,109,35.9,53,11.4,0.0
2025-06-17 12:00:00,120.6,40.4,262.0,5.3,19.8,136.0,108,35.7,56,15.1,0.0
2025-06-17 13:00:00,116.2,39.2,260.0,4.4,18.0,134.0,107,35.2,57,15.2,0.0
2025-06-17 14:00:00,110.6,37.3,268.0,4.6,16.2,127.0,106,35.8,54,15.4,0.0
2025-06-17 15:00:00,102.2,34.9,289.0,6.3,14.7,114.0,105,36.1,50,15.9,0.0
2025-06-17 16:00:00,95.2,32.2,320.0,9.1,13.2,96.0,104,35.5,51,14.7,0.0
2025-06-17 17:00:00,89.2,30.4,342.0,12.0,12.4,82.0,103,34.5,55,13.4,0.0
2025-06-17 18:00:00,82.7,28.6,350.0,16.1,11.7,71.0,103,32.5,64,9.1,0.0
2025-06-17 19:00:00,75.9,27.0,348.0,21.6,10.7,55.0,102,31.0,81,11.7,0.0
2025-06-17 20:00:00,65.7,25.1,334.0,24.9,10.0,44.0,100,30.0,86,12.8,0.0
2025-06-17 21:00:00,56.9,23.9,298.0,24.3,10.0,42.0,99,29.8,88,14.3,0.0
2025-06-17 22:00:00,49.9,23.2,250.0,21.5,10.3,45.0,97,29.6,87,16.4,0.0
2025-06-17 23:00:00,47.5,22.9,208.0,18.3,10.5,48.0,96,29.4,87,15.8,0.0
2025-06-18 00:00:00,46.9,22.7,180.0,14.8,10.5,52.0,95,29.4,85,14.6,0.0
2025-06-18 01:00:00,46.2,22.4,160.0,11.0,10.4,56.0,94,29.3,84,15.4,0.0
2025-06-18 02:00:00,45.1,21.7,146.0,7.9,10.2,60.0,93,29.0,84,14.2,0.0
2025-06-18 03:00:00,43.4,20.9,136.0,6.1,9.6,62.0,92,28.8,86,14.6,0.0
2025-06-18 04:00:00,44.4,20.5,132.0,5.1,8.8,63.0,91,28.5,88,15.5,0.0
2025-06-18 05:00:00,42.3,19.8,146.0,5.5,8.1,64.0,90,28.3,89,15.1,0.0
2025-06-18 06:00:00,41.2,19.6,196.0,6.8,8.9,64.0,89,28.9,88,13.7,0.0
2025-06-18 07:00:00,46.6,21.2,263.0,8.5,10.1,65.0,88,29.4,85,14.6,0.0
2025-06-18 08:00:00,50.9,22.5,303.0,9.2,11.2,69.0,86,30.2,80,15.9,0.0
2025-06-18 09:00:00,53.4,23.4,289.0,8.0,12.1,80.0,85,31.2,74,16.9,0.0
2025-06-18 10:00:00,54.9,23.9,248.0,5.8,12.8,94.0,83,32.1,69,17.6,0.0
2025-06-18 11:00:00,55.5,23.9,217.0,4.1,13.2,104.0,82,32.7,66,17.3,0.0
2025-06-18 12:00:00,53.6,23.1,209.0,3.5,13.1,107.0,80,33.3,62,17.8,0.0
2025-06-18 13:00:00,51.3,22.2,211.0,3.3,12.8,106.0,79,33.5,61,18.5,0.0
2025-06-18 14:00:00,47.1,21.1,218.0,3.5,12.2,102.0,77,33.3,63,19.6,0.0
2025-06-18 15:00:00,44.7,20.0,232.0,3.9,11.4,94.0,76,32.9,65,20.7,0.0
2025-06-18 16:00:00,44.1,19.5,249.0,4.7,10.4,83.0,74,32.2,66,21.1,0.0
2025-06-18 17:00:00,53.4,24.0,259.0,5.9,10.0,74.0,73,31.5,69,21.0,0.0
2025-06-18 18:00:00,53.4,23.5,252.0,7.2,9.7,69.0,73,31.1,73,22.0,0.0
2025-06-18 19:00:00,50.9,23.2,237.0,8.9,9.3,63.0,72,30.2,81,20.2,0.0
2025-06-18 20:00:00,46.7,22.5,224.0,10.1,9.0,58.0,72,29.7,83,21.9,0.0
2025-06-18 21:00:00,45.1,22.3,219.0,10.5,8.9,56.0,72,29.7,84,20.0,0.1
2025-06-18 22:00:00,43.7,22.2,215.0,10.4,8.9,56.0,71,29.4,85,18.4,0.1
2025-06-18 23:00:00,43.8,21.9,206.0,9.9,8.8,56.0,71,29.2,86,18.0,0.0
2025-06-19 00:00:00,42.3,21.2,185.0,8.8,8.5,57.0,71,29.1,85,17.0,0.0
2025-06-19 01:00:00,41.4,20.5,158.0,7.3,8.0,58.0,71,28.9,86,17.4,0.0
2025-06-19 02:00:00,43.2,20.5,139.0,6.1,7.6,59.0,71,28.8,86,17.0,0.0
2025-06-19 03:00:00,46.6,20.9,130.0,5.3,7.1,60.0,71,28.9,85,16.7,0.0
2025-06-19 04:00:00,47.7,20.5,128.0,4.7,6.6,60.0,71,28.8,84,17.8,0.0
2025-06-19 05:00:00,46.0,19.2,138.0,4.4,6.5,61.0,71,28.8,84,18.6,0.0
2025-06-19 06:00:00,43.8,18.2,169.0,5.2,7.0,60.0,71,29.2,81,19.5,0.0
2025-06-19 07:00:00,44.5,17.9,212.0,6.3,7.7,59.0,71,29.5,79,22.8,0.0
2025-06-19 08:00:00,49.1,18.9,237.0,6.7,8.2,60.0,70,30.5,72,25.1,0.0
2025-06-19 09:00:00,56.2,21.0,227.0,5.8,8.4,65.0,70,31.2,67,25.7,0.0
2025-06-19 10:00:00,49.2,19.4,199.0,4.2,8.4,71.0,70,31.7,65,26.6,0.0
2025-06-19 11:00:00,50.5,19.8,180.0,3.0,8.4,77.0,69,32.0,64,26.8,0.0
2025-06-19 12:00:00,49.0,19.8,179.0,2.5,8.2,81.0,69,32.2,64,26.1,0.0
2025-06-19 13:00:00,50.4,20.3,186.0,2.4,8.0,83.0,69,32.4,63,26.5,0.0
2025-06-19 14:00:00,51.0,20.5,195.0,2.6,7.9,84.0,69,32.0,66,25.8,0.1
2025-06-19 15:00:00,49.1,20.4,207.0,3.2,8.1,81.0,69,31.9,67,24.2,0.1
2025-06-19 16:00:00,48.5,20.3,222.0,4.1,8.4,77.0,69,31.8,66,24.1,0.0
2025-06-19 17:00:00,57.2,22.7,233.0,5.5,9.4,72.0,69,31.3,69,24.1,0.0
2025-06-19 18:00:00,55.4,22.6,240.0,7.0,9.4,67.0,69,31.0,73,20.4,0.0
2025-06-19 19:00:00,52.2,21.8,243.0,9.2,9.3,61.0,69,30.2,78,18.6,0.1
2025-06-19 20:00:00,48.8,21.1,243.0,10.6,9.2,56.0,68,29.7,82,18.3,0.1
2025-06-19 21:00:00,45.8,20.4,241.0,10.9,8.9,55.0,68,29.5,84,17.1,0.0
2025-06-19 22:00:00,46.9,20.4,236.0,10.5,8.5,55.0,68,29.3,85,18.4,0.0
2025-06-19 23:00:00,46.7,20.4,223.0,9.7,8.0,56.0,68,29.3,85,17.5,0.0
2025-06-20 00:00:00,45.8,20.0,196.0,8.4,7.5,57.0,68,29.1,84,16.0,0.0
2025-06-20 01:00:00,45.3,19.6,162.0,6.8,7.0,58.0,68,29.0,85,15.8,0.0
2025-06-20 02:00:00,44.5,18.9,138.0,5.5,6.6,59.0,68,28.8,86,16.5,0.0
2025-06-20 03:00:00,43.2,18.2,129.0,4.8,6.4,59.0,67,28.9,84,15.5,0.0
2025-06-20 04:00:00,42.5,17.6,129.0,4.5,6.3,59.0,67,28.8,85,15.5,0.0
2025-06-20 05:00:00,41.3,17.2,142.0,4.6,6.0,59.0,67,28.7,86,15.8,0.0
2025-06-20 06:00:00,39.6,16.6,178.0,5.6,6.6,59.0,67,29.2,86,18.0,0.0
2025-06-20 07:00:00,40.6,17.1,226.0,7.0,7.6,58.0,67,29.4,85,21.6,0.3
2025-06-20 08:00:00,43.9,17.9,256.0,7.6,8.4,60.0,67,30.2,80,23.6,0.6
2025-06-20 09:00:00,45.9,18.5,249.0,6.7,9.1,66.0,66,30.9,76,21.6,0.0
2025-06-20 10:00:00,46.0,18.3,223.0,5.1,9.7,73.0,66,31.3,74,22.8,0.2
2025-06-20 11:00:00,48.2,19.0,205.0,3.9,10.1,79.0,66,31.5,73,22.0,0.5
2025-06-20 12:00:00,47.8,19.2,206.0,3.4,10.1,81.0,66,31.1,75,22.4,0.3
2025-06-20 13:00:00,87.3,27.8,214.0,3.2,9.8,82.0,66,30.9,77,22.5,0.3
2025-06-20 14:00:00,53.3,20.9,225.0,3.4,9.6,81.0,67,31.1,77,22.3,0.3
2025-06-20 15:00:00,50.6,20.5,236.0,4.0,9.6,78.0,67,31.3,75,21.1,0.0
2025-06-20 16:00:00,59.0,22.8,250.0,4.9,9.7,74.0,67,31.2,75,21.3,0.1
2025-06-20 17:00:00,67.8,28.1,266.0,7.0,9.6,66.0,67,30.8,76,19.9,0.0
2025-06-20 18:00:00,65.4,27.3,289.0,10.2,9.6,60.0,67,30.8,80,17.1,0.4
2025-06-20 19:00:00,59.3,26.4,314.0,14.4,9.6,53.0,68,30.2,85,14.7,0.1
2025-06-20 20:00:00,52.7,25.5,324.0,17.0,9.6,48.0,68,29.5,90,13.9,0.1
2025-06-20 21:00:00,51.8,24.4,309.0,16.4,9.5,48.0,69,29.6,89,14.5,0.1
2025-06-20 22:00:00,50.9,23.4,279.0,14.1,9.5,50.0,69,29.4,90,16.3,0.1
2025-06-20 23:00:00,50.4,22.6,247.0,11.7,9.2,53.0,69,29.3,90,16.4,0.0
2025-06-21 00:00:00,49.1,21.5,212.0,9.7,8.6,55.0,69,29.2,90,14.8,0.0
2025-06-21 01:00:00,47.1,20.3,176.0,7.6,7.9,57.0,70,29.1,90,13.4,0.1
2025-06-21 02:00:00,46.2,19.4,149.0,6.1,7.4,59.0,70,28.8,91,14.4,0.1
2025-06-21 03:00:00,46.8,18.9,134.0,5.3,7.2,59.0,70,28.8,90,14.6,0.1
2025-06-21 04:00:00,47.3,18.7,129.0,5.1,7.3,59.0,70,28.8,89,13.6,0.0
2025-06-21 05:00:00,42.7,17.6,143.0,5.0,7.0,59.0,70,28.7,89,14.3,0.0
2025-06-21 06:00:00,41.9,17.5,193.0,6.3,7.9,58.0,70,29.5,88,14.3,0.0
2025-06-21 07:00:00,41.3,17.5,261.0,8.0,9.1,58.0,70,29.8,83,16.1,0.0
2025-06-21 08:00:00,44.0,18.6,301.0,8.8,10.1,59.0,70,30.0,82,18.4,0.5
2025-06-21 09:00:00,46.3,19.4,286.0,8.0,10.8,63.0,70,30.5,79,18.1,0.4
2025-06-21 10:00:00,45.5,19.6,243.0,6.4,11.4,68.0,70,31.2,75,19.8,0.4
2025-06-21 11:00:00,44.5,19.6,210.0,5.0,11.6,73.0,70,31.2,76,21.4,0.5
2025-06-21 12:00:00,44.7,19.6,200.0,4.2,11.4,77.0,70,31.8,73,22.3,0.4
2025-06-21 13:00:00,44.9,20.1,201.0,3.7,10.9,79.0,70,31.7,74,22.0,0.2
2025-06-21 14:00:00,50.2,21.5,208.0,3.8,10.5,80.0,70,31.4,75,22.1,0.3
2025-06-21 15:00:00,40.7,19.3,225.0,4.6,10.4,77.0,70,31.6,74,22.2,0.2
2025-06-21 16:00:00,38.5,18.9,249.0,5.9,10.5,71.0,70,31.2,75,22.2,0.2
2025-06-21 17:00:00,47.7,22.6,268.0,7.2,11.8,68.0,69,30.6,78,20.9,0.0
2025-06-21 18:00:00,45.8,22.6,277.0,9.7,11.7,62.0,69,30.6,82,17.1,0.1
2025-06-21 19:00:00,44.8,22.8,280.0,13.3,11.5,55.0,68,30.1,84,15.3,0.3
2025-06-21 20:00:00,36.7,21.3,279.0,15.9,11.3,49.0,68,29.7,88,14.4,0.1
2025-06-21 21:00:00,35.0,21.1,277.0,17.0,11.2,47.0,68,29.3,89,13.9,0.1
2025-06-21 22:00:00,35.7,21.1,272.0,17.3,11.0,47.0,67,29.3,88,12.7,0.0
2025-06-21 23:00:00,39.0,21.8,257.0,16.8,10.7,47.0,67,29.2,88,12.8,0.0
2025-06-22 00:00:00,40.9,21.9,224.0,15.2,10.1,48.0,67,29.1,88,12.6,0.0
2025-06-22 01:00:00,41.1,21.1,182.0,12.9,9.4,50.0,67,28.9,90,13.2,0.1
2025-06-22 02:00:00,43.2,20.5,151.0,11.0,8.9,52.0,67,28.8,90,12.6,0.1
2025-06-22 03:00:00,43.7,19.8,136.0,9.6,8.5,53.0,67,28.8,89,12.5,0.0
2025-06-22 04:00:00,44.7,19.4,132.0,8.7,8.2,54.0,67,28.8,89,13.6,0.0
2025-06-22 05:00:00,42.8,19.2,147.0,7.0,8.1,57.0,67,28.7,89,15.9,0.0
2025-06-22 06:00:00,45.8,19.4,198.0,9.1,9.2,56.0,68,29.3,86,11.1,0.0
2025-06-22 07:00:00,54.2,21.3,267.0,12.0,10.8,55.0,68,29.2,87,11.8,0.0
2025-06-22 08:00:00,59.1,22.7,311.0,13.3,12.2,57.0,68,30.2,80,15.6,0.1
2025-06-22 09:00:00,67.3,23.4,304.0,11.7,13.5,64.0,68,30.7,75,15.5,0.0
2025-06-22 10:00:00,75.0,24.4,271.0,8.6,14.8,74.0,69,30.7,74,15.5,0.1
2025-06-22 11:00:00,78.2,25.4,243.0,6.0,15.3,82.0,69,30.7,74,16.9,0.1
2025-06-22 12:00:00,79.9,26.8,228.0,4.6,14.5,88.0,70,30.9,74,17.3,0.1
2025-06-22 13:00:00,76.6,26.6,218.0,3.6,13.0,92.0,70,32.1,69,18.0,0.1
2025-06-22 14:00:00,74.7,26.0,218.0,3.4,11.9,93.0,71,31.8,70,18.2,0.1
2025-06-22 15:00:00,65.9,24.6,236.0,3.9,11.7,89.0,71,31.4,73,18.8,0.1
2025-06-22 16:00:00,59.3,23.5,264.0,5.2,11.8,82.0,72,31.1,74,18.6,0.0
2025-06-22 17:00:00,73.8,26.5,288.0,7.3,13.8,79.0,72,30.2,78,19.2,0.1
2025-06-22 18:00:00,60.8,24.2,303.0,10.3,13.4,71.0,73,30.1,79,14.5,0.1
2025-06-22 19:00:00,56.0,23.3,314.0,14.4,12.8,61.0,73,29.8,80,13.5,0.0
2025-06-22 20:00:00,48.2,23.2,319.0,17.5,12.4,53.0,73,29.7,82,13.6,0.0
2025-06-22 21:00:00,45.2,23.2,319.0,18.7,12.5,50.0,73,29.4,84,12.4,0.0
2025-06-22 22:00:00,47.0,23.9,314.0,18.8,12.7,49.0,73,29.1,85,11.6,0.0
2025-06-22 23:00:00,50.2,24.9,296.0,18.2,12.7,49.0,73,29.1,85,9.6,0.0
2025-06-23 00:00:00,50.3,24.6,256.0,16.6,12.0,50.0,74,29.0,85,8.3,0.0
2025-06-23 01:00:00,50.1,23.7,204.0,14.3,11.1,51.0,74,28.8,86,8.9,0.0
2025-06-23 02:00:00,49.1,22.8,165.0,12.3,10.3,52.0,74,28.6,87,9.5,0.0
2025-06-23 03:00:00,48.7,21.9,148.0,10.9,9.7,52.0,74,28.6,88,10.1,0.0
2025-06-23 04:00:00,48.2,21.1,144.0,9.9,9.2,53.0,75,28.5,88,9.8,0.0
2025-06-23 05:00:00,48.1,20.7,156.0,8.1,9.5,56.0,75,28.5,88,9.9,0.0
2025-06-23 06:00:00,46.7,20.3,196.0,9.1,10.4,57.0,75,29.0,88,11.5,0.0
2025-06-23 07:00:00,56.1,22.2,251.0,10.3,11.5,59.0,75,29.6,82,11.8,0.0
2025-06-23 08:00:00,58.6,22.9,285.0,10.6,12.6,63.0,75,30.6,74,15.6,0.0
2025-06-23 09:00:00,64.7,23.6,274.0,9.0,13.4,72.0,75,31.2,71,17.9,0.1
2025-06-23 10:00:00,69.2,24.9,242.0,6.5,14.0,83.0,75,31.4,71,18.1,0.1
2025-06-23 11:00:00,69.2,25.7,218.0,4.6,14.4,92.0,75,32.0,70,17.9,0.2
2025-06-23 12:00:00,69.8,26.1,214.0,3.8,14.4,96.0,75,31.9,71,17.4,0.2
2025-06-23 13:00:00,69.8,26.4,218.0,3.7,14.1,98.0,75,32.2,70,16.5,0.0
2025-06-23 14:00:00,68.5,26.9,226.0,4.0,13.7,97.0,75,32.5,68,16.4,0.0
2025-06-23 15:00:00,63.6,26.1,238.0,4.7,13.2,92.0,75,32.3,69,17.3,0.0
2025-06-23 16:00:00,59.5,25.2,253.0,5.8,12.6,84.0,75,31.7,71,17.3,0.0
2025-06-23 17:00:00,88.5,34.1,266.0,9.1,16.2,79.0,75,31.3,71,17.9,0.0
2025-06-23 18:00:00,86.6,34.6,274.0,11.8,16.2,70.0,76,30.6,81,14.7,0.1
2025-06-23 19:00:00,79.9,33.4,281.0,15.5,16.1,58.0,77,30.2,84,13.1,0.0
2025-06-23 20:00:00,76.1,33.2,290.0,18.6,15.9,48.0,78,29.6,87,12.7,0.0
2025-06-23 21:00:00,73.3,33.3,313.0,20.7,15.5,43.0,79,29.5,86,9.5,0.0
2025-06-23 22:00:00,74.7,32.8,338.0,22.2,14.8,40.0,80,29.3,87,9.0,0.0
2025-06-23 23:00:00,75.7,32.0,342.0,22.2,13.9,39.0,80,29.2,88,9.3,0.0
2025-06-24 00:00:00,71.9,30.0,303.0,19.6,12.4,40.0,81,29.0,89,9.5,0.0
2025-06-24 01:00:00,68.0,27.7,242.0,15.4,10.5,44.0,82,28.9,90,9.9,0.0
2025-06-24 02:00:00,66.6,26.2,195.0,12.3,9.2,46.0,82,28.7,90,9.5,0.0
2025-06-24 03:00:00,66.6,25.5,175.0,11.2,8.5,45.0,82,28.6,90,9.6,0.0
2025-06-24 04:00:00,64.5,24.9,170.0,11.2,8.4,44.0,83,28.5,91,8.9,0.0
2025-06-24 05:00:00,67.8,24.9,181.0,9.6,9.2,47.0,83,28.3,91,9.3,0.0
2025-06-24 06:00:00,68.9,25.4,224.0,9.7,11.0,50.0,83,28.9,90,10.3,0.0
2025-06-24 07:00:00,86.6,28.7,283.0,9.9,13.6,55.0,84,29.5,84,10.7,0.0
2025-06-24 08:00:00,100.6,30.5,318.0,9.5,15.8,63.0,84,30.2,78,11.0,0.0
2025-06-24 09:00:00,106.2,32.4,302.0,8.1,17.5,77.0,85,30.9,74,12.9,0.1
2025-06-24 10:00:00,109.4,34.6,262.0,6.2,18.9,94.0,86,31.3,71,13.2,0.1
2025-06-24 11:00:00,108.7,37.1,231.0,4.8,19.6,108.0,87,32.0,68,14.1,0.0
2025-06-24 12:00:00,106.2,38.5,223.0,4.1,19.4,116.0,88,32.2,67,14.7,0.0
2025-06-24 13:00:00,101.3,38.3,226.0,3.8,18.5,120.0,89,32.7,65,14.4,0.0
2025-06-24 14:00:00,96.2,36.7,233.0,4.0,17.5,119.0,90,32.8,65,15.2,0.0
2025-06-24 15:00:00,89.4,33.9,246.0,4.6,16.3,110.0,91,32.4,66,16.4,0.0
2025-06-24 16:00:00,82.4,30.4,263.0,5.6,14.9,95.0,91,31.8,69,17.1,0.0
2025-06-24 17:00:00,88.5,29.5,279.0,6.6,13.2,79.0,92,31.3,71,17.2,0.0
2025-06-24 18:00:00,87.3,27.9,290.0,9.1,13.3,70.0,91,30.7,76,16.4,0.0
2025-06-24 19:00:00,87.8,27.4,299.0,12.8,13.5,58.0,91,30.4,78,13.4,0.1
2025-06-24 20:00:00,86.4,28.2,309.0,16.4,13.8,47.0,90,29.9,83,10.9,0.1
2025-06-24 21:00:00,83.1,29.5,322.0,19.8,14.2,41.0,90,29.7,85,11.1,0.0
2025-06-24 22:00:00,78.2,29.6,337.0,23.2,14.6,37.0,89,29.5,85,9.6,0.0
2025-06-24 23:00:00,74.5,29.7,349.0,26.0,14.9,33.0,89,29.3,87,9.3,0.0
2025-06-25 00:00:00,71.0,30.2,358.0,28.5,14.8,29.0,89,29.1,88,6.4,0.0
2025-06-25 01:00:00,70.3,31.1,365.0,30.4,14.5,26.0,89,28.9,88,5.3,0.0
2025-06-25 02:00:00,76.8,33.5,372.0,30.9,14.7,25.0,89,28.7,89,5.5,0.0
2025-06-25 03:00:00,89.4,36.0,379.0,28.9,15.6,26.0,90,28.6,89,3.7,0.0
2025-06-25 04:00:00,96.2,34.6,385.0,25.5,17.0,29.0,91,28.4,89,3.5,0.0
2025-06-25 05:00:00,69.8,29.7,388.0,23.9,14.4,30.0,92,28.4,88,2.9,0.0
2025-06-25 06:00:00,70.8,28.8,388.0,21.9,16.7,35.0,92,28.7,88,5.4,0.0
2025-06-25 07:00:00,81.3,30.6,385.0,19.1,19.9,44.0,92,29.3,82,7.4,0.0
2025-06-25 08:00:00,86.8,30.7,377.0,16.1,22.5,55.0,93,30.1,76,9.6,0.0
2025-06-25 09:00:00,97.1,31.8,360.0,12.8,23.9,72.0,93,30.7,73,10.3,0.0
2025-06-25 10:00:00,100.4,34.1,337.0,9.3,24.7,92.0,93,30.5,74,11.0,0.0
2025-06-25 11:00:00,97.6,36.0,318.0,6.6,24.6,109.0,93,30.9,72,11.0,0.0
2025-06-25 12:00:00,94.8,37.4,304.0,5.0,23.3,121.0,92,30.8,72,10.8,0.0
2025-06-25 13:00:00,89.9,37.1,293.0,4.3,21.3,128.0,92,32.1,67,11.5,0.0
2025-06-25 14:00:00,84.8,35.7,296.0,4.2,19.4,130.0,92,32.2,65,13.0,0.0
2025-06-25 15:00:00,78.9,33.9,323.0,4.8,18.0,122.0,92,32.0,65,13.9,0.0
2025-06-25 16:00:00,75.4,31.9,363.0,6.1,16.7,108.0,92,31.4,69,12.6,0.0
2025-06-25 17:00:00,87.1,32.4,391.0,7.2,11.8,85.0,92,31.1,72,13.2,0.0
2025-06-25 18:00:00,82.4,31.2,394.0,10.1,12.2,76.0,93,30.1,76,13.7,0.0
2025-06-25 19:00:00,79.4,30.0,386.0,14.1,12.8,64.0,93,29.7,79,10.0,0.0
2025-06-25 20:00:00,78.5,29.7,384.0,17.5,13.2,53.0,93,29.6,80,11.4,0.0
2025-06-25 21:00:00,75.0,29.2,404.0,19.8,13.2,47.0,93,29.6,80,12.4,0.0
2025-06-25 22:00:00,78.5,29.1,430.0,21.5,13.1,43.0,93,29.6,81,11.6,0.0
2025-06-25 23:00:00,80.6,29.3,433.0,22.8,12.8,39.0,93,29.4,84,9.7,0.0
2025-06-26 00:00:00,79.9,30.0,390.0,23.6,12.3,35.0,93,29.3,85,7.2,0.0
2025-06-26 01:00:00,78.0,29.3,324.0,23.9,11.8,32.0,93,29.1,87,5.2,0.0
2025-06-26 02:00:00,78.0,29.2,276.0,24.1,11.6,30.0,93,28.9,89,3.9,0.0
2025-06-26 03:00:00,74.7,29.7,255.0,24.5,12.0,27.0,93,28.8,90,1.5,0.0
2025-06-26 04:00:00,73.1,28.9,252.0,24.7,12.7,25.0,92,28.7,90,2.5,0.0
2025-06-26 05:00:00,82.0,31.2,278.0,27.3,15.4,24.0,91,28.6,91,1.1,0.0
2025-06-26 06:00:00,79.4,30.5,354.0,26.8,19.3,27.0,92,28.9,95,1.9,0.0
2025-06-26 07:00:00,97.3,32.2,460.0,25.9,24.6,32.0,92,29.3,91,1.3,0.0
2025-06-26 08:00:00,117.6,33.8,547.0,24.1,28.7,38.0,92,30.3,83,1.5,0.0
2025-06-26 09:00:00,166.2,42.4,609.0,20.9,30.5,47.0,92,31.6,71,1.8,0.0
2025-06-26 10:00:00,141.6,36.3,652.0,16.8,31.0,58.0,93,33.2,64,5.2,0.0
2025-06-26 11:00:00,136.9,35.6,652.0,13.2,30.4,69.0,93,33.4,64,10.3,0.0
2025-06-26 12:00:00,134.6,35.9,573.0,10.3,28.7,80.0,93,33.7,55,12.6,0.0
2025-06-26 13:00:00,130.9,36.0,450.0,7.9,26.0,92.0,93,34.2,45,10.8,0.0
2025-06-26 14:00:00,120.6,34.5,368.0,6.4,22.7,97.0,93,33.9,51,10.6,0.0
2025-06-26 15:00:00,103.1,30.0,376.0,6.0,18.4,92.0,93,32.6,62,10.1,0.0
2025-06-26 16:00:00,89.9,25.5,425.0,6.5,13.7,82.0,93,32.8,63,10.0,0.0
2025-06-26 17:00:00,82.0,23.9,451.0,7.4,11.3,76.0,92,32.5,67,11.9,0.0
2025-06-26 18:00:00,83.4,24.2,419.0,10.0,11.5,72.0,91,31.4,76,10.2,0.0
2025-06-26 19:00:00,79.2,24.1,364.0,13.6,11.8,66.0,91,30.6,84,10.9,0.0
2025-06-26 20:00:00,75.2,24.2,326.0,16.3,12.1,62.0,90,30.2,87,10.9,0.0
2025-06-26 21:00:00,72.4,24.6,330.0,16.9,12.3,62.0,90,30.2,86,9.0,0.0
2025-06-26 22:00:00,68.7,24.7,350.0,16.6,12.6,63.0,89,30.2,86,7.0,0.0
2025-06-26 23:00:00,64.7,24.7,350.0,16.8,12.8,62.0,89,29.9,88,6.2,0.0
2025-06-27 00:00:00,63.3,25.4,306.0,18.1,12.9,58.0,88,29.7,88,5.7,0.1
2025-06-27 01:00:00,60.5,26.1,242.0,19.9,13.0,52.0,88,29.6,89,6.9,0.0
2025-06-27 02:00:00,58.3,26.1,196.0,21.4,13.6,47.0,88,29.6,88,7.0,0.0
2025-06-27 03:00:00,57.9,26.5,177.0,22.1,14.6,43.0,87,29.4,89,6.8,0.0
2025-06-27 04:00:00,61.9,27.2,176.0,22.5,16.2,40.0,87,29.3,88,7.8,0.0
2025-06-27 05:00:00,43.1,22.9,204.0,17.7,20.2,42.0,87,29.2,88,8.8,0.0
2025-06-27 06:00:00,47.1,22.6,287.0,19.5,19.3,41.0,86,28.8,89,6.5,0.0
2025-06-27 07:00:00,56.7,25.0,399.0,21.9,18.1,40.0,86,28.8,90,8.0,0.0
2025-06-27 08:00:00,72.9,29.5,470.0,22.7,18.3,46.0,85,29.8,83,8.6,0.0
2025-06-27 09:00:00,93.6,35.2,451.0,20.6,21.4,64.0,85,31.4,73,7.6,0.0
2025-06-27 10:00:00,103.1,38.8,392.0,17.0,25.9,89.0,84,32.8,64,6.5,0.0
2025-06-27 11:00:00,105.0,41.0,369.0,14.1,28.7,111.0,84,34.6,55,4.6,0.0
2025-06-27 12:00:00,99.4,39.9,417.0,12.0,28.2,129.0,85,35.9,51,4.1,0.0
2025-06-27 13:00:00,87.1,37.4,501.0,10.6,26.0,144.0,85,35.3,56,11.0,0.8
2025-06-27 14:00:00,87.1,38.6,601.0,11.6,24.3,149.0,85,29.4,80,9.0,10.4
2025-06-27 15:00:00,91.0,40.7,737.0,16.1,23.6,138.0,85,27.0,92,7.6,2.5
2025-06-27 16:00:00,92.7,43.2,888.0,23.1,23.3,118.0,86,27.6,90,6.6,1.3
2025-06-27 17:00:00,80.1,53.9,970.0,66.9,30.1,34.0,88,27.8,93,6.6,1.4
2025-06-27 18:00:00,78.0,49.2,931.0,63.6,28.5,36.0,91,29.2,85,9.6,0.0
2025-06-27 19:00:00,65.0,43.8,823.0,58.6,26.2,38.0,93,28.6,84,11.3,0.1
2025-06-27 20:00:00,61.2,39.6,722.0,51.8,23.4,42.0,95,27.8,87,12.5,0.2
2025-06-27 21:00:00,56.7,33.9,657.0,41.8,19.6,49.0,96,27.7,88,10.0,0.1
2025-06-27 22:00:00,52.3,30.0,599.0,29.9,15.3,57.0,97,27.7,88,9.8,0.2
2025-06-27 23:00:00,50.2,26.2,534.0,20.3,11.8,63.0,97,27.8,89,10.6,0.0
2025-06-28 00:00:00,50.3,24.4,450.0,14.6,9.8,66.0,97,27.9,91,9.1,0.2
2025-06-28 01:00:00,48.5,22.7,360.0,11.0,8.6,68.0,97,27.9,94,9.9,0.2
2025-06-28 02:00:00,43.2,20.4,290.0,8.5,7.8,70.0,97,27.9,94,10.6,0.1
2025-06-28 03:00:00,37.6,17.3,231.0,6.0,7.1,73.0,97,27.4,94,9.3,5.7
2025-06-28 04:00:00,41.0,17.5,193.0,4.6,6.7,76.0,96,27.0,97,11.8,10.3
2025-06-28 05:00:00,50.9,20.4,233.0,7.3,7.9,69.0,95,26.8,97,13.2,1.3
2025-06-28 06:00:00,48.2,20.1,436.0,11.9,9.0,64.0,95,26.7,98,7.2,3.1
2025-06-28 07:00:00,48.4,21.5,716.0,18.2,10.5,58.0,94,26.8,95,7.2,7.6
2025-06-28 08:00:00,54.4,24.0,882.0,21.8,12.1,58.0,94,27.2,93,8.0,0.8
2025-06-28 09:00:00,56.3,24.7,820.0,20.2,13.6,69.0,94,28.4,87,11.1,0.1
2025-06-28 10:00:00,53.2,21.6,642.0,16.0,15.2,86.0,93,28.8,84,11.6,0.1
2025-06-28 11:00:00,49.4,20.7,492.0,13.0,16.3,98.0,91,28.5,87,7.9,2.2
2025-06-28 12:00:00,47.5,21.5,422.0,13.1,16.7,100.0,89,28.4,88,7.5,1.2
2025-06-28 13:00:00,43.0,21.0,379.0,14.5,16.8,96.0,88,29.6,80,14.8,2.1
2025-06-28 14:00:00,38.4,19.8,349.0,15.6,16.9,93.0,86,28.5,83,13.8,0.5
2025-06-28 15:00:00,32.5,18.2,324.0,14.7,17.5,95.0,85,29.2,79,15.5,0.2
2025-06-28 16:00:00,33.6,19.2,313.0,13.6,18.2,97.0,83,28.2,83,16.5,0.3
2025-06-28 17:00:00,55.3,37.4,323.0,13.7,23.7,159.0,80,28.3,83,14.8,0.0
2025-06-28 18:00:00,49.8,33.2,376.0,19.6,22.6,130.0,79,28.5,83,13.9,0.0
2025-06-28 19:00:00,46.0,28.4,452.0,27.7,21.0,90.0,78,28.2,85,12.0,0.0
2025-06-28 20:00:00,49.7,27.5,496.0,32.8,19.3,59.0,76,28.0,86,11.8,0.0
2025-06-28 21:00:00,49.4,25.0,483.0,32.2,17.6,47.0,75,27.9,88,10.8,0.0
2025-06-28 22:00:00,48.3,23.5,438.0,28.6,15.9,45.0,74,27.9,88,9.7,0.1
2025-06-28 23:00:00,47.0,22.5,384.0,25.1,14.3,44.0,74,27.6,89,12.7,0.1
2025-06-29 00:00:00,47.5,22.5,317.0,22.4,12.7,43.0,73,27.7,88,14.9,0.1
2025-06-29 01:00:00,48.1,22.6,240.0,19.8,11.3,44.0,73,27.7,88,15.4,0.0
2025-06-29 02:00:00,48.8,22.5,187.0,17.6,10.5,45.0,73,27.5,90,15.3,0.0
2025-06-29 03:00:00,50.1,22.5,166.0,15.6,10.5,45.0,73,27.2,90,15.7,0.1
2025-06-29 04:00:00,46.2,21.8,168.0,14.0,11.1,45.0,74,27.3,89,14.8,0.1
2025-06-29 05:00:00,28.8,16.2,201.0,16.3,13.9,49.0,74,27.5,88,13.2,0.0
2025-06-29 06:00:00,23.2,14.8,295.0,17.5,14.9,53.0,74,27.8,91,8.1,0.0
2025-06-29 07:00:00,21.0,14.6,421.0,18.9,16.3,58.0,73,28.2,89,8.3,0.3
2025-06-29 08:00:00,18.1,13.8,497.0,18.8,17.4,66.0,73,28.9,85,10.1,0.1
2025-06-29 09:00:00,12.4,10.6,477.0,15.5,18.2,79.0,72,29.3,82,11.7,0.1
2025-06-29 10:00:00,10.3,9.4,406.0,10.7,18.7,94.0,71,29.6,81,9.4,0.0
2025-06-29 11:00:00,11.2,9.7,344.0,6.8,18.3,104.0,70,30.2,79,11.1,0.0
2025-06-29 12:00:00,16.1,10.4,308.0,4.8,16.1,107.0,69,30.0,80,14.4,0.0
2025-06-29 13:00:00,16.3,9.5,280.0,3.8,13.0,105.0,68,30.3,79,16.3,0.2
2025-06-29 14:00:00,19.5,10.4,265.0,3.7,10.9,102.0,67,30.2,79,16.9,0.3
2025-06-29 15:00:00,21.2,11.1,264.0,4.2,10.6,98.0,66,30.3,78,15.1,0.1
2025-06-29 16:00:00,21.8,11.6,276.0,5.5,11.2,93.0,65,29.9,79,16.7,0.0
2025-06-29 17:00:00,21.9,11.5,304.0,10.7,19.0,88.0,64,29.5,81,17.1,0.1
2025-06-29 18:00:00,24.3,13.1,364.0,16.2,18.9,76.0,62,30.1,79,10.1,0.0
2025-06-29 19:00:00,24.7,13.8,439.0,23.9,18.7,61.0,60,29.5,83,8.0,0.0
2025-06-29 20:00:00,25.0,16.4,483.0,29.7,18.2,48.0,59,29.1,86,6.7,0.0
2025-06-29 21:00:00,25.0,17.2,472.0,32.4,17.2,42.0,58,29.0,87,6.6,0.0
2025-06-29 22:00:00,25.6,18.0,430.0,33.3,15.9,40.0,57,28.9,88,6.7,0.0
2025-06-29 23:00:00,27.2,19.0,377.0,32.5,14.6,39.0,57,28.7,88,7.8,0.0
2025-06-30 00:00:00,30.3,20.0,311.0,29.3,13.4,40.0,57,28.3,92,11.0,0.1
2025-06-30 01:00:00,34.8,20.7,236.0,24.5,12.3,43.0,56,28.3,92,10.3,0.0
2025-06-30 02:00:00,43.8,22.2,181.0,20.0,11.4,46.0,56,28.3,90,11.4,0.1
2025-06-30 03:00:00,57.4,25.1,157.0,16.3,10.8,49.0,56,28.4,91,10.5,0.0
2025-06-30 04:00:00,72.9,27.9,153.0,13.0,10.4,52.0,56,28.5,90,10.2,0.0
2025-06-30 05:00:00,101.0,32.1,172.0,9.3,10.2,60.0,57,28.5,90,10.7,0.0
2025-06-30 06:00:00,103.1,32.8,234.0,10.0,10.6,61.0,58,29.2,84,11.9,0.0
2025-06-30 07:00:00,99.7,32.4,318.0,10.9,11.2,62.0,60,29.6,83,12.6,0.0
2025-06-30 08:00:00,92.4,29.4,365.0,10.8,11.7,64.0,62,30.2,77,20.1,0.2
2025-06-30 09:00:00,75.2,25.8,336.0,8.9,12.0,69.0,63,30.4,79,22.1,0.3
2025-06-30 10:00:00,62.9,23.3,270.0,6.0,12.2,75.0,64,30.8,75,21.9,0.1
2025-06-30 11:00:00,57.0,22.1,219.0,3.9,12.2,79.0,66,31.1,75,21.3,0.0
2025-06-30 12:00:00,55.3,21.8,202.0,3.2,11.8,79.0,67,31.4,74,21.0,0.0
2025-06-30 13:00:00,56.5,21.9,200.0,3.3,11.1,76.0,68,31.6,72,20.5,0.0
2025-06-30 14:00:00,54.8,21.5,207.0,3.8,10.5,73.0,69,31.4,71,20.9,0.0
2025-06-30 15:00:00,53.9,21.6,224.0,4.4,10.2,69.0,70,31.2,71,20.1,0.0
2025-06-30 16:00:00,49.8,20.3,249.0,5.4,10.1,64.0,71,30.8,72,20.6,0.1
2025-06-30 17:00:00,64.5,26.0,275.0,6.8,10.7,62.0,71,30.5,75,21.4,0.2
2025-06-30 18:00:00,60.1,24.0,304.0,11.0,10.7,55.0,73,30.5,79,18.5,0.0
2025-06-30 19:00:00,57.3,24.4,333.0,16.6,10.7,44.0,74,30.1,82,16.0,0.0
2025-06-30 20:00:00,50.1,23.5,345.0,20.4,10.6,37.0,75,29.7,84,15.4,0.0
2025-06-30 21:00:00,48.5,22.6,329.0,20.6,10.3,36.0,75,29.5,85,15.3,0.0
2025-06-30 22:00:00,48.7,22.4,296.0,18.9,9.9,37.0,76,29.2,86,14.9,0.0
2025-06-30 23:00:00,48.0,22.1,260.0,16.8,9.3,39.0,76,29.0,88,15.2,0.0
2025-07-01 00:00:00,46.2,21.2,219.0,14.3,8.5,41.0,76,28.9,88,15.1,0.0
2025-07-01 01:00:00,43.3,20.0,175.0,11.3,7.6,43.0,77,28.6,90,14.8,0.0
2025-07-01 02:00:00,41.0,19.0,144.0,9.0,7.0,44.0,76,28.4,91,13.4,0.0
2025-07-01 03:00:00,39.5,18.5,131.0,7.9,6.8,44.0,76,28.3,92,12.4,0.0
2025-07-01 04:00:00,40.6,18.7,131.0,7.5,7.0,44.0,76,28.3,92,11.5,0.0
2025-07-01 05:00:00,38.9,18.5,146.0,6.5,7.1,48.0,75,28.2,92,11.4,0.0
2025-07-01 06:00:00,43.1,19.8,189.0,8.6,8.0,47.0,74,29.0,87,12.7,0.0
2025-07-01 07:00:00,52.2,22.6,246.0,11.4,9.3,46.0,72,29.5,85,11.6,0.0
2025-07-01 08:00:00,59.1,24.6,282.0,12.7,10.6,49.0,72,30.0,79,15.2,0.0
2025-07-01 09:00:00,68.7,25.7,273.0,10.8,12.0,58.0,71,30.6,77,15.7,0.1
2025-07-01 10:00:00,79.2,27.9,243.0,7.4,13.4,70.0,71,31.5,73,14.2,0.0
2025-07-01 11:00:00,80.8,28.1,220.0,4.8,14.2,79.0,72,31.9,71,15.0,0.0
2025-07-01 12:00:00,78.2,27.7,217.0,3.9,14.1,83.0,72,32.0,70,16.2,0.0
2025-07-01 13:00:00,77.1,27.6,222.0,3.7,13.3,83.0,73,31.5,73,17.6,0.2
2025-07-01 14:00:00,64.0,24.1,232.0,4.1,12.7,81.0,73,31.0,75,17.7,0.1
2025-07-01 15:00:00,58.7,22.5,247.0,4.6,12.4,76.0,73,31.3,74,17.4,0.0
2025-07-01 16:00:00,53.1,21.0,268.0,5.7,12.1,69.0,73,30.9,75,17.6,0.1
2025-07-01 17:00:00,71.9,27.6,292.0,8.1,12.7,62.0,73,30.2,79,18.3,0.3
2025-07-01 18:00:00,66.4,26.1,327.0,12.5,12.5,54.0,74,30.3,76,14.3,0.0
2025-07-01 19:00:00,61.9,25.7,364.0,18.5,12.3,42.0,74,29.8,80,12.0,0.0
2025-07-01 20:00:00,53.0,25.1,381.0,22.6,12.0,34.0,74,29.4,82,11.4,0.0
2025-07-01 21:00:00,48.7,24.0,363.0,23.4,11.7,31.0,74,29.2,84,12.8,0.0
2025-07-01 22:00:00,48.2,23.3,323.0,22.4,11.4,32.0,74,29.0,86,13.1,0.0
2025-07-01 23:00:00,48.7,22.8,281.0,20.6,10.9,33.0,74,29.0,86,12.6,0.0
2025-07-02 00:00:00,47.8,21.5,235.0,17.7,9.9,36.0,74,28.6,88,13.0,0.1
2025-07-02 01:00:00,44.9,19.5,187.0,14.0,8.8,40.0,74,28.3,90,13.1,0.1
2025-07-02 02:00:00,43.2,17.9,152.0,10.9,7.9,43.0,74,28.2,91,13.2,0.2
2025-07-02 03:00:00,41.8,16.6,137.0,9.0,7.4,45.0,74,28.1,91,12.5,0.0
2025-07-02 04:00:00,42.8,16.1,137.0,7.8,7.1,46.0,74,28.0,91,11.2,0.0
2025-07-02 05:00:00,47.6,16.9,151.0,7.5,7.4,47.0,74,27.9,92,10.3,0.0
2025-07-02 06:00:00,47.7,17.2,193.0,9.0,8.6,47.0,74,28.7,88,10.3,0.0
2025-07-02 07:00:00,54.9,19.2,251.0,11.1,10.4,46.0,73,29.2,85,9.2,0.0
2025-07-02 08:00:00,65.2,21.2,286.0,11.9,12.0,49.0,73,30.1,76,12.1,0.0
2025-07-02 09:00:00,79.6,23.1,276.0,10.4,13.3,56.0,73,30.9,73,13.4,0.0
2025-07-02 10:00:00,87.1,24.8,243.0,7.7,14.5,67.0,73,31.4,70,14.4,0.0
2025-07-02 11:00:00,91.7,26.0,219.0,5.5,15.2,75.0,72,31.6,71,15.2,0.0
2025-07-02 12:00:00,92.2,27.1,215.0,4.4,15.2,81.0,72,31.6,73,15.0,0.0
2025-07-02 13:00:00,91.7,27.5,219.0,3.9,14.7,85.0,72,31.5,74,15.7,0.1
2025-07-02 14:00:00,87.1,26.7,229.0,4.0,14.2,85.0,72,31.5,74,16.3,0.1
2025-07-02 15:00:00,81.3,25.0,244.0,4.4,13.7,80.0,72,31.4,74,16.7,0.2
2025-07-02 16:00:00,74.3,23.0,266.0,5.3,13.1,71.0,73,30.9,76,16.8,0.2
2025-07-02 17:00:00,100.8,29.6,290.0,8.3,14.6,62.0,73,30.5,78,16.8,0.1
2025-07-02 18:00:00,85.9,26.5,325.0,12.2,14.2,54.0,73,30.4,77,14.8,0.0
2025-07-02 19:00:00,83.8,26.5,362.0,17.6,13.6,43.0,73,29.7,82,14.3,0.1
2025-07-02 20:00:00,69.4,25.6,381.0,21.8,13.1,34.0,73,29.5,84,12.7,0.0
2025-07-02 21:00:00,65.2,25.6,368.0,23.7,12.9,31.0,73,29.5,82,12.7,0.0
2025-07-02 22:00:00,63.8,25.6,337.0,24.4,12.7,30.0,73,29.2,83,13.0,0.0
2025-07-02 23:00:00,61.9,25.1,299.0,24.0,12.3,30.0,73,29.0,84,13.0,0.0
2025-07-03 00:00:00,60.3,24.3,254.0,21.9,11.4,31.0,74,28.8,85,10.7,0.1
2025-07-03 01:00:00,57.6,22.9,202.0,18.7,10.2,34.0,74,28.6,87,11.4,0.1
2025-07-03 02:00:00,55.9,21.9,165.0,16.0,9.4,36.0,74,28.2,88,10.9,0.0
2025-07-03 03:00:00,54.9,21.2,134.0,14.5,9.0,36.0,74,28.1,90,9.5,0.0
2025-07-03 04:00:00,54.0,20.6,118.0,13.5,9.0,36.0,75,28.2,90,10.1,0.0
2025-07-03 05:00:00,64.5,22.2,155.0,11.6,9.7,40.0,75,28.1,90,9.5,0.1
2025-07-03 06:00:00,65.9,22.9,309.0,13.4,11.7,40.0,76,29.1,85,8.8,0.0
2025-07-03 07:00:00,75.0,25.9,517.0,15.8,14.5,40.0,76,29.0,86,9.9,0.0
2025-07-03 08:00:00,90.6,28.1,632.0,16.6,16.9,43.0,77,29.3,84,7.1,0.0
2025-07-03 09:00:00,98.0,28.2,560.0,14.2,18.6,52.0,77,29.9,80,7.4,0.1
2025-07-03 10:00:00,108.7,30.2,394.0,10.1,20.0,65.0,78,30.7,75,9.9,0.0
2025-07-03 11:00:00,120.6,33.2,267.0,7.2,21.1,76.0,78,31.7,70,11.6,0.0
2025-07-03 12:00:00,125.7,36.1,233.0,6.4,22.1,84.0,79,32.5,66,10.5,0.0
2025-07-03 13:00:00,121.5,36.3,238.0,6.8,22.9,90.0,80,32.5,66,13.3,0.0
2025-07-03 14:00:00,114.3,34.7,254.0,7.6,23.0,90.0,81,31.5,72,13.5,0.0
2025-07-03 15:00:00,105.2,31.8,274.0,8.4,22.0,82.0,81,31.6,72,13.2,0.0
2025-07-03 16:00:00,99.7,29.2,304.0,9.8,20.2,68.0,82,31.3,74,13.5,0.0
2025-07-03 17:00:00,108.5,34.6,337.0,14.2,22.3,60.0,82,30.5,77,13.2,0.0
2025-07-03 18:00:00,90.3,29.7,378.0,18.2,20.7,50.0,83,30.6,78,10.7,0.0
2025-07-03 19:00:00,81.7,26.3,421.0,23.8,18.4,36.0,83,30.2,80,11.0,0.0
2025-07-03 20:00:00,69.2,25.5,441.0,28.3,16.5,25.0,83,29.9,82,9.5,0.0
2025-07-03 21:00:00,68.0,25.8,424.0,31.0,15.7,20.0,83,29.7,83,8.4,0.0
2025-07-03 22:00:00,67.8,26.6,384.0,32.7,15.3,18.0,83,29.6,84,8.3,0.0
2025-07-03 23:00:00,63.8,26.4,339.0,32.2,14.5,19.0,83,29.5,85,8.9,0.0
2025-07-04 00:00:00,60.3,25.1,290.0,28.3,12.8,23.0,83,29.3,86,8.2,0.0
2025-07-04 01:00:00,56.7,23.4,236.0,22.3,10.8,29.0,83,29.1,86,8.6,0.0
2025-07-04 02:00:00,54.9,22.2,196.0,17.5,9.4,33.0,84,29.0,87,9.2,0.0
2025-07-04 03:00:00,55.9,21.9,171.0,14.8,8.9,34.0,84,28.9,87,7.6,0.0
2025-07-04 04:00:00,57.6,22.0,160.0,13.3,9.0,34.0,84,28.9,87,8.9,0.1
2025-07-04 05:00:00,56.5,23.3,179.0,16.7,11.9,30.0,84,28.7,89,9.4,0.1
2025-07-04 06:00:00,55.5,22.7,261.0,16.8,12.8,31.0,84,29.1,85,6.4,0.0
2025-07-04 07:00:00,62.6,24.1,374.0,16.8,14.1,34.0,84,29.2,85,6.5,0.0
2025-07-04 08:00:00,68.2,25.1,436.0,15.8,15.5,40.0,84,29.7,81,5.6,0.0
2025-07-04 09:00:00,84.3,26.5,396.0,13.0,17.1,52.0,83,30.9,74,7.2,0.0
2025-07-04 10:00:00,103.4,30.0,306.0,9.2,18.7,67.0,83,31.6,70,8.7,0.0
2025-07-04 11:00:00,113.9,33.4,240.0,6.4,19.8,80.0,83,32.5,66,11.2,0.0
2025-07-04 12:00:00,122.9,36.9,229.0,5.1,19.9,90.0,83,33.1,63,11.5,0.0
2025-07-04 13:00:00,118.0,37.0,241.0,4.6,19.5,96.0,83,33.0,64,13.1,0.0
2025-07-04 14:00:00,110.1,35.3,258.0,5.2,19.2,97.0,83,32.1,71,14.9,0.0
2025-07-04 15:00:00,118.0,38.0,274.0,6.8,19.2,87.0,83,31.9,71,13.5,0.0
2025-07-04 16:00:00,105.0,34.0,294.0,9.3,19.3,71.0,84,31.8,72,15.1,0.0
2025-07-04 17:00:00,125.3,37.4,315.0,10.1,20.1,77.0,84,31.1,75,12.7,0.0
2025-07-04 18:00:00,115.9,34.8,342.0,16.8,20.0,62.0,85,31.1,74,11.1,0.0
2025-07-04 19:00:00,101.0,31.8,369.0,26.0,19.7,42.0,85,30.4,79,10.6,0.0
2025-07-04 20:00:00,82.0,30.5,377.0,32.2,18.9,27.0,86,30.0,81,9.5,0.0
2025-07-04 21:00:00,72.4,28.4,353.0,32.8,17.2,23.0,86,29.7,82,10.7,0.0
2025-07-04 22:00:00,66.6,27.2,310.0,30.4,14.9,26.0,86,29.5,83,10.3,0.0
2025-07-04 23:00:00,62.9,26.4,270.0,27.1,12.9,30.0,86,29.3,84,9.2,0.0
2025-07-05 00:00:00,62.6,25.8,239.0,22.9,11.3,36.0,86,29.3,84,10.3,0.0
2025-07-05 01:00:00,63.3,25.6,212.0,17.9,9.9,43.0,86,29.3,85,9.5,0.0
2025-07-05 02:00:00,66.6,26.3,190.0,13.7,8.8,49.0,87,29.1,87,9.1,0.1
2025-07-05 03:00:00,71.7,27.7,169.0,11.1,8.0,53.0,87,28.9,88,9.2,0.2
2025-07-05 04:00:00,76.4,29.4,153.0,9.4,7.6,56.0,87,28.8,89,10.0,0.1
2025-07-05 05:00:00,76.1,28.9,160.0,9.8,8.8,55.0,88,28.7,89,9.8,0.0
2025-07-05 06:00:00,82.0,31.2,215.0,10.5,10.2,57.0,89,29.4,84,8.7,0.0
2025-07-05 07:00:00,103.4,35.5,293.0,11.4,12.1,60.0,89,29.7,82,8.7,0.0
2025-07-05 08:00:00,112.2,37.1,340.0,11.4,13.7,65.0,90,30.7,76,9.7,0.0
2025-07-05 09:00:00,120.6,38.6,325.0,9.6,14.9,74.0,91,31.8,70,9.7,0.0
2025-07-05 10:00:00,127.1,39.7,279.0,6.8,15.7,85.0,92,32.9,64,9.7,0.0
2025-07-05 11:00:00,127.1,40.4,242.0,4.7,16.2,94.0,93,33.7,61,11.2,0.0
2025-07-05 12:00:00,135.0,43.8,230.0,3.8,16.0,99.0,94,33.8,61,13.0,0.0
2025-07-05 13:00:00,124.3,41.7,228.0,3.5,15.3,101.0,95,33.5,63,14.3,0.0
2025-07-05 14:00:00,116.4,39.8,231.0,3.7,14.8,101.0,95,33.5,63,14.9,0.0
2025-07-05 15:00:00,112.2,38.4,242.0,4.2,14.9,97.0,95,33.0,65,16.6,0.0
2025-07-05 16:00:00,106.4,36.4,259.0,5.1,15.1,89.0,95,32.5,67,16.2,0.0
2025-07-05 17:00:00,107.3,36.7,269.0,7.2,16.1,85.0,96,32.4,67,16.6,0.0
2025-07-05 18:00:00,95.7,32.8,266.0,11.0,15.3,74.0,96,31.3,72,13.4,0.0
2025-07-05 19:00:00,88.2,30.6,258.0,16.1,14.1,60.0,95,30.5,77,12.6,0.0
2025-07-05 20:00:00,75.2,29.5,251.0,19.6,13.0,50.0,95,30.2,79,11.7,0.0
2025-07-05 21:00:00,69.8,28.7,254.0,20.0,12.1,48.0,95,30.1,80,12.9,0.0
2025-07-05 22:00:00,68.0,27.6,258.0,18.6,11.4,51.0,95,30.0,80,13.5,0.0
2025-07-05 23:00:00,68.0,26.5,252.0,16.7,10.5,54.0,95,29.9,82,11.6,0.1
2025-07-06 00:00:00,69.2,25.3,223.0,14.1,9.4,56.0,95,29.6,84,9.9,0.0
2025-07-06 01:00:00,68.9,24.1,183.0,10.9,8.2,58.0,95,29.5,84,11.6,0.0
2025-07-06 02:00:00,66.8,23.3,153.0,8.4,7.4,60.0,95,29.2,85,12.8,0.0
2025-07-06 03:00:00,62.4,22.8,138.0,7.1,7.2,62.0,95,28.9,86,13.7,0.0
2025-07-06 04:00:00,61.0,22.8,134.0,6.4,7.4,63.0,94,28.8,87,14.9,0.0
2025-07-06 05:00:00,63.8,22.8,147.0,6.5,8.2,62.0,94,28.7,87,14.2,0.0
2025-07-06 06:00:00,65.0,23.7,193.0,8.3,9.5,62.0,93,29.8,80,12.2,0.0
2025-07-06 07:00:00,74.0,26.3,255.0,10.8,11.2,63.0,93,30.1,78,13.9,0.0
2025-07-06 08:00:00,78.0,27.3,293.0,11.8,12.7,67.0,92,30.5,75,17.7,0.3
2025-07-06 09:00:00,84.1,28.6,282.0,10.1,13.6,76.0,91,31.1,73,17.1,0.2
2025-07-06 10:00:00,81.3,28.5,247.0,7.1,14.3,88.0,90,31.8,70,16.8,0.1
2025-07-06 11:00:00,84.3,29.9,220.0,4.7,14.6,97.0,89,32.4,67,15.4,0.1
2025-07-06 12:00:00,85.7,30.5,212.0,3.7,14.5,102.0,88,32.3,67,16.3,0.0
2025-07-06 13:00:00,86.4,30.7,213.0,3.4,14.0,105.0,87,32.2,67,16.1,0.0
2025-07-06 14:00:00,87.1,30.7,218.0,3.6,13.6,104.0,86,32.4,66,17.8,0.1
2025-07-06 15:00:00,85.7,29.9,230.0,4.1,13.3,98.0,85,32.0,68,17.0,0.0
2025-07-06 16:00:00,88.2,29.7,248.0,5.1,13.1,88.0,84,32.2,66,17.5,0.0
2025-07-06 17:00:00,82.0,30.3,262.0,8.9,16.4,83.0,84,31.6,68,16.1,0.0
2025-07-06 18:00:00,85.4,29.3,271.0,12.2,16.0,73.0,83,31.2,72,12.5,0.0
2025-07-06 19:00:00,87.5,28.7,278.0,16.9,15.6,59.0,83,30.6,75,10.7,0.0
2025-07-06 20:00:00,79.9,29.3,280.0,21.7,15.2,47.0,83,30.2,78,9.7,0.0
2025-07-06 21:00:00,80.3,31.2,278.0,27.0,15.3,38.0,83,30.0,80,12.1,0.0
2025-07-06 22:00:00,78.9,32.8,271.0,32.3,15.5,31.0,83,29.6,83,13.1,0.0
2025-07-06 23:00:00,79.2,33.2,256.0,34.7,15.2,28.0,83,29.4,84,12.0,0.0
2025-07-07 00:00:00,77.3,32.0,226.0,32.1,13.8,30.0,84,29.3,85,10.6,0.0
2025-07-07 01:00:00,75.0,30.5,189.0,26.6,11.8,35.0,85,29.1,85,10.3,0.0
2025-07-07 02:00:00,73.8,28.9,161.0,21.8,10.3,39.0,85,29.0,85,9.2,0.0
2025-07-07 03:00:00,72.2,27.4,139.0,19.0,9.3,41.0,86,28.9,86,6.8,0.0
2025-07-07 04:00:00,71.7,26.3,127.0,16.8,8.7,42.0,86,28.7,87,6.3,0.0
2025-07-07 05:00:00,72.6,32.7,156.0,33.5,13.8,21.0,86,28.6,87,5.9,0.0
2025-07-07 06:00:00,74.7,33.2,266.0,29.8,17.5,29.0,87,29.1,85,3.8,0.0
2025-07-07 07:00:00,90.8,35.0,416.0,24.5,22.5,40.0,88,29.4,82,2.9,0.0
2025-07-07 08:00:00,105.5,33.4,515.0,19.8,26.6,52.0,89,29.9,77,4.0,0.0
2025-07-07 09:00:00,107.3,33.9,515.0,16.4,28.8,63.0,89,30.5,74,4.2,0.0
2025-07-07 10:00:00,107.1,35.4,463.0,13.6,29.9,74.0,90,31.5,68,5.1,0.0
2025-07-07 11:00:00,106.9,36.8,409.0,11.4,30.3,85.0,91,32.4,64,8.1,0.0
2025-07-07 12:00:00,109.2,38.9,364.0,9.7,29.8,97.0,91,33.1,63,10.0,0.0
2025-07-07 13:00:00,112.0,41.2,318.0,8.5,28.5,110.0,92,33.0,62,12.0,0.0
2025-07-07 14:00:00,114.6,42.3,290.0,8.1,26.8,115.0,93,32.6,64,13.3,0.0
2025-07-07 15:00:00,111.5,40.9,297.0,8.3,24.4,110.0,94,32.0,67,13.0,0.0
2025-07-07 16:00:00,105.9,38.4,323.0,9.3,21.6,98.0,95,31.9,69,13.3,0.0
2025-07-07 17:00:00,108.3,38.1,339.0,9.9,19.5,91.0,96,31.5,70,13.5,0.0
2025-07-07 18:00:00,97.3,34.0,326.0,14.7,18.5,77.0,96,30.7,75,13.3,0.0
2025-07-07 19:00:00,92.2,31.4,302.0,21.2,17.2,57.0,97,30.1,79,12.5,0.0
2025-07-07 20:00:00,84.1,30.7,295.0,26.2,16.0,42.0,97,29.9,79,11.1,0.0
2025-07-07 21:00:00,84.8,30.4,326.0,28.1,15.4,36.0,97,29.8,79,9.7,0.0
2025-07-07 22:00:00,85.4,30.2,374.0,28.5,15.0,34.0,97,29.8,79,8.5,0.0
2025-07-07 23:00:00,83.8,29.9,395.0,28.1,14.4,34.0,97,29.5,82,7.3,0.0
2025-07-08 00:00:00,82.0,29.4,365.0,26.9,13.4,34.0,96,29.2,83,8.8,0.0
2025-07-08 01:00:00,80.3,28.6,308.0,24.9,12.2,35.0,96,29.0,84,9.2,0.0
2025-07-08 02:00:00,78.7,28.2,257.0,23.3,11.5,35.0,96,28.9,85,8.3,0.0
2025-07-08 03:00:00,78.5,27.9,211.0,22.7,11.1,34.0,96,28.8,85,5.7,0.0
2025-07-08 04:00:00,78.5,27.9,171.0,22.5,11.2,32.0,96,28.7,87,4.6,0.0
2025-07-08 05:00:00,85.9,29.7,175.0,22.7,11.9,34.0,96,28.6,87,3.8,0.0
2025-07-08 06:00:00,77.8,29.9,265.0,21.2,16.7,39.0,96,29.1,83,0.9,0.0
2025-07-08 07:00:00,104.3,31.9,400.0,19.0,23.3,47.0,96,29.6,79,0.9,0.0
2025-07-08 08:00:00,115.7,33.2,493.0,16.5,28.1,59.0,95,30.3,74,1.8,0.0
2025-07-08 09:00:00,115.9,34.1,506.0,13.3,29.6,77.0,95,31.1,70,3.3,0.0
2025-07-08 10:00:00,109.0,34.8,477.0,9.8,29.4,98.0,95,32.1,65,6.5,0.0
2025-07-08 11:00:00,103.6,36.7,437.0,7.0,28.2,115.0,95,32.9,61,8.8,0.0
2025-07-08 12:00:00,98.3,37.5,387.0,5.4,25.8,126.0,95,33.4,58,11.0,0.0
2025-07-08 13:00:00,94.8,37.1,325.0,4.5,22.5,132.0,95,33.7,55,13.0,0.0
2025-07-08 14:00:00,92.2,36.2,284.0,4.3,19.9,133.0,95,33.0,60,14.2,0.0
2025-07-08 15:00:00,94.5,36.4,282.0,4.7,18.8,127.0,94,32.8,63,15.4,0.0
2025-07-08 16:00:00,98.5,36.6,299.0,5.8,18.3,115.0,94,32.3,66,17.0,0.0
2025-07-08 17:00:00,110.4,42.6,309.0,8.9,17.1,100.0,94,31.6,69,16.5,0.0
2025-07-08 18:00:00,120.1,42.1,299.0,14.2,16.3,84.0,94,31.3,75,14.2,0.0
2025-07-08 19:00:00,122.0,40.9,282.0,21.4,15.2,62.0,95,30.5,79,13.7,0.0
2025-07-08 20:00:00,111.8,39.7,265.0,26.2,14.1,46.0,96,30.3,79,12.3,0.0
2025-07-08 21:00:00,115.9,38.9,251.0,26.4,13.1,41.0,96,30.2,80,9.5,0.0
2025-07-08 22:00:00,117.6,38.1,238.0,24.1,12.1,43.0,97,30.1,80,9.9,0.1
2025-07-08 23:00:00,114.8,36.8,222.0,21.6,11.2,44.0,98,29.9,80,11.8,0.1
2025-07-09 00:00:00,106.4,34.5,200.0,19.3,10.3,44.0,99,29.7,80,12.9,0.1
2025-07-09 01:00:00,93.4,31.5,176.0,16.9,9.5,44.0,99,29.5,82,13.0,0.1
2025-07-09 02:00:00,82.2,28.9,160.0,15.3,9.1,43.0,99,29.2,83,11.5,0.0
2025-07-09 03:00:00,73.8,26.9,149.0,15.5,8.9,39.0,99,28.7,86,10.3,0.1
2025-07-09 04:00:00,69.4,26.0,145.0,16.5,9.0,35.0,99,28.6,87,9.4,0.0
2025-07-09 05:00:00,71.2,27.5,170.0,19.6,10.9,31.0,99,28.3,89,9.0,0.0
2025-07-09 06:00:00,70.1,28.7,254.0,18.9,14.7,36.0,99,29.0,87,3.5,0.0
2025-07-09 07:00:00,90.6,30.7,366.0,17.7,19.9,44.0,99,29.4,83,4.5,0.0
2025-07-09 08:00:00,101.0,30.6,431.0,16.0,23.5,53.0,99,30.3,77,6.6,0.0
2025-07-09 09:00:00,108.0,32.6,405.0,13.1,24.0,66.0,98,31.2,72,7.7,0.0
2025-07-09 10:00:00,105.9,33.6,333.0,9.6,22.9,81.0,98,32.0,68,9.2,0.0
2025-07-09 11:00:00,105.9,35.4,275.0,7.0,21.4,92.0,98,32.6,65,10.0,0.0
2025-07-09 12:00:00,104.1,36.4,254.0,5.8,19.8,96.0,98,32.7,65,12.2,0.0
2025-07-09 13:00:00,102.9,36.9,248.0,5.4,17.9,97.0,98,32.6,67,13.2,0.0
2025-07-09 14:00:00,98.3,35.7,252.0,5.5,16.4,95.0,98,32.2,69,14.7,0.0
2025-07-09 15:00:00,95.9,35.0,269.0,5.9,15.8,91.0,98,32.2,70,14.4,0.1
2025-07-09 16:00:00,93.6,34.5,296.0,6.7,15.6,85.0,98,31.6,73,14.4,0.1
2025-07-09 17:00:00,99.9,36.9,314.0,9.2,16.9,80.0,98,31.5,73,13.5,0.0
2025-07-09 18:00:00,93.8,34.2,314.0,13.3,15.8,69.0,97,30.7,78,13.2,0.0
2025-07-09 19:00:00,91.3,32.7,305.0,19.1,14.2,53.0,96,30.3,81,13.5,0.0
2025-07-09 20:00:00,84.3,32.4,292.0,24.1,13.1,40.0,96,30.1,81,13.4,0.0
2025-07-09 21:00:00,86.8,32.8,275.0,28.0,13.0,33.0,95,30.1,81,12.5,0.0
2025-07-09 22:00:00,88.2,33.8,253.0,31.1,13.3,29.0,94,29.9,82,11.7,0.0
2025-07-09 23:00:00,87.3,34.3,230.0,31.9,13.2,28.0,94,29.7,83,10.3,0.1
2025-07-10 00:00:00,85.2,33.3,203.0,28.6,12.0,31.0,94,29.4,84,12.1,0.1
2025-07-10 01:00:00,80.3,30.7,174.0,22.9,10.4,37.0,94,29.2,85,11.6,0.0
2025-07-10 02:00:00,76.6,28.1,154.0,18.3,9.2,41.0,94,29.0,86,11.0,0.0
2025-07-10 03:00:00,73.6,26.2,143.0,16.0,8.6,42.0,94,28.8,86,9.2,0.0
2025-07-10 04:00:00,71.2,25.0,142.0,14.8,8.4,41.0,94,28.6,87,7.9,0.0
2025-07-10 05:00:00,71.2,26.7,161.0,17.6,10.2,36.0,93,28.4,88,7.7,0.0
2025-07-10 06:00:00,68.7,26.5,220.0,16.7,12.4,41.0,93,29.2,83,7.0,0.0
2025-07-10 07:00:00,92.0,28.8,299.0,15.4,15.4,47.0,93,29.5,80,8.7,0.0
2025-07-10 08:00:00,97.1,28.3,349.0,13.8,17.7,54.0,93,30.0,77,9.2,0.1
2025-07-10 09:00:00,102.0,29.0,341.0,11.7,18.5,61.0,93,30.8,73,10.5,0.1
2025-07-10 10:00:00,109.0,30.6,303.0,9.3,18.5,69.0,92,31.3,71,10.6,0.1
2025-07-10 11:00:00,114.8,32.5,271.0,7.4,18.3,76.0,92,31.7,70,12.1,0.1
2025-07-10 12:00:00,112.7,32.9,257.0,6.1,17.8,82.0,92,31.5,71,12.8,0.0
2025-07-10 13:00:00,113.9,34.5,248.0,5.3,17.1,87.0,92,32.0,67,13.4,0.0
2025-07-10 14:00:00,113.2,34.6,251.0,5.1,16.6,89.0,91,32.1,67,13.5,0.0
2025-07-10 15:00:00,115.3,35.4,271.0,5.3,16.6,88.0,91,32.3,66,12.2,0.0
2025-07-10 16:00:00,112.5,34.1,301.0,6.0,16.7,85.0,91,31.6,69,12.7,0.0
2025-07-10 17:00:00,130.4,37.8,326.0,8.7,17.2,73.0,91,31.1,71,11.0,0.0
2025-07-10 18:00:00,128.1,37.5,339.0,14.6,17.2,61.0,91,30.6,74,11.7,0.0
2025-07-10 19:00:00,123.4,36.9,346.0,22.7,17.2,44.0,92,30.1,77,11.1,0.0
2025-07-10 20:00:00,108.5,37.6,349.0,28.8,16.9,31.0,92,29.7,78,10.0,0.0
2025-07-10 21:00:00,101.3,37.3,353.0,31.2,16.0,26.0,93,29.7,78,8.6,0.0
2025-07-10 22:00:00,95.5,36.8,353.0,31.6,14.8,25.0,93,29.7,78,7.8,0.0
2025-07-10 23:00:00,89.2,36.0,336.0,30.8,13.6,25.0,93,29.6,79,8.3,0.0
2025-07-11 00:00:00,81.5,34.5,287.0,28.8,12.4,26.0,93,29.4,80,8.6,0.0
2025-07-11 01:00:00,73.6,31.9,220.0,25.6,11.1,28.0,93,29.3,80,9.5,0.0
2025-07-11 02:00:00,67.1,29.4,171.0,22.6,10.2,30.0,94,29.2,80,9.8,0.0
2025-07-11 03:00:00,61.0,27.1,146.0,20.2,9.5,31.0,94,28.9,82,9.7,0.1
2025-07-11 04:00:00,56.8,25.1,139.0,18.0,9.0,33.0,94,28.4,87,9.8,0.1
2025-07-11 05:00:00,55.8,24.2,159.0,15.7,9.8,36.0,94,28.3,88,8.1,0.0
2025-07-11 06:00:00,53.7,24.0,235.0,15.5,12.6,39.0,94,28.7,88,6.1,0.0
2025-07-11 07:00:00,66.8,26.4,339.0,15.2,16.4,43.0,93,29.1,86,4.9,0.0
2025-07-11 08:00:00,75.7,26.9,401.0,14.3,19.3,49.0,93,30.0,80,4.9,0.0
2025-07-11 09:00:00,87.3,27.5,380.0,12.3,20.6,57.0,93,31.1,73,6.3,0.0
2025-07-11 10:00:00,100.1,29.5,317.0,9.8,21.1,68.0,93,32.2,67,8.5,0.0
2025-07-11 11:00:00,105.2,31.2,267.0,7.7,21.0,76.0,93,32.8,64,10.3,0.0
2025-07-11 12:00:00,104.8,33.1,251.0,6.4,20.3,82.0,93,32.5,66,13.6,0.0
2025-07-11 13:00:00,99.7,32.9,248.0,5.7,19.1,87.0,93,32.4,67,15.7,0.0
2025-07-11 14:00:00,93.8,31.5,251.0,5.5,17.9,89.0,93,32.3,66,15.6,0.0
2025-07-11 15:00:00,91.7,29.8,260.0,5.7,16.9,86.0,92,32.1,66,16.0,0.0
2025-07-11 16:00:00,85.2,27.4,274.0,6.4,16.1,80.0,92,31.9,67,15.9,0.0
2025-07-11 17:00:00,93.1,30.2,283.0,8.3,15.8,73.0,91,31.3,69,15.7,0.0
2025-07-11 18:00:00,82.7,26.8,283.0,12.1,15.5,63.0,90,30.9,72,13.1,0.0
2025-07-11 19:00:00,74.0,24.7,279.0,17.4,15.0,49.0,90,30.2,76,11.5,0.0
2025-07-11 20:00:00,62.4,24.1,272.0,21.6,14.5,38.0,88,30.0,77,12.2,0.0
2025-07-11 21:00:00,60.1,24.4,264.0,24.0,14.1,33.0,87,29.8,78,12.9,0.0
2025-07-11 22:00:00,58.3,24.5,254.0,25.4,13.7,32.0,86,29.7,79,13.4,0.0
2025-07-11 23:00:00,56.8,24.6,237.0,25.2,13.1,32.0,85,29.4,81,13.6,0.0
2025-07-12 00:00:00,56.2,24.3,207.0,22.7,12.0,34.0,84,29.1,84,14.5,0.0
2025-07-12 01:00:00,55.1,23.3,170.0,18.6,10.6,38.0,83,28.9,85,15.1,0.0
2025-07-12 02:00:00,54.8,22.6,145.0,15.1,9.5,42.0,82,28.9,84,14.4,0.0
2025-07-12 03:00:00,54.4,22.0,134.0,12.5,8.6,44.0,82,28.8,85,13.9,0.0
2025-07-12 04:00:00,53.9,21.7,134.0,10.5,7.9,46.0,81,28.7,85,14.8,0.0
2025-07-12 05:00:00,60.1,22.6,153.0,10.2,8.1,48.0,81,28.6,85,14.7,0.0
2025-07-12 06:00:00,65.4,23.8,210.0,11.0,9.7,49.0,81,28.5,83,15.0,0.0
2025-07-12 07:00:00,71.9,25.7,285.0,12.0,11.9,51.0,81,28.7,80,14.5,0.0
2025-07-12 08:00:00,78.7,26.2,330.0,12.2,13.8,55.0,81,29.3,77,15.6,0.0
2025-07-12 09:00:00,90.1,28.3,314.0,10.9,15.1,62.0,81,29.9,75,16.3,0.0
2025-07-12 10:00:00,98.5,30.3,268.0,8.7,16.2,71.0,81,30.3,73,16.5,0.0
2025-07-12 11:00:00,98.3,30.3,233.0,7.0,16.6,77.0,81,31.5,68,16.0,0.0
2025-07-12 12:00:00,97.1,29.7,224.0,6.0,16.1,80.0,81,31.8,68,16.3,0.0
2025-07-12 13:00:00,95.2,28.7,225.0,5.4,15.1,81.0,80,32.1,67,16.5,0.0
2025-07-12 14:00:00,92.4,27.7,232.0,5.4,14.2,80.0,80,32.2,66,17.9,0.0
2025-07-12 15:00:00,83.6,25.6,248.0,5.8,13.8,75.0,80,32.2,65,18.6,0.0
2025-07-12 16:00:00,79.2,24.4,270.0,6.7,13.6,68.0,79,31.9,67,19.5,0.0
2025-07-12 17:00:00,96.6,29.6,283.0,8.7,15.9,72.0,79,31.4,69,17.3,0.0
2025-07-12 18:00:00,87.1,27.2,277.0,13.5,15.6,61.0,79,30.9,72,17.6,0.0
2025-07-12 19:00:00,75.7,25.0,261.0,19.9,15.1,46.0,79,30.4,74,16.4,0.0
2025-07-12 20:00:00,62.4,24.2,249.0,23.9,14.3,36.0,79,29.9,77,15.8,0.0
2025-07-12 21:00:00,57.3,23.5,248.0,23.1,13.0,35.0,79,29.5,80,17.6,0.0
2025-07-12 22:00:00,55.1,22.5,251.0,19.9,11.5,38.0,79,29.3,81,14.5,0.0
2025-07-12 23:00:00,53.8,22.1,243.0,16.6,10.2,42.0,79,29.7,80,11.7,0.0
2025-07-14 00:00:00,64.3,22.1,199.0,11.9,9.0,49.0,77,29.6,77,20.1,0.0
2025-07-14 01:00:00,65.2,21.6,172.0,9.8,8.5,51.0,77,29.5,78,20.3,0.0
2025-07-14 02:00:00,65.7,21.1,152.0,8.1,8.1,53.0,77,29.1,81,20.1,0.0
2025-07-14 03:00:00,64.7,20.6,138.0,7.0,7.8,54.0,77,28.8,83,19.4,0.0
2025-07-14 04:00:00,64.0,20.3,130.0,6.4,7.7,54.0,77,28.8,83,20.2,0.0
2025-07-14 05:00:00,61.7,20.0,140.0,6.5,8.1,55.0,77,29.0,83,20.1,0.0
2025-07-14 06:00:00,59.3,19.5,185.0,7.6,8.9,55.0,77,28.8,84,20.8,0.0
2025-07-14 07:00:00,63.8,20.4,248.0,9.1,10.1,56.0,77,28.8,84,20.5,0.0
2025-07-14 08:00:00,73.3,21.8,286.0,9.6,11.1,59.0,77,29.2,82,20.5,0.0
2025-07-14 09:00:00,85.2,24.2,273.0,8.3,11.8,66.0,77,29.8,79,21.5,0.0
2025-07-14 10:00:00,89.4,25.1,235.0,6.1,12.4,76.0,77,30.4,77,22.4,0.0
2025-07-14 11:00:00,101.5,27.7,207.0,4.4,12.9,84.0,77,31.2,75,22.9,0.0
2025-07-14 12:00:00,112.2,29.5,203.0,3.6,13.2,91.0,77,31.6,73,22.9,0.0
2025-07-14 13:00:00,124.3,31.3,209.0,3.3,13.4,96.0,77,31.9,73,22.7,0.0
2025-07-14 14:00:00,139.7,33.5,220.0,3.5,13.5,97.0,77,32.0,72,23.7,0.0
2025-07-14 15:00:00,126.2,32.1,240.0,4.1,13.4,92.0,78,31.8,73,25.0,0.0
2025-07-14 16:00:00,114.3,30.4,266.0,5.2,13.1,83.0,78,31.3,74,26.0,0.0
2025-07-14 17:00:00,111.1,31.1,280.0,7.4,14.9,78.0,78,30.8,76,25.7,0.0
2025-07-14 18:00:00,100.6,29.1,270.0,10.7,14.3,68.0,78,30.3,78,23.2,0.0
2025-07-14 19:00:00,92.2,27.6,248.0,15.3,13.3,55.0,79,29.8,80,21.3,0.0
2025-07-14 20:00:00,73.3,25.6,234.0,18.3,12.4,45.0,79,29.3,82,21.6,0.0
2025-07-14 21:00:00,68.2,24.3,240.0,18.4,11.4,43.0,78,29.1,83,20.9,0.0
2025-07-14 22:00:00,65.0,23.3,252.0,16.9,10.4,45.0,78,29.1,81,19.1,0.0
2025-07-14 23:00:00,63.6,22.9,253.0,15.4,9.6,47.0,78,29.2,81,13.8,0.0
2025-07-15 00:00:00,64.3,23.4,229.0,14.3,9.3,47.0,78,29.2,81,14.5,0.0
2025-07-15 01:00:00,61.2,23.1,192.0,13.2,9.2,47.0,78,29.1,82,14.8,0.0
2025-07-15 02:00:00,58.9,22.4,163.0,12.1,9.1,47.0,78,28.9,83,15.9,0.0
2025-07-15 03:00:00,58.0,21.9,142.0,10.6,8.6,47.0,78,28.7,84,15.8,0.0
2025-07-15 04:00:00,57.0,21.5,128.0,9.1,8.1,48.0,79,28.7,84,14.8,0.0
2025-07-15 05:00:00,60.8,22.2,137.0,9.4,8.9,47.0,79,28.8,81,13.1,0.0
2025-07-15 06:00:00,63.8,23.3,192.0,10.4,10.7,48.0,79,28.8,82,12.1,0.0
2025-07-15 07:00:00,75.7,26.7,269.0,11.6,13.3,51.0,79,29.0,81,12.7,0.0
2025-07-15 08:00:00,92.4,29.3,316.0,11.8,15.4,56.0,80,29.4,79,14.0,0.0
2025-07-15 09:00:00,103.4,31.7,301.0,10.0,16.7,67.0,80,29.8,78,15.4,0.0
2025-07-15 10:00:00,106.6,33.8,255.0,7.2,17.6,82.0,81,30.4,74,16.3,0.0
2025-07-15 11:00:00,109.4,36.2,221.0,5.0,17.9,92.0,82,31.2,69,15.0,0.0
2025-07-15 12:00:00,108.7,37.5,217.0,4.1,17.2,96.0,83,32.0,66,15.5,0.0
2025-07-15 13:00:00,102.2,36.0,226.0,3.8,16.0,96.0,83,32.4,65,17.7,0.0
2025-07-15 14:00:00,95.5,33.4,237.0,4.3,15.1,93.0,84,32.3,65,19.5,0.0
2025-07-15 15:00:00,90.8,31.1,251.0,5.5,15.2,86.0,84,31.8,69,20.9,0.0
2025-07-15 16:00:00,85.7,28.8,268.0,7.5,15.7,75.0,84,31.4,71,22.1,0.0
2025-07-15 17:00:00,101.7,34.6,278.0,10.1,15.7,64.0,84,31.1,71,21.4,0.0
2025-07-15 18:00:00,95.9,33.3,275.0,13.9,15.4,56.0,84,30.4,75,20.7,0.0
2025-07-15 19:00:00,91.3,32.7,266.0,19.0,14.8,45.0,84,29.7,78,18.4,0.0
2025-07-15 20:00:00,75.7,31.2,259.0,22.4,14.1,37.0,85,29.5,78,14.5,0.0
2025-07-15 21:00:00,71.7,30.3,263.0,22.6,13.0,35.0,85,29.6,77,14.1,0.0
2025-07-15 22:00:00,69.6,29.4,270.0,21.1,11.7,37.0,86,29.4,79,17.0,0.0
2025-07-15 23:00:00,69.2,29.1,265.0,19.2,10.6,39.0,86,29.4,82,16.3,0.0
2025-07-16 00:00:00,70.1,29.2,235.0,17.3,10.0,41.0,87,29.3,82,15.1,0.0
2025-07-16 01:00:00,69.8,28.3,192.0,15.0,9.7,42.0,87,29.2,83,13.4,0.0
2025-07-16 02:00:00,68.2,27.3,161.0,13.1,9.5,44.0,88,29.2,83,12.9,0.0
2025-07-16 03:00:00,66.1,26.4,147.0,11.5,9.2,45.0,88,29.1,83,13.6,0.0
2025-07-16 04:00:00,64.5,25.6,146.0,10.3,9.0,46.0,89,29.0,83,14.1,0.0
2025-07-16 05:00:00,62.9,25.0,164.0,9.8,9.9,47.0,89,29.1,82,12.9,0.0
2025-07-16 06:00:00,64.7,25.6,221.0,10.1,11.4,49.0,89,28.9,83,11.7,0.0
2025-07-16 07:00:00,79.9,28.3,298.0,10.5,13.4,53.0,89,29.1,83,11.4,0.0
2025-07-16 08:00:00,78.7,27.1,345.0,10.2,14.9,58.0,90,29.5,80,13.3,0.0
2025-07-16 09:00:00,90.1,29.3,332.0,8.8,15.4,66.0,89,30.1,77,14.4,0.0
2025-07-16 10:00:00,82.4,27.1,288.0,6.7,15.3,77.0,89,30.8,74,15.6,0.0
2025-07-16 11:00:00,79.9,26.6,252.0,5.1,14.9,84.0,89,31.3,70,16.2,0.0
2025-07-16 12:00:00,75.9,25.9,236.0,4.1,14.2,87.0,88,31.5,70,18.4,0.0
2025-07-16 13:00:00,72.6,25.4,227.0,3.6,13.2,87.0,87,31.9,66,19.1,0.0
2025-07-16 14:00:00,70.5,24.9,226.0,3.5,12.4,85.0,86,32.2,64,19.9,0.0
2025-07-16 15:00:00,69.2,24.1,238.0,3.9,12.1,80.0,85,32.1,65,22.2,0.0
2025-07-16 16:00:00,66.8,23.3,258.0,4.7,11.9,72.0,84,31.5,68,22.8,0.0
2025-07-16 17:00:00,81.3,28.2,272.0,6.6,12.1,64.0,84,31.0,72,21.9,0.0
2025-07-16 18:00:00,83.8,29.2,276.0,10.7,12.6,56.0,83,30.5,71,20.2,0.0
2025-07-16 19:00:00,82.0,30.2,274.0,16.4,13.3,45.0,83,30.4,70,17.5,0.0
2025-07-16 20:00:00,73.6,30.6,270.0,21.0,13.8,36.0,83,30.1,72,16.1,0.0
2025-07-16 21:00:00,75.2,32.2,266.0,24.0,14.0,31.0,83,29.5,77,16.1,0.0
2025-07-16 22:00:00,78.5,34.0,259.0,25.9,13.9,29.0,83,29.3,80,14.2,0.0
2025-07-16 23:00:00,80.6,34.8,246.0,26.1,13.5,29.0,83,29.8,77,13.6,0.0
2025-07-17 00:00:00,78.2,33.6,220.0,23.5,12.5,31.0,84,29.5,78,15.7,0.0
2025-07-17 01:00:00,75.2,31.8,189.0,19.2,11.1,36.0,84,29.4,79,15.0,0.0
2025-07-17 02:00:00,72.4,29.9,166.0,15.7,10.0,39.0,84,29.2,79,14.1,0.0
2025-07-17 03:00:00,70.8,28.5,154.0,13.8,9.2,39.0,85,29.1,79,13.0,0.0
2025-07-17 04:00:00,68.5,27.4,151.0,12.6,8.7,39.0,85,29.0,78,11.6,0.0
2025-07-17 05:00:00,66.1,26.1,168.0,10.3,8.5,42.0,85,29.4,78,9.7,0.0
2025-07-17 06:00:00,66.1,26.5,228.0,10.8,10.5,44.0,85,29.3,80,9.3,0.0
2025-07-17 07:00:00,83.4,30.0,308.0,11.4,13.2,48.0,85,29.6,79,10.8,0.0
2025-07-17 08:00:00,91.7,31.2,354.0,11.4,15.2,52.0,85,30.1,75,14.3,0.0
2025-07-17 09:00:00,88.9,30.3,332.0,10.1,15.9,57.0,86,30.6,72,14.8,0.0
2025-07-17 10:00:00,88.5,29.4,276.0,8.1,15.9,64.0,86,31.2,70,15.8,0.0
2025-07-17 11:00:00,87.1,29.0,233.0,6.4,15.8,70.0,86,32.1,66,12.3,0.0
2025-07-17 12:00:00,81.3,28.2,223.0,5.3,15.6,77.0,86,32.3,66,14.5,0.0
2025-07-17 13:00:00,82.4,28.2,226.0,4.4,15.2,85.0,86,32.2,67,16.3,0.0
2025-07-17 14:00:00,79.6,27.5,234.0,4.1,14.9,88.0,87,32.3,68,18.9,0.0
2025-07-17 15:00:00,75.0,26.7,247.0,4.4,14.6,85.0,87,32.0,68,20.6,0.0
2025-07-17 16:00:00,73.6,25.8,265.0,5.2,14.3,79.0,87,31.7,69,22.2,0.0
2025-07-17 17:00:00,83.8,28.5,281.0,6.8,14.9,73.0,87,31.4,71,21.8,0.0
2025-07-17 18:00:00,79.9,27.3,293.0,9.2,15.4,64.0,87,30.8,74,20.8,0.0
2025-07-17 19:00:00,74.5,26.4,302.0,12.5,16.1,52.0,87,30.3,75,17.5,0.0
2025-07-17 20:00:00,71.7,26.4,309.0,15.2,16.5,42.0,87,30.0,77,16.7,0.0
2025-07-17 21:00:00,69.4,26.1,318.0,16.6,16.5,38.0,86,29.8,78,15.6,0.0
2025-07-17 22:00:00,64.7,25.7,324.0,17.3,16.2,37.0,86,29.7,78,14.8,0.0
2025-07-17 23:00:00,60.3,25.3,316.0,17.4,15.4,37.0,85,29.8,78,13.5,0.0
2025-07-18 00:00:00,56.7,24.6,279.0,16.6,13.8,37.0,84,29.7,78,13.2,0.0
2025-07-18 01:00:00,54.0,23.8,228.0,15.1,11.9,38.0,84,29.5,79,13.7,0.0
2025-07-18 02:00:00,52.3,23.4,189.0,14.0,10.4,38.0,83,29.1,82,13.3,0.0
2025-07-18 03:00:00,51.0,23.1,169.0,13.6,9.6,37.0,82,29.0,83,12.0,0.0
2025-07-18 04:00:00,48.4,22.5,162.0,13.5,9.4,35.0,82,28.9,81,10.5,0.0
2025-07-18 05:00:00,53.4,24.8,177.0,16.0,11.4,31.0,81,29.1,83,8.7,0.0
2025-07-18 06:00:00,56.8,25.3,235.0,14.7,13.9,36.0,81,29.0,83,8.4,0.0
2025-07-18 07:00:00,65.7,26.2,315.0,12.8,17.2,42.0,81,29.3,82,10.5,0.0
2025-07-18 08:00:00,66.8,25.3,360.0,10.9,19.3,50.0,81,29.7,78,14.6,0.0
2025-07-18 09:00:00,70.5,25.7,336.0,8.8,18.8,60.0,80,30.1,77,15.9,0.0
2025-07-18 10:00:00,73.6,26.4,277.0,6.6,16.9,71.0,80,30.9,71,16.2,0.0
2025-07-18 11:00:00,77.8,27.2,233.0,5.0,15.5,79.0,80,32.0,68,15.2,0.0
2025-07-18 12:00:00,83.1,28.5,222.0,4.5,15.3,83.0,79,32.5,65,15.5,0.0
2025-07-18 13:00:00,87.1,29.6,225.0,4.6,15.5,84.0,79,32.9,64,16.8,0.0
2025-07-18 14:00:00,87.1,30.3,233.0,4.9,15.7,83.0,80,32.9,64,19.4,0.0
2025-07-18 15:00:00,83.8,29.8,248.0,5.2,15.8,81.0,80,32.6,66,21.3,0.0
2025-07-18 16:00:00,81.0,28.8,269.0,5.8,15.9,78.0,80,32.2,68,22.0,0.0
2025-07-18 17:00:00,84.8,30.5,284.0,7.1,17.3,82.0,80,31.7,69,22.1,0.0
2025-07-18 18:00:00,80.1,27.6,289.0,9.5,16.4,71.0,81,31.0,72,21.0,0.0
2025-07-18 19:00:00,73.1,25.1,288.0,12.7,15.1,55.0,81,30.3,77,19.2,0.0
2025-07-18 20:00:00,66.8,23.9,278.0,14.6,14.0,44.0,80,29.7,82,16.9,0.0
2025-07-18 21:00:00,66.6,23.7,254.0,14.1,13.4,42.0,80,29.4,84,16.9,0.0
2025-07-18 22:00:00,68.0,24.2,222.0,12.3,13.0,44.0,80,29.1,85,16.3,0.0
2025-07-18 23:00:00,64.5,23.9,193.0,10.6,12.3,46.0,80,29.2,84,16.7,0.0
2025-07-19 00:00:00,60.8,23.5,172.0,9.5,11.1,47.0,80,29.0,83,17.5,0.0
2025-07-19 01:00:00,50.8,21.0,154.0,8.5,9.6,47.0,80,28.9,83,16.4,0.0
2025-07-19 02:00:00,46.9,20.0,140.0,7.8,8.6,47.0,79,28.8,85,16.9,0.0
2025-07-19 03:00:00,48.4,20.3,125.0,7.3,8.2,46.0,79,28.6,85,17.4,0.0
2025-07-19 04:00:00,45.8,19.9,115.0,7.0,8.2,46.0,79,28.5,86,18.7,0.0
2025-07-19 05:00:00,52.2,21.2,125.0,7.2,10.3,47.0,79,28.5,85,17.6,0.0
2025-07-19 06:00:00,55.4,21.5,176.0,8.2,11.0,47.0,78,28.5,83,18.4,0.0
2025-07-19 07:00:00,58.0,22.2,248.0,9.4,12.0,47.0,78,28.6,82,19.1,0.0
2025-07-19 08:00:00,63.6,23.9,291.0,9.8,13.0,50.0,78,29.0,78,19.1,0.0
2025-07-19 09:00:00,78.9,27.8,276.0,8.5,14.0,60.0,78,29.6,75,19.9,0.0
2025-07-19 10:00:00,80.6,28.2,232.0,6.4,15.0,73.0,78,30.2,73,20.2,0.0
2025-07-19 11:00:00,88.9,30.6,199.0,4.9,15.7,82.0,78,31.1,69,21.6,0.0
2025-07-19 12:00:00,92.0,31.9,191.0,4.5,15.9,85.0,78,31.4,68,21.5,0.0
2025-07-19 13:00:00,88.9,31.4,194.0,4.6,15.8,84.0,78,31.6,68,21.7,0.0
2025-07-19 14:00:00,82.4,29.7,204.0,5.3,15.5,80.0,79,31.7,67,24.3,0.0
2025-07-19 15:00:00,77.5,27.8,228.0,6.7,15.1,72.0,79,31.6,68,24.8,0.0
2025-07-19 16:00:00,72.9,26.4,259.0,8.7,14.6,61.0,78,31.2,70,26.9,0.0
2025-07-19 17:00:00,72.2,26.4,277.0,10.1,15.6,55.0,78,31.2,72,23.8,0.0
2025-07-19 18:00:00,68.9,25.8,272.0,11.1,14.7,52.0,78,30.8,73,22.9,0.0
2025-07-19 19:00:00,66.1,25.5,253.0,12.4,13.4,49.0,78,30.5,75,22.8,0.0
2025-07-19 20:00:00,65.4,25.4,234.0,13.1,12.3,46.0,78,29.9,79,22.4,0.0
2025-07-19 21:00:00,57.7,24.0,217.0,12.6,11.7,46.0,78,29.4,82,23.4,0.0
2025-07-19 22:00:00,57.9,23.5,200.0,11.5,11.3,47.0,78,29.2,83,19.7,0.0
2025-07-19 23:00:00,55.3,23.1,184.0,10.5,10.9,48.0,78,29.3,82,16.4,0.0
2025-07-20 00:00:00,58.0,24.3,171.0,9.9,10.3,48.0,78,29.3,81,16.5,0.0
2025-07-20 01:00:00,55.6,23.7,159.0,9.5,9.7,47.0,78,29.3,81,14.5,0.0
2025-07-20 02:00:00,51.5,22.3,151.0,9.1,9.1,46.0,78,29.2,81,14.9,0.0
2025-07-20 03:00:00,48.3,21.1,139.0,8.4,8.4,46.0,78,29.2,81,16.5,0.0
2025-07-20 04:00:00,49.1,20.8,130.0,7.7,7.9,45.0,78,29.2,81,17.5,0.0
2025-07-20 05:00:00,43.0,19.3,146.0,9.0,8.6,43.0,78,29.3,81,17.1,0.0
2025-07-20 06:00:00,46.0,19.8,217.0,9.7,9.4,44.0,78,29.3,81,16.2,0.0
2025-07-20 07:00:00,55.4,22.1,313.0,10.7,10.6,46.0,78,29.4,81,17.1,0.0
2025-07-20 08:00:00,64.0,24.7,370.0,11.0,11.8,49.0,78,29.6,80,17.6,0.0
2025-07-20 09:00:00,73.6,26.9,348.0,9.9,13.2,55.0,78,29.9,79,18.0,0.0
2025-07-20 10:00:00,80.1,28.6,286.0,8.1,14.6,61.0,78,30.4,76,17.8,0.0
2025-07-20 11:00:00,79.2,28.5,238.0,6.9,15.8,66.0,78,30.8,73,16.2,0.0
2025-07-20 12:00:00,79.2,28.8,226.0,6.7,16.4,67.0,78,31.0,71,13.9,0.0
2025-07-20 13:00:00,80.3,29.2,228.0,6.9,16.8,67.0,78,31.3,70,14.0,0.0
2025-07-20 14:00:00,82.2,29.6,236.0,7.5,17.1,65.0,77,31.5,69,13.8,0.0
2025-07-20 15:00:00,82.7,29.6,251.0,8.2,17.6,62.0,77,31.4,70,15.8,0.3
2025-07-20 16:00:00,81.3,28.9,272.0,9.2,18.0,59.0,78,31.3,71,17.6,0.0
2025-07-20 17:00:00,78.5,28.5,291.0,11.5,19.8,55.0,78,30.9,73,17.1,0.0
2025-07-20 18:00:00,76.6,27.5,305.0,13.2,19.1,51.0,78,30.2,77,18.7,0.1
2025-07-20 19:00:00,72.4,26.5,317.0,15.6,18.0,45.0,78,29.9,80,17.4,0.0
2025-07-20 20:00:00,63.3,24.8,321.0,17.4,16.9,40.0,78,29.5,82,16.3,0.0
2025-07-20 21:00:00,57.4,24.4,316.0,18.4,15.9,38.0,78,29.3,83,14.0,0.0
2025-07-20 22:00:00,54.6,23.9,303.0,18.8,14.9,38.0,78,29.4,82,13.4,0.0
2025-07-20 23:00:00,53.1,23.8,281.0,18.4,13.9,39.0,78,29.7,82,13.0,0.0
2025-07-21 00:00:00,52.5,23.5,244.0,16.6,12.7,41.0,78,29.6,83,13.5,0.0
2025-07-21 01:00:00,52.4,23.0,198.0,13.9,11.4,44.0,78,29.4,84,12.8,0.0
2025-07-21 02:00:00,58.1,24.7,164.0,11.7,10.3,46.0,78,29.4,84,12.4,0.0
2025-07-21 03:00:00,52.7,23.3,146.0,10.4,9.4,46.0,78,29.4,82,13.4,0.0
2025-07-21 04:00:00,48.3,21.7,141.0,9.5,8.6,45.0,79,29.3,82,14.0,0.3
2025-07-21 05:00:00,45.8,20.8,157.0,11.7,9.2,39.0,79,29.1,84,12.7,1.4
2025-07-21 06:00:00,46.8,21.5,215.0,13.0,11.0,40.0,79,29.1,85,11.8,0.6
2025-07-21 07:00:00,50.8,23.7,293.0,14.6,13.6,41.0,79,29.0,86,12.6,0.4
2025-07-21 08:00:00,59.4,25.0,341.0,15.1,15.7,44.0,79,29.3,85,14.6,0.2
2025-07-21 09:00:00,63.1,25.7,326.0,13.5,16.9,51.0,79,29.5,83,16.1,0.3
2025-07-21 10:00:00,69.2,28.9,280.0,10.8,17.7,60.0,79,29.9,80,16.3,0.4
2025-07-21 11:00:00,73.6,29.8,246.0,8.5,18.0,68.0,79,30.5,78,16.2,0.4
2025-07-21 12:00:00,78.9,31.7,240.0,6.9,17.6,74.0,79,30.9,75,16.8,0.0
2025-07-21 13:00:00,85.4,34.3,245.0,5.6,16.7,79.0,79,31.2,74,16.4,0.0
2025-07-21 14:00:00,83.4,33.1,255.0,5.0,16.0,82.0,80,31.3,72,17.5,0.0
2025-07-21 15:00:00,81.3,32.6,268.0,5.1,15.8,81.0,80,31.2,72,18.7,0.0
2025-07-21 16:00:00,79.4,31.5,284.0,6.0,15.7,78.0,80,30.8,74,18.1,0.0
2025-07-21 17:00:00,97.8,37.3,300.0,8.3,17.5,82.0,81,31.3,71,20.0,0.0
2025-07-21 18:00:00,95.0,36.1,313.0,13.4,17.3,69.0,81,30.8,73,19.7,0.0
2025-07-21 19:00:00,86.4,33.9,325.0,20.3,17.0,52.0,82,30.3,76,18.2,0.0
2025-07-21 20:00:00,71.0,32.0,334.0,25.2,16.4,39.0,83,30.0,78,17.6,0.0
2025-07-21 21:00:00,66.8,30.9,344.0,26.2,15.5,34.0,84,29.7,79,17.3,0.0
2025-07-21 22:00:00,64.5,30.4,350.0,25.1,14.3,34.0,84,29.5,81,16.9,0.0
2025-07-21 23:00:00,62.4,30.0,337.0,23.2,13.1,35.0,85,29.9,81,12.1,0.0
2025-07-22 00:00:00,60.5,29.1,286.0,20.3,11.8,37.0,85,29.8,82,11.3,0.0
2025-07-22 01:00:00,58.0,27.8,216.0,16.6,10.4,40.0,86,29.7,82,11.2,0.0
2025-07-22 02:00:00,55.5,26.6,164.0,13.6,9.4,43.0,86,29.5,83,12.3,0.0
2025-07-22 03:00:00,53.2,25.4,142.0,11.9,8.8,43.0,86,29.4,83,13.3,0.0
2025-07-22 04:00:00,50.1,24.3,138.0,10.8,8.5,43.0,87,29.4,83,13.6,0.0
2025-07-22 05:00:00,49.2,23.7,152.0,10.1,8.8,44.0,87,29.6,81,12.6,0.0
2025-07-22 06:00:00,49.2,23.5,199.0,10.4,10.2,45.0,87,29.5,82,13.4,0.0
2025-07-22 07:00:00,55.5,24.8,264.0,10.8,12.2,48.0,87,29.7,81,14.5,0.0
2025-07-22 08:00:00,57.9,24.7,304.0,10.5,13.8,52.0,87,30.1,78,17.4,0.0
2025-07-22 09:00:00,65.0,25.8,293.0,8.8,14.6,60.0,87,30.5,76,18.7,0.0
2025-07-22 10:00:00,72.4,28.1,257.0,6.5,14.9,71.0,87,30.8,76,19.8,0.0
2025-07-22 11:00:00,85.7,32.4,228.0,4.7,14.9,79.0,87,31.4,72,19.1,0.0
2025-07-22 12:00:00,78.9,30.2,219.0,3.9,14.3,83.0,87,31.7,71,20.0,0.0
2025-07-22 13:00:00,75.2,28.8,217.0,3.7,13.3,84.0,87,31.8,70,20.8,0.0
2025-07-22 14:00:00,82.0,30.5,222.0,3.9,12.5,83.0,87,31.9,69,22.6,0.0
2025-07-22 15:00:00,72.9,27.5,239.0,4.4,12.1,79.0,87,31.9,68,23.1,0.0
2025-07-22 16:00:00,73.3,27.4,263.0,5.2,11.8,71.0,86,31.7,68,23.8,0.0
2025-07-22 17:00:00,86.4,31.2,278.0,6.9,13.7,72.0,86,31.5,70,23.2,0.0
2025-07-22 18:00:00,82.7,30.0,275.0,10.8,13.4,62.0,85,31.0,72,24.0,0.0
2025-07-22 19:00:00,78.9,29.3,263.0,16.1,13.0,49.0,85,30.5,75,23.7,0.0
2025-07-22 20:00:00,67.5,28.6,251.0,19.2,12.4,40.0,84,30.1,77,23.2,0.0
2025-07-22 21:00:00,65.4,28.2,243.0,18.4,11.4,39.0,84,29.8,78,23.2,0.0
2025-07-22 22:00:00,60.1,26.4,235.0,15.4,10.1,43.0,84,29.7,79,22.5,0.0
2025-07-22 23:00:00,55.8,24.6,221.0,12.5,8.9,46.0,83,30.1,78,20.3,0.0
2025-07-23 00:00:00,51.2,22.7,195.0,10.2,7.9,48.0,83,29.9,79,21.3,0.0
2025-07-23 01:00:00,49.2,21.5,163.0,8.0,6.9,51.0,82,29.6,80,22.6,0.0
2025-07-23 02:00:00,48.8,21.0,140.0,6.3,6.3,53.0,82,29.5,80,23.5,0.0
2025-07-23 03:00:00,48.4,20.6,128.0,5.3,6.0,54.0,81,29.5,77,22.4,0.0
2025-07-23 04:00:00,48.1,20.1,126.0,4.7,6.0,55.0,81,29.3,78,21.9,0.0
2025-07-23 05:00:00,50.8,21.0,139.0,4.7,6.3,55.0,80,29.3,78,22.1,0.0
2025-07-23 06:00:00,51.2,20.9,184.0,6.0,7.1,55.0,80,29.3,79,21.9,0.0
2025-07-23 07:00:00,57.4,22.5,245.0,7.7,8.3,54.0,80,29.5,78,22.6,0.0
2025-07-23 08:00:00,65.0,24.3,284.0,8.5,9.3,56.0,80,30.0,76,24.3,0.0
2025-07-23 09:00:00,69.8,25.4,277.0,7.6,10.0,61.0,80,30.2,75,27.4,0.0
2025-07-23 10:00:00,73.6,26.4,247.0,5.9,10.6,68.0,80,30.5,74,27.3,0.0
2025-07-23 11:00:00,72.9,26.1,224.0,4.5,10.9,73.0,80,31.1,72,26.0,0.0
2025-07-23 12:00:00,73.1,26.1,218.0,3.9,10.7,75.0,79,31.5,70,26.6,0.0
2025-07-23 13:00:00,76.1,26.7,219.0,3.6,10.2,75.0,79,31.6,70,26.7,0.0
2025-07-23 14:00:00,74.7,26.8,225.0,3.7,9.8,74.0,78,31.6,70,27.2,0.0
2025-07-23 15:00:00,74.5,26.9,239.0,4.1,9.7,71.0,78,31.3,72,27.8,0.0
2025-07-23 16:00:00,69.2,25.6,259.0,4.9,9.6,66.0,78,31.1,72,27.4,0.0
2025-07-23 17:00:00,67.3,25.0,272.0,6.8,10.1,62.0,78,30.8,74,25.7,0.0
2025-07-23 18:00:00,65.4,24.6,274.0,10.3,10.1,56.0,77,30.2,76,24.4,0.0
2025-07-23 19:00:00,54.1,23.6,269.0,15.2,10.2,48.0,77,29.7,76,22.4,0.0
2025-07-23 20:00:00,53.2,24.0,262.0,18.1,10.1,42.0,76,29.5,77,20.6,0.0
2025-07-23 21:00:00,53.3,24.0,255.0,17.5,9.8,42.0,76,29.5,77,19.7,0.0
2025-07-23 22:00:00,48.9,22.5,246.0,15.1,9.4,44.0,76,29.5,78,19.6,0.0
2025-07-23 23:00:00,47.7,21.5,231.0,12.7,8.8,47.0,75,29.8,77,20.7,0.0
2025-07-24 00:00:00,46.3,20.7,206.0,10.7,8.0,49.0,75,29.6,79,21.0,0.0
2025-07-24 01:00:00,43.7,19.6,176.0,8.7,7.0,51.0,75,29.3,81,20.6,0.0
2025-07-24 02:00:00,42.8,19.0,154.0,7.1,6.4,52.0,75,28.9,83,20.8,0.0
2025-07-24 03:00:00,43.3,19.0,140.0,6.1,6.2,53.0,74,28.8,83,21.5,0.0
2025-07-24 04:00:00,45.8,19.6,134.0,5.6,6.3,53.0,74,28.7,83,21.6,0.0
2025-07-24 05:00:00,40.7,19.0,148.0,5.9,6.2,52.0,74,28.8,81,21.1,0.0
2025-07-24 06:00:00,44.6,19.9,202.0,7.3,7.4,52.0,74,28.9,78,19.7,0.0
2025-07-24 07:00:00,50.4,21.9,275.0,9.1,9.1,52.0,74,29.2,76,18.6,0.0
2025-07-24 08:00:00,60.8,24.2,320.0,9.9,10.5,55.0,74,29.8,74,19.3,0.0
2025-07-24 09:00:00,68.2,25.8,308.0,8.6,11.4,62.0,74,30.5,71,20.0,0.0
2025-07-24 10:00:00,75.0,28.1,267.0,6.2,12.0,72.0,74,30.9,70,21.3,0.0
2025-07-24 11:00:00,83.4,30.9,235.0,4.3,12.4,80.0,74,31.1,71,22.9,0.0
2025-07-24 12:00:00,85.2,32.0,224.0,3.6,12.5,84.0,75,31.1,72,22.7,0.0
2025-07-24 13:00:00,82.9,31.2,222.0,3.5,12.3,86.0,75,31.6,69,22.7,0.0
2025-07-24 14:00:00,81.0,31.0,228.0,3.7,12.2,86.0,75,31.8,68,22.0,0.0
2025-07-24 15:00:00,82.2,31.1,245.0,3.9,12.2,82.0,76,31.7,69,21.9,0.0
2025-07-24 16:00:00,79.6,30.4,270.0,4.6,12.3,76.0,76,31.4,70,21.8,0.0
2025-07-24 17:00:00,85.7,32.7,291.0,6.4,13.7,76.0,77,31.1,71,20.7,0.0
2025-07-24 18:00:00,78.0,30.0,306.0,9.7,13.7,67.0,77,30.7,71,19.9,0.0
2025-07-24 19:00:00,71.2,28.3,318.0,14.3,13.7,54.0,78,30.4,73,19.5,0.0
2025-07-24 20:00:00,66.8,28.3,323.0,17.9,13.5,44.0,78,30.1,75,18.0,0.0
2025-07-24 21:00:00,57.0,27.0,320.0,19.8,13.2,40.0,79,30.0,78,16.6,0.0
2025-07-24 22:00:00,55.1,26.1,309.0,20.7,12.8,39.0,79,29.9,78,15.8,0.0
2025-07-24 23:00:00,53.0,25.5,290.0,20.5,12.1,39.0,79,30.0,79,15.4,0.0
2025-07-25 00:00:00,51.2,24.6,257.0,18.5,11.0,41.0,80,29.7,81,15.3,0.0
2025-07-25 01:00:00,48.1,23.3,215.0,15.4,9.6,43.0,80,29.4,81,14.9,0.0
2025-07-25 02:00:00,44.9,21.9,183.0,12.6,8.5,46.0,80,29.3,82,14.2,0.0
2025-07-25 03:00:00,42.3,20.7,162.0,10.6,7.9,48.0,80,29.2,82,13.7,0.0
2025-07-25 04:00:00,40.6,19.8,151.0,8.9,7.6,49.0,81,29.1,83,13.7,0.0
2025-07-25 05:00:00,40.4,19.6,163.0,8.9,8.0,50.0,81,29.0,83,15.0,0.0
2025-07-25 06:00:00,41.6,19.7,221.0,9.9,9.3,50.0,81,28.9,83,15.3,0.0
2025-07-25 07:00:00,50.1,21.4,302.0,11.2,11.1,51.0,81,29.1,81,15.1,0.0
2025-07-25 08:00:00,55.1,22.4,349.0,11.5,12.8,55.0,81,29.7,77,16.6,0.0
2025-07-25 09:00:00,61.2,23.2,329.0,9.8,14.2,65.0,80,30.3,74,17.4,0.0
2025-07-25 10:00:00,69.2,25.0,275.0,7.2,15.4,77.0,80,30.9,72,17.9,0.0
2025-07-25 11:00:00,74.5,26.1,235.0,5.2,16.0,86.0,80,31.5,68,17.7,0.0
2025-07-25 12:00:00,77.1,26.4,228.0,4.5,15.5,88.0,80,32.0,66,18.6,0.0
2025-07-25 13:00:00,78.7,26.3,235.0,4.4,14.4,85.0,79,32.1,66,20.0,0.0
2025-07-25 14:00:00,79.9,26.0,246.0,4.6,13.4,82.0,79,32.2,66,20.7,0.0
2025-07-25 15:00:00,82.7,26.5,260.0,5.1,12.8,78.0,78,32.2,66,21.9,0.0
2025-07-25 16:00:00,82.0,25.6,277.0,5.8,12.3,72.0,78,31.6,69,22.7,0.0
2025-07-25 17:00:00,98.0,29.5,287.0,6.3,13.1,71.0,77,31.2,71,20.4,0.0
2025-07-25 18:00:00,94.5,28.1,284.0,9.3,13.0,64.0,77,30.6,73,20.1,0.0
2025-07-25 19:00:00,90.3,27.1,274.0,13.3,12.8,55.0,77,30.1,75,19.0,0.0
2025-07-25 20:00:00,74.3,25.6,266.0,16.1,12.4,48.0,77,29.9,77,16.4,0.0
2025-07-25 21:00:00,67.3,25.2,266.0,16.6,11.8,47.0,77,29.9,77,17.1,0.0
2025-07-25 22:00:00,63.3,24.8,267.0,16.0,10.9,48.0,76,29.7,78,19.9,0.0
2025-07-25 23:00:00,57.3,23.7,259.0,14.8,10.1,50.0,76,29.5,81,17.4,0.0
2025-07-26 00:00:00,54.1,22.8,232.0,13.1,9.2,51.0,76,29.4,82,15.8,0.0
2025-07-26 01:00:00,58.3,23.6,196.0,11.0,8.3,53.0,76,29.3,81,15.3,0.0
2025-07-26 02:00:00,54.7,22.5,169.0,9.3,7.8,54.0,76,29.4,80,16.1,0.0
2025-07-26 03:00:00,51.9,21.7,153.0,8.2,7.7,54.0,76,29.1,81,18.3,0.0
2025-07-26 04:00:00,51.7,21.4,145.0,7.6,7.9,54.0,76,28.9,83,20.8,0.0
2025-07-26 05:00:00,50.6,20.9,159.0,7.5,8.3,56.0,76,29.0,81,18.4,0.0
2025-07-26 06:00:00,53.7,21.1,216.0,9.5,9.9,55.0,76,28.9,81,16.2,0.0
2025-07-26 07:00:00,61.7,22.9,293.0,12.2,12.1,55.0,76,29.0,80,15.0,0.0
2025-07-26 08:00:00,69.8,24.7,338.0,13.4,13.9,57.0,77,29.4,77,15.8,0.0
2025-07-26 09:00:00,79.6,26.4,316.0,11.9,14.9,64.0,77,30.2,73,16.0,0.0
2025-07-26 10:00:00,85.9,27.8,262.0,8.9,15.5,73.0,77,31.2,67,18.4,0.0
2025-07-26 11:00:00,89.4,28.8,220.0,6.4,15.5,81.0,77,31.7,67,21.3,0.0
2025-07-26 12:00:00,91.7,29.9,210.0,4.9,14.6,87.0,78,31.8,68,24.1,0.0
2025-07-26 13:00:00,87.1,29.2,213.0,3.9,13.2,91.0,78,31.8,69,24.5,0.0
2025-07-26 14:00:00,86.1,28.8,221.0,3.5,12.1,92.0,78,32.2,66,24.8,0.0
2025-07-26 15:00:00,81.7,27.6,234.0,3.9,11.5,87.0,78,32.0,67,27.2,0.0
2025-07-26 16:00:00,75.9,25.8,251.0,5.0,11.2,78.0,79,31.4,70,27.7,0.0
2025-07-26 17:00:00,92.0,30.9,264.0,6.1,11.3,72.0,79,30.6,72,25.8,0.0
2025-07-26 18:00:00,88.0,30.2,269.0,8.7,11.5,66.0,79,30.2,73,24.0,0.0
2025-07-26 19:00:00,83.6,29.7,269.0,12.2,11.7,57.0,79,29.7,74,22.4,0.0
2025-07-26 20:00:00,75.4,29.3,264.0,14.7,11.8,51.0,79,29.6,75,20.4,0.0
2025-07-26 21:00:00,71.7,29.0,252.0,15.5,11.6,49.0,79,29.4,77,21.6,0.0
2025-07-26 22:00:00,71.2,29.1,235.0,15.2,11.3,49.0,80,29.1,79,20.5,0.0
2025-07-26 23:00:00,71.9,29.3,216.0,14.5,10.9,50.0,80,29.4,79,17.9,0.0
2025-07-27 00:00:00,72.9,29.3,193.0,13.1,10.2,51.0,81,29.2,79,19.5,0.0
2025-07-27 01:00:00,98.0,36.7,168.0,11.3,9.4,52.0,81,28.8,82,20.5,0.0
2025-07-27 02:00:00,75.9,30.6,152.0,9.6,8.8,54.0,82,28.6,83,19.6,0.0
2025-07-27 03:00:00,72.6,29.4,146.0,8.2,8.3,55.0,83,28.6,82,17.8,0.0
2025-07-27 04:00:00,68.0,27.6,149.0,7.1,8.0,57.0,84,28.7,82,18.7,0.0
2025-07-27 05:00:00,49.2,21.0,164.0,5.0,7.2,62.0,84,28.9,81,17.3,0.0
2025-07-27 06:00:00,53.0,21.7,204.0,7.0,8.5,61.0,84,28.8,82,18.3,0.0
2025-07-27 07:00:00,62.2,23.4,256.0,9.7,10.3,59.0,84,28.9,80,18.4,0.0
2025-07-27 08:00:00,63.8,23.9,286.0,11.2,11.8,60.0,84,29.4,78,19.1,0.0
2025-07-27 09:00:00,67.3,24.3,273.0,10.2,12.9,65.0,84,30.2,73,20.6,0.0
2025-07-27 10:00:00,65.9,23.8,238.0,7.9,13.6,72.0,84,30.7,71,22.2,0.0
2025-07-27 11:00:00,68.2,24.2,212.0,6.0,13.9,78.0,84,31.4,69,21.9,0.0
2025-07-27 12:00:00,68.0,24.3,206.0,4.8,13.3,82.0,83,31.6,68,23.9,0.0
2025-07-27 13:00:00,68.0,24.6,209.0,3.8,12.1,85.0,83,31.6,69,25.3,0.0
2025-07-27 14:00:00,69.2,24.8,217.0,3.7,11.3,85.0,82,31.4,70,26.4,0.0
2025-07-27 15:00:00,66.6,24.3,233.0,4.8,11.3,80.0,82,31.0,72,26.7,0.0
2025-07-27 16:00:00,65.7,23.8,254.0,6.6,11.6,72.0,82,30.5,73,25.0,0.0
2025-07-27 17:00:00,69.6,26.5,268.0,7.1,12.9,72.0,82,30.0,75,23.6,0.0
2025-07-27 18:00:00,71.7,26.9,270.0,9.2,13.0,66.0,81,29.7,76,22.0,0.0
2025-07-27 19:00:00,78.0,29.3,265.0,12.2,13.1,58.0,81,29.2,79,22.9,0.0
2025-07-27 20:00:00,68.5,27.2,258.0,14.6,13.1,52.0,81,28.8,79,21.6,0.0
2025-07-27 21:00:00,63.6,26.8,253.0,16.1,12.9,48.0,81,28.9,77,20.2,0.0
2025-07-27 22:00:00,63.8,27.4,245.0,17.1,12.5,46.0,81,28.9,78,19.7,0.0
2025-07-27 23:00:00,61.0,26.1,232.0,16.8,11.9,46.0,80,29.3,82,16.1,0.0
2025-07-28 00:00:00,58.8,24.3,207.0,14.5,11.0,48.0,80,29.1,82,16.3,0.0
2025-07-28 01:00:00,56.6,22.8,176.0,11.1,9.9,52.0,80,29.0,83,16.1,0.0
2025-07-28 02:00:00,64.5,24.3,152.0,8.3,9.0,55.0,78,28.9,83,15.7,0.0
2025-07-28 03:00:00,58.1,21.5,136.0,6.6,8.4,57.0,78,28.8,83,16.9,0.0
2025-07-28 04:00:00,56.8,20.2,128.0,5.6,7.9,58.0,77,28.6,84,18.6,0.0
2025-07-28 05:00:00,52.5,18.6,137.0,5.6,7.7,58.0,77,28.8,82,21.2,0.0
2025-07-28 06:00:00,68.0,21.3,180.0,6.9,8.3,57.0,76,28.8,83,21.2,0.0
2025-07-28 07:00:00,70.8,19.8,241.0,8.7,9.2,57.0,76,28.9,82,23.1,0.0
2025-07-28 08:00:00,68.0,20.0,277.0,9.5,10.0,58.0,76,29.1,81,25.2,0.0
2025-07-28 09:00:00,70.5,20.4,264.0,8.3,10.6,63.0,76,29.5,79,24.9,0.0
2025-07-28 10:00:00,75.0,21.9,226.0,6.1,11.2,70.0,75,30.0,76,27.5,0.0
2025-07-28 11:00:00,75.9,22.4,199.0,4.4,11.4,76.0,75,30.6,72,25.3,0.0
2025-07-28 12:00:00,74.0,22.5,194.0,3.6,11.1,79.0,75,31.1,69,26.3,0.0
2025-07-28 13:00:00,73.1,22.9,200.0,3.3,10.5,80.0,75,31.5,67,27.4,0.0
2025-07-28 14:00:00,72.2,23.1,211.0,3.4,9.9,79.0,75,31.5,68,27.7,0.0
2025-07-28 15:00:00,72.6,23.0,231.0,4.0,9.6,75.0,74,31.4,69,27.7,0.0
2025-07-28 16:00:00,71.5,22.2,258.0,5.1,9.3,69.0,74,31.3,69,27.5,0.0
2025-07-28 17:00:00,79.4,24.3,275.0,6.3,10.1,64.0,74,30.8,73,24.8,0.0
2025-07-28 18:00:00,79.6,24.4,276.0,8.2,10.0,60.0,74,30.3,75,23.6,0.0
2025-07-28 19:00:00,75.7,23.8,269.0,10.9,9.9,53.0,74,29.9,76,23.0,0.0
2025-07-28 20:00:00,71.9,23.5,260.0,12.7,9.8,49.0,73,29.6,79,21.6,0.0
2025-07-28 21:00:00,69.2,23.7,256.0,13.2,9.8,48.0,73,29.4,80,19.5,0.0
2025-07-28 22:00:00,66.6,23.5,250.0,12.9,9.7,49.0,73,29.2,81,19.5,0.0
2025-07-28 23:00:00,63.8,23.0,237.0,12.0,9.5,50.0,72,29.2,83,18.5,0.0
2025-07-29 00:00:00,62.2,22.7,207.0,10.4,8.9,51.0,72,29.2,83,20.2,0.0
2025-07-29 01:00:00,57.6,21.1,170.0,8.2,8.0,53.0,72,29.0,83,21.8,0.0
2025-07-29 02:00:00,53.4,19.5,141.0,6.4,7.3,55.0,72,28.8,84,20.8,0.0
2025-07-29 03:00:00,49.7,18.0,124.0,5.3,6.8,56.0,71,28.8,84,21.5,0.0
2025-07-29 04:00:00,46.6,17.1,116.0,4.5,6.4,57.0,71,28.8,84,22.8,0.0
2025-07-29 05:00:00,47.0,17.0,125.0,4.7,6.5,57.0,71,28.8,85,22.2,0.0
2025-07-29 06:00:00,45.9,16.8,166.0,5.9,7.1,56.0,71,28.7,86,23.3,0.0
2025-07-29 07:00:00,49.1,17.9,223.0,7.5,7.8,55.0,70,28.7,86,23.3,0.0
2025-07-29 08:00:00,54.2,19.6,257.0,8.3,8.5,56.0,70,29.1,82,25.2,0.0
2025-07-29 09:00:00,60.1,21.0,245.0,7.4,9.0,60.0,70,29.8,79,27.3,0.0
2025-07-29 10:00:00,61.2,21.7,211.0,5.6,9.4,65.0,70,30.3,76,29.3,0.0
2025-07-29 11:00:00,59.8,21.7,185.0,4.2,9.5,69.0,70,30.5,75,27.3,0.0
2025-07-29 12:00:00,60.1,22.0,180.0,3.4,9.1,72.0,70,30.9,72,28.0,0.0
2025-07-29 13:00:00,58.2,21.4,183.0,2.9,8.5,74.0,70,31.1,72,28.9,0.0
2025-07-29 14:00:00,58.0,20.8,191.0,2.9,8.1,74.0,70,31.3,71,29.4,0.0
2025-07-29 15:00:00,58.6,20.7,205.0,3.3,8.2,72.0,70,31.0,72,29.0,0.0
2025-07-29 16:00:00,56.1,19.8,225.0,4.1,8.4,68.0,69,30.8,73,28.8,0.0
2025-07-29 17:00:00,61.0,21.8,239.0,5.4,9.1,65.0,69,30.7,74,28.1,0.0
2025-07-29 18:00:00,54.0,20.4,245.0,7.9,8.9,60.0,69,30.2,76,27.4,0.0
2025-07-29 19:00:00,49.9,20.2,246.0,11.3,8.7,54.0,69,29.7,78,24.7,0.0
2025-07-29 20:00:00,43.9,19.7,245.0,13.6,8.6,49.0,68,29.4,80,23.6,0.0
2025-07-29 21:00:00,46.0,20.9,246.0,13.9,8.9,48.0,68,29.2,80,22.7,0.0
2025-07-29 22:00:00,53.9,23.9,244.0,13.1,9.4,49.0,68,29.2,80,22.5,0.0
2025-07-29 23:00:00,48.8,22.4,234.0,12.0,9.6,50.0,68,29.2,82,18.7,0.0
2025-07-30 00:00:00,48.0,22.0,207.0,10.5,9.2,51.0,68,29.0,83,19.3,0.0
2025-07-30 01:00:00,47.8,21.4,171.0,8.7,8.6,53.0,68,28.8,84,19.5,0.0
2025-07-30 02:00:00,48.7,20.9,144.0,7.2,8.0,54.0,68,28.6,85,19.7,0.0
2025-07-30 03:00:00,50.4,20.7,128.0,6.1,7.4,55.0,68,28.6,86,19.1,0.0
2025-07-30 04:00:00,51.8,20.6,119.0,5.3,6.9,55.0,68,28.5,86,18.6,0.0
2025-07-30 05:00:00,53.2,20.7,128.0,5.2,6.7,55.0,68,28.6,84,20.7,0.0
2025-07-30 06:00:00,53.4,20.9,169.0,6.4,6.9,54.0,69,28.5,84,21.0,0.0
2025-07-30 07:00:00,60.3,22.6,227.0,8.3,7.4,53.0,69,28.7,83,20.6,0.0
2025-07-30 08:00:00,60.8,23.1,262.0,9.2,8.1,53.0,69,29.2,79,22.3,0.0
2025-07-30 09:00:00,65.7,24.1,251.0,8.3,9.0,57.0,70,29.7,76,25.6,0.0
2025-07-30 10:00:00,66.6,24.1,218.0,6.4,10.0,63.0,70,30.3,74,26.1,0.0
2025-07-30 11:00:00,68.9,24.7,195.0,4.9,10.8,68.0,70,30.8,72,24.9,0.0
2025-07-30 12:00:00,70.1,25.1,194.0,4.1,11.1,73.0,71,31.3,70,25.9,0.0
2025-07-30 13:00:00,71.5,25.7,203.0,3.7,11.1,78.0,71,31.4,70,25.9,0.0
2025-07-30 14:00:00,72.9,26.4,216.0,3.8,11.1,80.0,71,31.6,70,26.2,0.0
2025-07-30 15:00:00,73.6,26.3,232.0,4.1,11.3,79.0,72,31.3,71,26.4,0.0
2025-07-30 16:00:00,79.2,27.3,252.0,4.8,11.5,75.0,72,30.9,72,24.7,0.0
2025-07-30 17:00:00,83.6,27.4,270.0,7.6,11.9,65.0,73,30.5,75,23.5,0.0
2025-07-30 18:00:00,85.0,27.4,284.0,10.0,11.9,60.0,73,30.1,77,21.0,0.0
2025-07-30 19:00:00,80.6,27.5,296.0,13.3,11.8,53.0,74,29.9,76,17.6,0.0
2025-07-30 20:00:00,77.1,27.5,302.0,15.6,11.7,48.0,75,29.6,78,16.6,0.0
2025-07-30 21:00:00,71.9,27.4,302.0,16.4,11.5,46.0,75,29.4,79,15.7,0.0
2025-07-30 22:00:00,69.4,27.0,296.0,16.2,11.3,46.0,76,29.4,80,15.3,0.0
2025-07-30 23:00:00,68.5,26.9,280.0,15.3,10.9,46.0,76,29.7,82,11.8,0.0
2025-07-31 00:00:00,65.4,26.2,245.0,13.3,10.2,48.0,77,29.5,83,12.4,0.0
2025-07-31 01:00:00,65.2,25.3,201.0,10.7,9.4,50.0,77,29.3,84,11.4,0.0
2025-07-31 02:00:00,65.2,24.6,169.0,8.6,8.7,52.0,77,29.2,85,10.8,0.0
2025-07-31 03:00:00,64.3,23.9,155.0,7.6,8.2,52.0,78,29.1,86,10.9,0.0
2025-07-31 04:00:00,61.2,23.0,154.0,7.2,7.9,51.0,78,29.0,86,9.8,0.0
2025-07-31 05:00:00,72.4,25.4,170.0,9.4,9.6,50.0,78,28.6,88,10.8,0.0
2025-07-31 06:00:00,71.9,25.0,219.0,10.1,10.6,51.0,79,28.4,89,10.8,0.0
2025-07-31 07:00:00,82.2,26.5,284.0,11.1,12.1,52.0,79,28.5,88,11.5,0.0
2025-07-31 08:00:00,87.5,27.6,323.0,11.3,13.3,55.0,79,28.9,85,14.3,0.0
2025-07-31 09:00:00,93.8,29.1,308.0,10.0,14.3,61.0,80,29.5,80,16.0,0.0
2025-07-31 10:00:00,94.8,29.6,265.0,8.0,15.1,68.0,80,30.0,76,16.0,0.0
2025-07-31 11:00:00,95.5,30.5,233.0,6.3,15.3,74.0,81,30.7,74,14.3,0.0
2025-07-31 12:00:00,94.1,30.3,223.0,5.2,14.5,78.0,81,30.9,73,17.3,0.0
2025-07-31 13:00:00,92.0,30.0,224.0,4.3,13.2,81.0,82,31.1,73,18.3,0.0
2025-07-31 14:00:00,87.5,28.6,232.0,4.1,12.2,81.0,82,31.3,70,18.9,0.0
2025-07-31 15:00:00,81.3,27.0,252.0,4.6,11.9,77.0,82,31.2,70,20.1,0.0
2025-07-31 16:00:00,76.1,25.7,280.0,5.7,12.0,71.0,82,30.7,73,20.5,0.0
2025-07-31 17:00:00,78.2,27.6,301.0,7.5,12.4,63.0,82,30.4,76,17.0,0.0
2025-07-31 18:00:00,74.7,27.0,308.0,12.2,12.7,55.0,82,29.8,78,15.8,0.0
2025-07-31 19:00:00,83.6,31.1,308.0,18.7,13.2,43.0,82,29.3,81,13.4,0.0
2025-07-31 20:00:00,58.7,26.6,306.0,23.2,13.4,35.0,82,28.8,84,12.8,0.0
2025-07-31 21:00:00,52.0,25.7,305.0,24.0,13.4,33.0,82,28.6,85,11.7,0.0
2025-07-31 22:00:00,48.7,25.1,301.0,22.8,13.2,34.0,82,28.4,86,11.3,0.0
2025-07-31 23:00:00,47.8,24.7,288.0,21.0,12.7,35.0,82,28.9,85,9.3,0.0
2025-08-01 00:00:00,47.7,24.0,258.0,18.5,11.6,37.0,82,28.7,87,9.4,0.0
2025-08-01 01:00:00,48.5,23.2,220.0,15.4,10.2,39.0,82,28.6,87,8.7,0.0
2025-08-01 02:00:00,48.5,22.6,190.0,12.8,9.2,41.0,81,28.4,87,8.8,0.0
2025-08-01 03:00:00,47.4,21.8,173.0,11.2,8.7,42.0,81,28.4,86,11.1,0.0
2025-08-01 04:00:00,46.4,20.9,165.0,10.2,8.6,41.0,81,28.2,88,14.2,0.0
2025-08-01 05:00:00,45.8,19.7,174.0,8.4,8.7,45.0,81,28.2,88,12.8,0.0
2025-08-01 06:00:00,45.2,19.3,217.0,9.0,9.4,46.0,80,28.0,88,13.1,0.0
2025-08-01 07:00:00,51.0,20.3,277.0,9.8,10.4,48.0,80,28.0,87,13.2,0.0
2025-08-01 08:00:00,54.1,20.5,312.0,9.9,11.3,51.0,79,28.4,85,15.0,0.0
2025-08-01 09:00:00,64.7,21.8,295.0,8.6,12.0,58.0,79,28.9,82,17.1,0.0
2025-08-01 10:00:00,69.2,23.1,253.0,6.6,12.6,66.0,78,29.3,79,18.5,0.0
2025-08-01 11:00:00,67.5,23.1,220.0,5.0,12.9,73.0,77,29.4,80,19.0,0.0
2025-08-01 12:00:00,68.0,23.6,209.0,4.2,12.6,76.0,77,29.9,76,19.7,0.0
2025-08-01 13:00:00,64.0,23.1,208.0,3.9,11.8,78.0,76,30.2,73,20.2,0.0
2025-08-01 14:00:00,62.6,22.7,215.0,4.0,11.3,77.0,76,30.4,71,21.9,0.0
2025-08-01 15:00:00,58.6,21.9,234.0,4.4,11.1,74.0,75,30.3,72,23.7,0.0
2025-08-01 16:00:00,57.3,21.3,262.0,5.3,11.1,68.0,75,29.8,76,22.4,0.0
2025-08-01 17:00:00,72.6,25.5,282.0,7.0,11.7,63.0,74,29.7,77,19.9,0.0
2025-08-01 18:00:00,83.8,28.1,290.0,11.0,11.8,56.0,74,29.2,79,18.6,0.0
2025-08-01 19:00:00,69.6,25.8,291.0,16.6,12.0,45.0,74,28.8,80,16.9,0.0
2025-08-01 20:00:00,58.2,25.1,288.0,20.5,12.1,38.0,74,28.4,82,15.6,0.0
2025-08-01 21:00:00,58.4,25.4,285.0,21.5,12.1,36.0,73,28.2,82,15.1,0.0
2025-08-01 22:00:00,57.7,25.3,278.0,20.9,12.0,36.0,73,28.1,84,14.3,0.0
2025-08-01 23:00:00,73.6,29.0,261.0,19.6,11.7,37.0,73,28.4,85,13.3,0.0
2025-08-02 00:00:00,59.8,25.6,226.0,17.4,10.9,39.0,74,28.2,86,14.1,0.0
2025-08-02 01:00:00,58.2,24.4,181.0,14.5,9.9,42.0,74,28.1,86,15.5,0.0
2025-08-02 02:00:00,56.7,23.2,148.0,11.9,9.1,44.0,74,27.9,87,16.8,0.0
2025-08-02 03:00:00,56.8,22.2,130.0,9.8,8.5,46.0,74,27.7,87,16.8,0.0
2025-08-02 04:00:00,59.1,21.9,124.0,8.1,8.2,48.0,74,27.5,88,17.6,0.0
2025-08-02 05:00:00,56.9,20.8,138.0,6.8,7.9,51.0,74,27.5,88,16.8,0.0
2025-08-02 06:00:00,58.7,20.4,194.0,8.5,8.5,51.0,74,27.5,85,17.2,0.0
2025-08-02 07:00:00,64.0,21.1,271.0,10.8,9.3,50.0,74,27.6,84,18.0,0.0
2025-08-02 08:00:00,63.6,20.7,316.0,12.2,10.2,51.0,75,28.1,81,21.9,0.0
2025-08-02 09:00:00,68.0,20.5,297.0,11.8,11.2,53.0,75,28.5,79,24.5,0.0
2025-08-02 10:00:00,67.1,20.0,246.0,10.5,12.1,56.0,74,29.0,76,25.7,0.0
2025-08-02 11:00:00,61.9,19.3,207.0,9.2,12.7,59.0,74,29.7,75,23.8,0.0
2025-08-02 12:00:00,64.5,19.4,197.0,7.8,12.6,62.0,74,30.1,74,24.1,0.0
2025-08-02 13:00:00,65.4,19.3,199.0,6.5,12.0,65.0,73,30.1,73,23.3,0.0
2025-08-02 14:00:00,64.7,19.3,209.0,5.8,11.6,66.0,73,30.3,71,23.8,0.0
2025-08-02 15:00:00,62.6,19.2,228.0,6.1,11.5,65.0,73,29.8,74,24.0,0.0
2025-08-02 16:00:00,60.5,19.2,255.0,7.2,11.5,62.0,73,29.7,73,23.4,0.0
2025-08-02 17:00:00,78.0,23.6,277.0,9.1,11.9,57.0,72,29.8,73,22.3,0.0
2025-08-02 18:00:00,74.0,23.7,290.0,12.9,11.8,51.0,72,29.3,75,20.8,0.0
2025-08-02 19:00:00,65.9,23.6,299.0,18.1,11.6,43.0,72,28.8,77,18.2,0.0
2025-08-02 20:00:00,58.8,23.7,299.0,21.4,11.3,38.0,72,28.4,81,15.8,0.0
2025-08-02 21:00:00,55.1,23.2,289.0,21.2,11.0,37.0,72,28.1,83,14.8,0.0
2025-08-02 22:00:00,54.2,22.8,272.0,19.2,10.7,39.0,71,27.9,84,13.6,0.0
2025-08-02 23:00:00,53.6,22.4,248.0,16.9,10.2,41.0,71,28.2,85,11.5,0.0
2025-08-03 00:00:00,51.1,21.5,213.0,14.5,9.5,43.0,71,28.0,86,11.8,0.0
2025-08-03 01:00:00,49.0,20.2,172.0,11.9,8.7,45.0,70,28.0,87,12.4,0.0
2025-08-03 02:00:00,47.8,19.2,142.0,9.7,8.0,47.0,70,27.8,87,13.8,0.0
2025-08-03 03:00:00,47.4,18.5,125.0,8.1,7.5,48.0,69,27.7,87,14.3,0.0
2025-08-03 04:00:00,47.0,18.0,119.0,7.0,7.1,49.0,69,27.5,85,14.8,0.0
2025-08-03 05:00:00,48.2,18.1,132.0,6.6,7.3,51.0,69,27.6,84,15.5,0.0
2025-08-03 06:00:00,50.1,18.3,184.0,8.2,8.5,51.0,69,27.4,85,13.8,0.0
2025-08-03 07:00:00,56.0,19.9,257.0,10.3,10.2,51.0,68,27.5,85,13.5,0.0
2025-08-03 08:00:00,65.7,21.4,301.0,11.2,11.5,54.0,68,28.1,82,17.1,0.0
2025-08-03 09:00:00,72.4,22.2,290.0,9.7,12.3,62.0,68,28.8,78,21.4,0.0
2025-08-03 10:00:00,73.3,22.4,250.0,7.0,12.8,72.0,68,29.1,77,23.3,0.0
2025-08-03 11:00:00,77.5,23.3,220.0,4.9,12.9,79.0,69,29.8,74,21.1,0.0
2025-08-03 12:00:00,78.7,23.9,211.0,3.9,12.5,82.0,69,30.4,71,21.0,0.0
2025-08-03 13:00:00,71.9,22.7,211.0,3.5,11.8,82.0,69,30.8,68,21.1,0.0
2025-08-03 14:00:00,78.2,23.5,217.0,3.6,11.2,80.0,70,30.8,68,22.0,0.0
2025-08-03 15:00:00,73.8,22.6,233.0,4.1,11.0,76.0,70,30.1,73,23.9,0.0
2025-08-03 16:00:00,69.4,21.4,255.0,5.1,10.9,70.0,70,29.7,74,23.4,0.0
2025-08-03 17:00:00,78.7,23.5,275.0,7.0,11.4,65.0,71,29.4,75,20.6,0.0
2025-08-03 18:00:00,62.6,19.6,290.0,9.6,12.1,59.0,71,28.9,77,19.1,0.0
2025-08-03 19:00:00,59.1,19.3,301.0,13.2,13.1,51.0,70,28.5,79,16.8,0.0
2025-08-03 20:00:00,53.8,19.1,307.0,16.2,13.6,45.0,70,28.1,83,15.0,0.0
2025-08-03 21:00:00,49.4,19.5,308.0,18.2,13.5,41.0,69,27.9,84,14.8,0.0
2025-08-03 22:00:00,46.0,19.6,304.0,19.6,12.9,39.0,69,27.7,84,14.3,0.0
2025-08-03 23:00:00,43.3,18.6,286.0,19.7,12.1,38.0,69,27.9,86,12.0,0.0
2025-08-04 00:00:00,39.6,17.5,243.0,17.7,11.0,39.0,68,27.7,87,10.9,0.0
2025-08-04 01:00:00,38.1,16.5,187.0,14.5,9.6,42.0,68,27.6,88,9.4,0.0
2025-08-04 02:00:00,36.7,15.6,145.0,11.7,8.5,44.0,68,27.6,88,11.1,0.1
2025-08-04 03:00:00,36.6,15.0,124.0,9.9,7.9,45.0,67,27.5,88,15.0,0.0
2025-08-04 04:00:00,36.2,14.5,118.0,8.5,7.6,47.0,67,27.4,88,15.1,0.0
2025-08-04 05:00:00,36.6,14.3,134.0,7.8,7.7,48.0,67,27.5,88,15.0,0.0
2025-08-04 06:00:00,35.9,14.2,192.0,8.4,8.5,49.0,67,27.4,86,14.4,0.0
2025-08-04 07:00:00,42.7,15.5,272.0,9.8,9.8,49.0,66,27.5,84,13.9,0.0
2025-08-04 08:00:00,44.6,16.3,318.0,10.2,10.9,52.0,66,28.1,79,16.6,0.0
2025-08-04 09:00:00,50.5,17.3,295.0,8.7,11.7,60.0,65,28.8,76,20.6,0.0
2025-08-04 10:00:00,57.4,18.9,238.0,6.2,12.4,70.0,65,29.3,75,22.8,0.0
2025-08-04 11:00:00,61.9,19.8,195.0,4.3,12.7,78.0,65,29.8,74,22.0,0.0
2025-08-04 12:00:00,66.8,21.2,186.0,3.4,12.3,81.0,64,30.2,72,23.5,0.0
2025-08-04 13:00:00,65.9,21.1,193.0,3.1,11.5,82.0,64,30.5,72,24.7,0.0
2025-08-04 14:00:00,67.3,21.1,204.0,3.3,10.9,80.0,64,30.5,72,26.3,0.0
2025-08-04 15:00:00,63.8,20.3,222.0,3.8,10.7,76.0,64,30.2,71,25.8,0.0
2025-08-04 16:00:00,60.1,19.5,245.0,4.9,10.7,69.0,63,30.1,70,25.0,0.0
2025-08-04 17:00:00,63.8,20.2,261.0,7.0,10.7,61.0,63,29.7,74,22.0,0.0
2025-08-04 18:00:00,79.2,24.7,264.0,10.7,10.8,54.0,63,29.1,76,20.8,0.0
2025-08-04 19:00:00,50.6,18.8,261.0,15.8,10.9,45.0,63,28.6,79,19.1,0.0
2025-08-04 20:00:00,43.9,19.0,253.0,19.2,10.9,39.0,63,28.2,82,16.8,0.0
2025-08-04 21:00:00,39.0,18.0,243.0,19.4,10.7,38.0,63,28.0,83,16.6,0.0
2025-08-04 22:00:00,38.3,17.9,229.0,17.8,10.3,39.0,63,27.8,84,17.3,0.0
2025-08-04 23:00:00,38.9,17.7,211.0,15.8,9.7,41.0,63,28.1,83,18.1,0.0
2025-08-05 00:00:00,38.1,17.1,185.0,13.4,8.9,43.0,63,27.8,85,17.5,0.0
2025-08-05 01:00:00,37.7,16.5,156.0,10.5,7.9,46.0,63,27.6,84,16.4,0.0
2025-08-05 02:00:00,36.9,15.8,134.0,8.1,7.1,49.0,63,27.5,86,16.6,0.0
2025-08-05 03:00:00,35.7,15.3,121.0,6.6,6.6,51.0,63,27.4,86,19.2,0.0
2025-08-05 04:00:00,35.3,15.0,117.0,5.6,6.3,52.0,63,27.4,85,21.3,0.0
2025-08-05 05:00:00,34.3,14.8,130.0,6.0,6.3,51.0,63,27.4,85,20.1,0.0
2025-08-05 06:00:00,36.4,15.5,180.0,7.3,7.3,51.0,63,27.3,85,19.4,0.0
2025-08-05 07:00:00,41.2,17.1,248.0,9.1,8.7,50.0,63,27.4,82,19.5,0.0
2025-08-05 08:00:00,53.0,19.2,288.0,9.8,9.8,52.0,63,27.9,79,20.6,0.0
2025-08-05 09:00:00,56.5,19.9,272.0,8.6,10.6,57.0,64,28.6,75,24.8,0.0
2025-08-05 10:00:00,57.6,20.0,228.0,6.4,11.1,64.0,64,29.2,72,25.4,0.0
2025-08-05 11:00:00,58.2,20.2,197.0,4.7,11.3,69.0,64,29.4,72,25.4,0.0
2025-08-05 12:00:00,58.4,20.6,194.0,4.0,11.0,70.0,64,29.4,73,25.4,0.0
2025-08-05 13:00:00,59.1,21.1,204.0,3.9,10.3,69.0,64,29.6,70,23.1,0.0
2025-08-05 14:00:00,56.8,20.9,217.0,4.3,9.8,67.0,64,29.6,70,22.5,0.0
2025-08-05 15:00:00,54.4,20.5,231.0,5.2,9.7,64.0,64,29.9,68,25.0,0.0
2025-08-05 16:00:00,51.9,20.2,247.0,6.6,9.8,60.0,64,29.3,73,26.6,0.0
2025-08-05 17:00:00,57.5,21.6,265.0,8.3,9.8,56.0,64,29.3,74,24.7,0.0
2025-08-05 18:00:00,51.8,21.5,288.0,12.3,10.0,50.0,64,29.0,74,22.2,0.0
2025-08-05 19:00:00,47.5,21.2,312.0,17.6,10.2,43.0,64,28.6,78,22.2,0.0
2025-08-05 20:00:00,46.2,22.9,321.0,20.9,10.2,38.0,64,28.1,81,19.9,0.0
2025-08-05 21:00:00,44.5,22.2,306.0,20.4,10.0,38.0,64,27.9,82,19.8,0.0
2025-08-05 22:00:00,43.5,21.5,276.0,17.8,9.7,40.0,65,27.6,84,19.0,0.0
2025-08-05 23:00:00,41.9,20.9,244.0,15.0,9.2,43.0,65,28.1,84,15.6,0.0
2025-08-06 00:00:00,40.4,20.1,210.0,12.3,8.4,45.0,65,27.8,85,15.6,0.0
2025-08-06 01:00:00,39.1,19.0,174.0,9.5,7.4,47.0,66,27.7,86,16.7,0.0
2025-08-06 02:00:00,38.0,18.1,149.0,7.3,6.7,49.0,66,27.5,86,17.3,0.0
2025-08-06 03:00:00,37.7,17.5,137.0,6.1,6.3,49.0,66,27.5,86,18.4,0.0
2025-08-06 04:00:00,37.0,17.2,135.0,5.5,6.3,49.0,66,27.4,84,19.2,0.0
2025-08-06 05:00:00,37.5,17.1,150.0,5.7,6.6,50.0,66,27.6,84,18.3,0.0
2025-08-06 06:00:00,39.9,17.5,198.0,7.5,7.8,49.0,67,27.5,85,18.4,0.0
2025-08-06 07:00:00,44.2,19.4,262.0,9.9,9.5,47.0,67,27.6,85,18.5,0.0
2025-08-06 08:00:00,52.5,20.8,301.0,11.0,10.8,48.0,67,28.1,80,21.2,0.0
2025-08-06 09:00:00,69.8,24.4,289.0,9.5,11.4,55.0,67,28.7,77,24.5,0.0
2025-08-06 10:00:00,58.8,21.0,252.0,6.6,11.7,64.0,68,29.0,75,25.3,0.0
2025-08-06 11:00:00,59.8,21.4,224.0,4.4,11.7,71.0,68,29.7,72,24.3,0.0
2025-08-06 12:00:00,55.5,20.5,218.0,3.7,11.5,73.0,68,29.8,72,26.2,0.0
2025-08-06 13:00:00,56.1,21.0,221.0,3.6,11.0,74.0,68,29.8,73,25.1,0.0
2025-08-06 14:00:00,53.8,20.8,231.0,4.0,10.7,72.0,68,30.0,71,24.4,0.0
2025-08-06 15:00:00,52.4,20.8,248.0,4.4,10.6,69.0,68,29.9,71,23.6,0.0
2025-08-06 16:00:00,51.0,20.7,271.0,5.3,10.6,64.0,68,29.7,71,22.7,0.0
2025-08-06 17:00:00,54.6,21.9,294.0,7.6,10.9,59.0,68,29.4,73,21.7,0.0
2025-08-06 18:00:00,62.4,24.3,321.0,10.6,11.1,53.0,68,28.9,75,21.9,0.0
2025-08-06 19:00:00,52.7,22.2,349.0,14.7,11.5,46.0,68,28.4,78,21.4,0.0
2025-08-06 20:00:00,47.6,22.4,360.0,17.9,11.7,40.0,68,27.8,82,19.7,0.0
2025-08-06 21:00:00,52.4,24.1,344.0,19.4,11.8,37.0,68,27.6,83,15.7,0.0
2025-08-06 22:00:00,56.5,25.7,312.0,19.8,11.8,37.0,68,27.6,83,15.6,0.0
2025-08-06 23:00:00,51.8,24.6,277.0,19.3,11.5,37.0,69,27.9,84,15.1,0.0
2025-08-07 00:00:00,50.2,23.7,241.0,17.3,10.7,38.0,69,27.7,85,16.6,0.0
2025-08-07 01:00:00,48.7,22.6,203.0,14.3,9.7,41.0,69,27.6,85,15.5,0.0
2025-08-07 02:00:00,46.8,21.5,175.0,11.8,8.9,43.0,70,27.4,86,14.8,0.0
2025-08-07 03:00:00,44.9,20.5,158.0,10.0,8.4,44.0,70,27.2,86,14.5,0.0
2025-08-07 04:00:00,42.6,19.4,151.0,8.7,8.0,44.0,70,27.1,87,14.1,0.0
2025-08-07 05:00:00,38.9,18.3,165.0,8.1,8.2,45.0,70,27.3,85,14.9,0.0
2025-08-07 06:00:00,36.4,17.8,221.0,9.1,9.3,45.0,71,27.3,85,15.6,0.0
2025-08-07 07:00:00,37.6,19.2,298.0,10.9,10.9,45.0,71,27.5,84,16.9,0.0
2025-08-07 08:00:00,42.6,18.7,343.0,11.6,12.2,48.0,71,28.0,81,20.3,0.0
2025-08-07 09:00:00,45.4,18.9,323.0,9.9,12.8,55.0,70,28.3,79,22.5,0.0
2025-08-07 10:00:00,48.7,19.4,271.0,7.0,13.0,65.0,70,28.8,77,23.9,0.0
2025-08-07 11:00:00,53.8,20.8,231.0,4.8,13.0,73.0,70,29.4,74,23.8,0.0
2025-08-07 12:00:00,54.5,21.0,221.0,3.9,12.6,77.0,70,29.7,73,22.9,0.0
2025-08-07 13:00:00,59.6,22.5,223.0,3.6,11.9,78.0,70,29.8,73,22.5,0.0
2025-08-07 14:00:00,61.0,22.9,232.0,3.8,11.4,77.0,70,29.8,72,22.6,0.0
2025-08-07 15:00:00,69.6,25.0,250.0,4.2,11.5,74.0,70,30.1,70,22.1,0.0
2025-08-07 16:00:00,65.2,24.0,274.0,5.1,11.8,69.0,70,29.8,71,22.3,0.0
2025-08-07 17:00:00,61.9,23.0,292.0,6.7,12.1,64.0,71,29.9,70,22.2,0.0
2025-08-07 18:00:00,62.4,23.3,300.0,10.9,12.0,56.0,71,29.3,74,22.1,0.0
2025-08-07 19:00:00,58.3,23.2,303.0,16.6,12.0,44.0,71,28.7,77,20.6,0.0
2025-08-07 20:00:00,49.6,23.2,301.0,20.6,11.8,36.0,71,28.4,79,18.5,0.0
2025-08-07 21:00:00,48.0,23.2,296.0,21.5,11.6,34.0,71,28.2,81,18.5,0.0
2025-08-07 22:00:00,45.6,22.9,285.0,20.6,11.4,34.0,71,28.0,82,18.3,0.0
2025-08-07 23:00:00,44.1,22.6,267.0,18.8,10.8,36.0,71,28.2,82,17.7,0.0
2025-08-08 00:00:00,42.0,21.5,233.0,15.9,9.7,39.0,70,28.0,83,18.9,0.0
2025-08-08 01:00:00,38.3,19.7,192.0,12.2,8.2,43.0,70,27.8,84,20.1,0.0
2025-08-08 02:00:00,35.5,18.0,161.0,9.2,7.2,46.0,70,27.6,83,19.1,0.0
2025-08-08 03:00:00,33.9,17.1,146.0,7.6,6.8,47.0,70,27.5,82,18.3,0.0
2025-08-08 04:00:00,33.5,16.6,143.0,6.8,6.7,48.0,69,27.5,82,17.7,0.0
2025-08-08 05:00:00,34.8,16.6,156.0,6.2,6.8,49.0,69,27.4,82,20.3,0.0
2025-08-08 06:00:00,35.7,16.9,203.0,7.5,7.9,49.0,69,27.3,80,20.0,0.0
2025-08-08 07:00:00,38.5,18.3,267.0,9.2,9.4,49.0,69,27.4,79,18.3,0.0
2025-08-08 08:00:00,43.8,19.0,304.0,9.9,10.7,51.0,69,28.0,77,22.3,0.0
2025-08-08 09:00:00,46.1,19.5,286.0,8.7,11.5,57.0,69,28.5,75,22.6,0.0
2025-08-08 10:00:00,47.3,19.6,241.0,6.5,11.9,64.0,69,29.1,72,23.2,0.0
2025-08-08 11:00:00,47.8,19.9,208.0,4.7,12.1,70.0,69,30.2,69,23.9,0.0
2025-08-08 12:00:00,50.6,20.5,202.0,3.8,11.8,74.0,69,30.6,67,24.6,0.0
2025-08-08 13:00:00,49.4,19.7,208.0,3.3,11.1,76.0,69,30.7,67,25.2,0.0
2025-08-08 14:00:00,50.4,19.7,218.0,3.3,10.6,75.0,68,30.8,67,25.0,0.0
2025-08-08 15:00:00,48.4,19.0,235.0,3.8,10.4,71.0,68,30.8,67,25.6,0.0
2025-08-08 16:00:00,46.6,18.2,257.0,4.8,10.3,64.0,68,30.3,69,25.9,0.0
2025-08-08 17:00:00,56.5,20.7,268.0,6.0,10.1,59.0,67,29.8,73,24.3,0.0
2025-08-08 18:00:00,51.5,19.8,259.0,8.9,10.3,53.0,67,29.3,74,23.8,0.0
2025-08-08 19:00:00,44.9,18.3,240.0,12.9,10.5,45.0,67,28.8,76,22.0,0.0
2025-08-08 20:00:00,40.3,18.5,226.0,15.5,10.5,39.0,66,28.5,78,20.4,0.0
2025-08-08 21:00:00,37.7,17.5,229.0,15.6,10.3,38.0,66,28.3,79,19.8,0.0
2025-08-08 22:00:00,35.6,16.8,237.0,14.2,9.9,40.0,65,28.0,80,20.4,0.0
2025-08-08 23:00:00,33.1,16.2,234.0,12.6,9.4,42.0,65,28.5,79,20.3,0.0
2025-08-09 00:00:00,30.6,15.3,207.0,10.7,8.6,44.0,64,28.3,80,20.9,0.0
2025-08-09 01:00:00,29.6,14.6,168.0,8.5,7.7,46.0,64,28.2,80,21.2,0.0
2025-08-09 02:00:00,29.5,14.2,139.0,6.8,7.1,47.0,63,28.0,82,22.0,0.0
2025-08-09 03:00:00,29.9,14.1,123.0,5.9,6.8,48.0,63,27.9,83,21.0,0.0
2025-08-09 04:00:00,29.9,14.1,117.0,5.6,6.7,48.0,63,27.8,83,19.3,0.0
2025-08-09 05:00:00,27.9,13.6,128.0,5.5,6.8,49.0,62,28.0,82,21.3,0.0
2025-08-09 06:00:00,29.9,14.3,173.0,7.1,8.0,48.0,62,27.8,83,21.6,0.0
2025-08-09 07:00:00,34.8,16.2,235.0,9.3,9.7,47.0,62,27.8,83,21.6,0.0
2025-08-09 08:00:00,39.2,17.2,273.0,10.4,11.0,48.0,62,28.2,81,23.2,0.0
2025-08-09 09:00:00,45.1,18.7,261.0,9.4,11.7,51.0,61,28.8,78,23.9,0.0
2025-08-09 10:00:00,45.3,18.5,226.0,7.2,12.1,56.0,61,29.3,76,25.5,0.0
2025-08-09 11:00:00,46.2,18.3,199.0,5.4,12.1,61.0,61,29.7,74,24.6,0.0
2025-08-09 12:00:00,49.2,19.2,194.0,4.2,11.6,66.0,61,30.0,74,24.1,0.0
2025-08-09 13:00:00,47.7,19.0,199.0,3.4,10.9,70.0,61,30.2,72,23.7,0.0
2025-08-09 14:00:00,45.9,18.3,208.0,3.2,10.3,71.0,61,30.1,72,24.2,0.0
2025-08-09 15:00:00,50.4,19.3,225.0,4.0,10.1,67.0,61,30.0,72,24.6,0.0
2025-08-09 16:00:00,44.4,17.5,247.0,5.4,10.2,60.0,61,29.6,73,24.3,0.0
2025-08-09 17:00:00,48.8,19.7,262.0,8.6,11.0,49.0,61,29.4,74,22.1,0.0
2025-08-09 18:00:00,49.8,20.3,265.0,10.9,11.5,45.0,61,29.0,75,20.5,0.0
2025-08-09 19:00:00,44.2,19.7,262.0,14.1,12.2,41.0,61,28.8,75,18.7,0.0
2025-08-09 20:00:00,40.3,19.1,256.0,16.4,12.5,37.0,61,28.5,77,20.0,0.0
2025-08-09 21:00:00,36.0,18.4,251.0,17.1,12.1,36.0,61,28.2,80,19.0,0.0
2025-08-09 22:00:00,34.7,18.0,244.0,16.8,11.2,35.0,61,28.0,81,18.7,0.0
2025-08-09 23:00:00,33.3,17.4,229.0,15.8,10.3,36.0,61,28.1,82,15.0,0.0
2025-08-10 00:00:00,32.6,16.8,199.0,13.8,9.4,38.0,61,27.9,83,14.2,0.0
2025-08-10 01:00:00,31.7,16.2,161.0,11.1,8.5,40.0,61,27.8,83,15.6,0.0
2025-08-10 02:00:00,30.9,15.5,134.0,8.9,7.8,42.0,62,27.7,83,17.6,0.0
2025-08-10 03:00:00,30.2,15.0,121.0,7.5,7.3,43.0,62,27.6,84,16.8,0.0
2025-08-10 04:00:00,29.7,14.7,117.0,6.7,7.0,44.0,62,27.6,83,16.7,0.0
2025-08-10 05:00:00,33.3,15.2,131.0,6.6,7.4,44.0,62,27.7,83,17.3,0.0
2025-08-10 06:00:00,32.6,15.7,178.0,8.1,8.5,43.0,62,27.4,84,17.3,0.0
2025-08-10 07:00:00,36.2,17.4,241.0,10.2,9.9,42.0,62,27.4,84,16.7,0.0
2025-08-10 08:00:00,41.2,18.8,278.0,10.9,11.1,44.0,62,27.9,82,18.9,0.0
2025-08-10 09:00:00,44.8,19.4,262.0,9.1,11.8,52.0,62,28.4,79,20.4,0.0
2025-08-10 10:00:00,48.5,20.5,220.0,6.1,12.2,62.0,62,29.0,76,21.8,0.0
2025-08-10 11:00:00,53.4,22.1,190.0,3.8,12.3,70.0,63,29.5,73,21.0,0.0
2025-08-10 12:00:00,53.8,22.5,189.0,3.0,12.0,73.0,63,30.0,71,21.9,0.0
2025-08-10 13:00:00,54.0,22.6,200.0,3.0,11.5,74.0,63,30.3,69,22.0,0.0
2025-08-10 14:00:00,53.8,22.6,214.0,3.4,11.0,72.0,63,30.4,69,23.2,0.0
2025-08-10 15:00:00,51.5,21.8,229.0,4.0,10.8,68.0,64,30.3,69,23.3,0.0
2025-08-10 16:00:00,51.3,21.3,246.0,5.0,10.7,61.0,64,30.1,69,23.9,0.0
2025-08-10 17:00:00,51.8,21.0,260.0,7.2,11.5,54.0,64,29.8,72,22.9,0.0
2025-08-10 18:00:00,48.2,20.6,271.0,9.6,11.7,49.0,65,29.1,75,22.4,0.0
2025-08-10 19:00:00,48.2,21.0,279.0,12.9,12.0,43.0,65,28.5,79,19.9,0.0
2025-08-10 20:00:00,48.3,21.8,279.0,15.3,12.0,38.0,65,28.1,80,18.6,0.0
2025-08-10 21:00:00,45.2,21.3,268.0,16.1,11.5,36.0,65,27.9,81,19.9,0.0
2025-08-10 22:00:00,45.1,21.3,249.0,15.9,10.6,36.0,65,27.7,82,19.6,0.0
2025-08-10 23:00:00,43.2,20.8,226.0,14.9,9.7,37.0,65,28.1,82,17.2,0.0
2025-08-11 00:00:00,42.4,20.0,196.0,12.7,8.7,39.0,66,27.9,83,17.1,0.0
2025-08-11 01:00:00,39.5,18.6,162.0,9.7,7.7,42.0,66,27.9,82,18.2,0.0
2025-08-11 02:00:00,37.4,17.2,137.0,7.3,6.9,44.0,66,27.6,83,19.6,0.0
2025-08-11 03:00:00,35.9,16.2,123.0,6.1,6.4,45.0,66,27.4,85,18.1,0.0
2025-08-11 04:00:00,35.2,15.6,117.0,5.6,6.1,44.0,67,27.4,83,18.2,0.0
2025-08-11 05:00:00,36.2,15.6,131.0,5.3,6.4,45.0,67,27.5,83,18.2,0.0
2025-08-11 06:00:00,38.0,16.1,182.0,7.0,7.4,44.0,67,27.5,83,18.3,0.0
2025-08-11 07:00:00,43.2,17.8,251.0,9.3,8.8,42.0,67,27.7,82,19.0,0.0
2025-08-11 08:00:00,48.4,19.0,293.0,10.4,9.9,42.0,67,28.0,80,22.9,0.0
2025-08-11 09:00:00,52.9,19.5,278.0,9.1,10.6,47.0,67,28.5,76,23.7,0.0
2025-08-11 10:00:00,54.1,19.7,235.0,6.7,11.0,53.0,67,29.3,72,25.2,0.0
2025-08-11 11:00:00,54.8,20.0,203.0,4.8,11.1,58.0,67,29.9,71,23.8,0.0
2025-08-11 12:00:00,55.6,20.3,197.0,4.1,10.8,59.0,66,30.3,68,24.4,0.0
2025-08-11 13:00:00,54.4,20.3,201.0,4.0,10.2,59.0,66,30.6,67,25.2,0.0
2025-08-11 14:00:00,52.6,20.0,212.0,4.3,9.8,57.0,66,30.6,67,26.3,0.0
2025-08-11 15:00:00,52.2,20.3,230.0,4.9,9.7,55.0,66,30.3,69,27.1,0.0
2025-08-11 16:00:00,49.6,19.6,253.0,6.0,9.9,51.0,66,30.0,69,26.6,0.0
2025-08-11 17:00:00,59.6,22.6,274.0,7.5,10.6,49.0,66,29.9,71,26.1,0.0
2025-08-11 18:00:00,56.7,22.6,294.0,10.9,10.6,44.0,66,29.2,75,25.9,0.0
2025-08-11 19:00:00,54.2,22.5,311.0,15.5,10.6,37.0,66,28.5,79,23.6,0.0
2025-08-11 20:00:00,46.1,21.7,314.0,18.2,10.4,33.0,66,28.3,79,22.5,0.0
2025-08-11 21:00:00,43.1,20.7,292.0,17.5,10.0,33.0,66,28.3,79,20.6,0.0
2025-08-11 22:00:00,41.9,20.0,255.0,14.8,9.4,36.0,66,28.2,80,19.7,0.0
2025-08-11 23:00:00,40.2,19.4,219.0,12.2,8.7,39.0,66,28.6,79,19.0,0.0
2025-08-12 00:00:00,37.8,18.6,187.0,9.9,7.9,41.0,66,28.4,79,20.7,0.0
2025-08-12 01:00:00,37.5,18.1,156.0,7.5,7.0,43.0,66,28.2,80,21.3,0.0
2025-08-12 02:00:00,35.9,17.3,134.0,5.8,6.3,44.0,66,27.9,82,21.3,0.0
2025-08-12 03:00:00,34.6,16.4,123.0,4.9,6.0,44.0,66,27.8,82,22.8,0.0
2025-08-12 04:00:00,41.8,18.7,121.0,4.6,5.9,44.0,66,27.5,83,23.8,0.0
2025-08-12 05:00:00,34.6,15.7,133.0,5.0,6.1,44.0,66,27.5,81,22.4,0.0
2025-08-12 06:00:00,33.5,15.1,171.0,6.4,6.9,43.0,66,27.4,82,21.7,0.0
2025-08-12 07:00:00,35.2,15.8,224.0,8.2,8.0,42.0,66,27.5,80,21.6,0.0
2025-08-12 08:00:00,36.4,16.1,255.0,9.1,9.0,43.0,66,27.9,78,22.7,0.0
2025-08-12 09:00:00,38.3,16.4,245.0,8.0,9.6,47.0,65,28.5,75,23.9,0.0
2025-08-12 10:00:00,40.9,17.3,213.0,6.0,10.1,52.0,65,29.3,70,25.7,0.0
2025-08-12 11:00:00,41.1,17.5,191.0,4.4,10.3,56.0,65,30.1,69,23.7,0.0
2025-08-12 12:00:00,38.8,17.1,188.0,3.7,10.2,59.0,65,30.7,65,24.9,0.0
2025-08-12 13:00:00,37.3,16.9,194.0,3.4,9.8,61.0,64,31.1,64,26.1,0.0
2025-08-12 14:00:00,36.6,16.9,206.0,3.6,9.6,61.0,64,31.0,65,26.9,0.0
2025-08-12 15:00:00,36.2,17.2,226.0,4.4,9.6,59.0,64,30.9,66,26.6,0.0
2025-08-12 16:00:00,35.3,16.9,253.0,5.6,9.6,55.0,63,30.6,67,26.6,0.0
2025-08-12 17:00:00,41.9,19.7,277.0,7.2,10.0,52.0,63,29.9,72,25.2,0.0
2025-08-12 18:00:00,43.5,21.0,300.0,10.7,10.2,47.0,63,29.2,75,23.2,0.0
2025-08-12 19:00:00,44.7,21.7,321.0,15.4,10.5,39.0,63,28.8,77,21.8,0.0
2025-08-12 20:00:00,44.1,23.3,331.0,18.5,10.7,34.0,63,28.5,79,20.5,0.0
2025-08-12 21:00:00,45.1,24.0,327.0,18.8,10.7,33.0,63,28.4,79,19.7,0.0
2025-08-12 22:00:00,48.5,25.4,312.0,17.5,10.5,34.0,63,28.3,80,19.2,0.0
2025-08-12 23:00:00,51.3,26.7,287.0,15.7,10.1,36.0,64,28.5,84,13.4,0.0
2025-08-13 00:00:00,49.8,25.9,242.0,13.2,9.2,38.0,64,28.4,84,13.4,0.0
2025-08-13 01:00:00,49.2,25.7,187.0,10.2,8.1,41.0,65,28.2,85,13.0,0.0
2025-08-13 02:00:00,42.4,22.4,147.0,7.9,7.3,43.0,66,28.1,86,14.0,0.0
2025-08-13 03:00:00,33.3,18.1,130.0,6.6,6.9,44.0,66,28.0,86,14.6,0.0
2025-08-13 04:00:00,31.7,16.8,130.0,6.1,6.8,43.0,66,28.0,86,15.4,0.0
2025-08-13 05:00:00,27.6,15.9,150.0,6.5,7.4,44.0,66,27.7,87,15.2,0.0
2025-08-13 06:00:00,30.6,16.5,212.0,8.4,8.9,43.0,66,27.5,88,14.1,0.0
2025-08-13 07:00:00,37.3,18.9,295.0,11.0,10.9,43.0,66,27.5,88,15.2,0.0
2025-08-13 08:00:00,42.7,20.5,344.0,12.3,12.6,44.0,67,27.7,87,16.8,0.0
2025-08-13 09:00:00,55.4,24.9,326.0,11.0,13.5,49.0,67,28.3,84,16.5,0.0
2025-08-13 10:00:00,51.8,23.1,275.0,8.4,14.0,57.0,68,28.8,81,16.8,0.0
2025-08-13 11:00:00,52.3,22.8,236.0,6.3,14.1,63.0,68,29.4,79,15.6,0.0
2025-08-13 12:00:00,54.5,23.3,226.0,5.3,13.7,66.0,69,29.9,76,16.8,0.0
2025-08-13 13:00:00,54.6,23.1,229.0,4.9,12.9,68.0,69,30.1,75,16.1,0.0
2025-08-13 14:00:00,53.3,22.4,238.0,5.0,12.4,68.0,70,30.1,74,16.8,0.0
2025-08-13 15:00:00,51.6,21.5,252.0,5.7,12.4,66.0,70,29.8,76,16.5,0.0
2025-08-13 16:00:00,53.7,21.9,272.0,6.9,12.7,62.0,71,29.5,78,14.7,0.0
2025-08-13 17:00:00,52.4,22.2,295.0,9.9,14.4,55.0,71,29.6,78,14.2,0.0
2025-08-13 18:00:00,50.6,21.1,327.0,13.4,14.5,49.0,71,29.1,80,13.2,0.0
2025-08-13 19:00:00,50.4,20.7,362.0,18.3,14.6,40.0,71,28.7,82,11.8,0.0
2025-08-13 20:00:00,48.9,21.5,384.0,21.9,14.6,33.0,71,28.4,85,10.0,0.0
2025-08-13 21:00:00,49.7,22.1,383.0,23.1,14.3,30.0,71,28.3,86,8.7,0.0
2025-08-13 22:00:00,48.3,21.8,369.0,23.1,13.9,29.0,71,28.2,87,8.4,0.0
2025-08-13 23:00:00,46.0,21.3,359.0,22.6,13.3,29.0,71,28.1,88,6.8,0.0
2025-08-14 00:00:00,43.9,20.9,366.0,21.4,12.4,29.0,70,28.0,89,6.1,0.0
2025-08-14 01:00:00,41.6,20.2,377.0,19.6,11.3,29.0,70,27.9,89,5.6,0.0
2025-08-14 02:00:00,39.7,19.7,375.0,18.5,10.9,29.0,69,27.8,89,4.5,0.0
2025-08-14 03:00:00,39.8,19.9,334.0,18.9,11.4,27.0,69,27.8,89,5.0,0.0
2025-08-14 04:00:00,45.4,21.1,281.0,20.1,12.4,24.0,69,27.7,90,5.4,0.0
2025-08-14 05:00:00,53.4,25.3,274.0,23.4,17.8,26.0,69,27.6,90,4.6,0.0
2025-08-14 06:00:00,44.1,23.9,369.0,23.0,19.5,27.0,70,27.5,90,4.1,0.0
2025-08-14 07:00:00,47.4,24.6,510.0,22.2,21.8,28.0,71,27.6,90,3.3,0.0
2025-08-14 08:00:00,48.5,23.2,592.0,20.3,23.0,32.0,71,27.9,89,5.8,0.0
2025-08-14 09:00:00,52.3,21.1,555.0,16.3,22.3,42.0,72,28.4,85,7.7,0.0
2025-08-14 10:00:00,57.0,21.7,458.0,11.1,20.6,55.0,71,29.0,82,9.0,0.0
2025-08-14 11:00:00,59.3,22.0,377.0,7.2,19.0,65.0,71,30.4,74,8.4,0.0
2025-08-14 12:00:00,59.5,21.9,336.0,5.5,17.8,71.0,71,30.5,73,9.9,0.0
2025-08-14 13:00:00,56.8,21.6,310.0,5.0,16.6,75.0,71,30.4,74,10.5,0.0
2025-08-14 14:00:00,56.5,21.4,303.0,5.2,15.8,75.0,71,30.5,75,11.6,0.0
2025-08-14 15:00:00,56.3,20.8,320.0,5.9,15.6,71.0,71,30.9,73,13.1,0.0
2025-08-14 16:00:00,55.4,20.0,354.0,7.3,15.6,63.0,71,30.3,75,13.8,0.0
2025-08-14 17:00:00,61.2,22.9,393.0,13.7,16.5,54.0,71,29.9,79,12.6,0.0
2025-08-14 18:00:00,58.7,21.7,445.0,18.4,16.4,45.0,71,29.5,81,12.3,0.0
2025-08-14 19:00:00,53.3,21.3,501.0,24.8,16.2,33.0,71,29.0,84,10.6,0.0
2025-08-14 20:00:00,47.8,21.3,519.0,29.6,15.9,24.0,71,28.6,87,7.6,0.0
2025-08-14 21:00:00,46.3,22.1,469.0,31.4,15.5,21.0,71,28.4,89,5.8,0.0
2025-08-14 22:00:00,47.5,22.3,382.0,31.5,14.9,21.0,71,28.3,90,5.1,0.0
2025-08-14 23:00:00,48.4,21.9,309.0,30.7,14.2,22.0,71,28.3,90,3.8,0.0
2025-08-15 00:00:00,49.6,21.5,270.0,28.7,13.0,23.0,71,28.2,90,2.6,0.0
2025-08-15 01:00:00,50.4,21.6,247.0,25.6,11.6,26.0,71,28.1,90,2.8,0.0
2025-08-15 02:00:00,50.8,21.7,233.0,23.0,11.3,28.0,71,28.0,91,2.5,0.0
2025-08-15 03:00:00,52.0,22.1,205.0,20.8,12.8,31.0,71,28.0,91,2.5,0.0
2025-08-15 04:00:00,69.4,23.5,187.0,19.0,15.4,33.0,71,27.9,91,1.5,0.0
2025-08-15 05:00:00,69.4,26.8,246.0,28.9,19.0,24.0,72,27.9,91,1.4,0.0
2025-08-15 06:00:00,61.5,27.4,460.0,29.0,23.4,25.0,72,27.9,91,1.1,0.0
2025-08-15 07:00:00,70.8,29.2,750.0,29.1,29.4,28.0,72,27.9,91,1.0,0.0
2025-08-15 08:00:00,85.2,31.7,946.0,27.6,33.3,34.0,72,28.2,88,1.0,0.0
2025-08-15 09:00:00,97.8,34.0,966.0,23.5,33.4,47.0,73,29.2,81,1.8,0.0
2025-08-15 10:00:00,93.6,33.9,892.0,18.0,31.5,64.0,74,30.4,74,3.3,0.0
2025-08-15 11:00:00,83.4,30.9,798.0,13.2,29.3,80.0,75,31.6,69,5.6,0.0
2025-08-15 12:00:00,78.2,29.7,696.0,9.7,27.0,94.0,76,32.0,68,9.4,0.0
2025-08-15 13:00:00,76.8,30.4,574.0,6.9,24.5,107.0,77,31.6,72,13.3,0.0
2025-08-15 14:00:00,76.1,30.9,476.0,5.5,22.6,114.0,78,31.6,70,15.8,0.0
2025-08-15 15:00:00,77.8,31.4,420.0,5.7,22.1,113.0,79,31.9,67,17.3,0.0
2025-08-15 16:00:00,79.9,31.7,388.0,7.2,22.2,107.0,79,31.5,70,18.9,0.0
2025-08-15 17:00:00,63.1,25.7,371.0,9.3,20.5,93.0,80,30.7,73,18.6,0.0
2025-08-15 18:00:00,64.0,25.5,374.0,14.6,19.1,75.0,81,29.9,79,18.2,0.0
2025-08-15 19:00:00,62.4,24.9,391.0,22.1,17.2,51.0,81,29.1,86,16.1,0.0
2025-08-15 20:00:00,61.9,25.1,396.0,28.5,15.8,31.0,81,28.7,88,14.0,0.0
2025-08-15 21:00:00,62.4,25.3,377.0,32.9,15.5,21.0,82,28.5,88,12.5,0.0
2025-08-15 22:00:00,62.6,25.7,346.0,36.2,15.8,16.0,82,28.4,86,10.7,0.0
2025-08-15 23:00:00,61.0,27.1,316.0,37.9,15.9,13.0,82,28.5,86,6.2,0.0
2025-08-16 00:00:00,61.7,27.7,288.0,37.4,15.5,13.0,83,28.3,86,6.5,0.0
2025-08-16 01:00:00,61.0,27.2,262.0,35.3,14.9,14.0,83,28.2,87,6.6,0.0
2025-08-16 02:00:00,59.6,26.0,241.0,33.1,14.6,16.0,84,28.0,88,6.8,0.0
2025-08-16 03:00:00,56.9,25.0,223.0,31.6,14.3,16.0,84,27.8,89,6.4,0.0
2025-08-16 04:00:00,55.8,24.3,212.0,30.0,14.2,15.0,84,27.7,89,6.4,0.0
2025-08-16 05:00:00,55.1,24.6,224.0,29.0,16.9,16.0,85,27.8,88,6.0,0.0
2025-08-16 06:00:00,61.5,25.4,282.0,27.0,19.9,19.0,84,27.6,89,6.5,0.0
2025-08-16 07:00:00,70.3,26.8,363.0,24.1,24.3,25.0,84,27.6,89,5.9,0.0
2025-08-16 08:00:00,86.8,28.4,417.0,20.9,28.2,36.0,84,28.1,85,6.4,0.0
2025-08-16 09:00:00,89.4,29.6,419.0,17.2,31.8,58.0,84,29.1,79,6.9,0.0
2025-08-16 10:00:00,83.1,30.5,394.0,13.0,35.1,85.0,83,30.4,72,9.0,0.0
2025-08-16 11:00:00,80.6,32.7,366.0,9.6,36.3,109.0,83,31.3,69,8.6,0.0
2025-08-16 12:00:00,76.4,33.1,336.0,6.9,33.9,127.0,83,31.6,67,11.0,0.0
2025-08-16 13:00:00,69.4,31.4,303.0,4.8,29.3,141.0,83,31.7,67,13.3,0.0
2025-08-16 14:00:00,65.2,30.4,288.0,4.2,25.4,146.0,84,31.4,68,15.9,0.0
2025-08-16 15:00:00,63.6,30.0,307.0,5.4,23.2,136.0,83,31.1,70,17.6,0.0
2025-08-16 16:00:00,61.9,28.8,345.0,8.0,21.7,117.0,83,30.8,73,18.7,0.0
2025-08-16 17:00:00,66.6,34.1,374.0,10.1,25.0,127.0,83,30.8,74,18.9,0.0
2025-08-16 18:00:00,60.3,30.0,387.0,15.0,22.2,100.0,84,30.1,76,18.6,0.0
2025-08-16 19:00:00,52.2,26.2,392.0,21.9,18.3,64.0,84,29.5,79,17.1,0.0
2025-08-16 20:00:00,49.9,24.2,384.0,27.5,15.3,35.0,84,29.0,84,15.7,0.0
2025-08-16 21:00:00,50.9,23.7,357.0,30.9,14.3,23.0,84,28.8,85,13.4,0.0
2025-08-16 22:00:00,52.7,24.1,316.0,32.9,14.2,19.0,84,28.7,85,12.0,0.0
2025-08-16 23:00:00,51.3,24.9,276.0,33.2,14.2,18.0,84,28.5,85,11.6,0.0
2025-08-17 00:00:00,50.6,24.4,235.0,30.8,13.8,19.0,84,28.4,86,10.5,0.0
2025-08-17 01:00:00,48.8,23.0,195.0,26.6,13.4,22.0,83,28.3,86,9.7,0.0
2025-08-17 02:00:00,46.9,21.5,168.0,22.8,13.1,25.0,83,28.2,86,9.7,0.0
2025-08-17 03:00:00,45.2,20.4,153.0,20.1,12.9,26.0,83,28.0,87,10.3,0.0
2025-08-17 04:00:00,43.4,19.5,152.0,17.9,13.0,27.0,82,27.9,88,10.6,0.0
2025-08-17 05:00:00,39.1,18.5,184.0,18.1,13.5,25.0,82,28.0,87,8.4,0.0
2025-08-17 06:00:00,40.9,18.2,285.0,17.5,15.1,27.0,81,27.9,87,8.0,0.0
2025-08-17 07:00:00,47.5,19.4,420.0,16.5,17.5,31.0,81,28.0,87,8.5,0.0
2025-08-17 08:00:00,51.9,20.7,503.0,15.1,19.7,40.0,80,28.6,82,10.1,0.0
2025-08-17 09:00:00,51.6,21.8,484.0,12.8,21.8,60.0,79,29.6,78,10.1,0.0
2025-08-17 10:00:00,51.6,23.5,413.0,9.9,23.8,86.0,79,30.8,71,11.2,0.0
2025-08-17 11:00:00,54.4,25.8,355.0,7.6,25.0,108.0,78,31.5,71,12.8,0.0
2025-08-17 12:00:00,56.5,28.0,332.0,6.0,25.2,127.0,77,32.2,66,14.3,0.0
2025-08-17 13:00:00,55.4,28.5,321.0,4.9,24.6,142.0,77,32.6,65,16.0,0.0
2025-08-17 14:00:00,54.7,28.8,320.0,4.8,23.6,147.0,77,32.8,65,16.5,0.0
2025-08-17 15:00:00,53.1,28.2,333.0,5.9,22.0,136.0,77,32.6,66,17.7,0.0
2025-08-17 16:00:00,48.9,26.1,356.0,8.1,20.1,114.0,76,32.2,67,17.5,0.0
2025-08-17 17:00:00,45.5,26.5,375.0,12.0,21.8,111.0,76,31.8,71,17.7,0.0
2025-08-17 18:00:00,41.0,23.2,385.0,16.9,20.2,87.0,76,30.8,76,15.8,0.0
2025-08-17 19:00:00,38.8,21.5,391.0,23.7,18.0,53.0,75,30.1,80,13.6,0.0
2025-08-17 20:00:00,39.2,21.1,392.0,29.0,16.4,28.0,75,29.6,84,11.8,0.0
2025-08-17 21:00:00,39.8,21.2,393.0,31.2,16.1,19.0,74,29.3,85,11.4,0.0
2025-08-17 22:00:00,40.4,21.4,390.0,31.8,16.4,17.0,74,29.1,87,12.0,0.0
2025-08-17 23:00:00,40.4,21.8,371.0,32.2,16.6,17.0,74,29.1,87,9.7,0.0
2025-08-18 00:00:00,40.4,22.1,320.0,33.2,16.3,15.0,73,29.0,88,9.5,0.0
2025-08-18 01:00:00,38.5,23.2,253.0,34.0,15.8,13.0,73,28.9,88,9.4,0.0
2025-08-18 02:00:00,38.0,22.6,202.0,33.5,15.4,13.0,73,28.8,89,9.1,0.0
2025-08-18 03:00:00,37.4,21.3,168.0,30.6,15.0,15.0,73,28.7,89,9.1,0.0
2025-08-18 04:00:00,36.9,20.3,149.0,26.5,14.7,18.0,73,28.6,90,12.0,0.0
2025-08-18 05:00:00,36.0,18.8,178.0,21.5,13.1,25.0,74,28.3,90,7.1,0.5
2025-08-18 06:00:00,39.3,21.1,295.0,22.9,15.0,23.0,74,28.1,91,7.5,1.2
2025-08-18 07:00:00,43.4,23.7,460.0,24.6,17.8,21.0,74,28.0,91,5.4,1.7
2025-08-18 08:00:00,47.0,25.0,578.0,24.5,20.9,31.0,74,27.9,91,4.7,2.8
2025-08-18 09:00:00,49.8,27.2,603.0,21.0,25.2,65.0,75,28.1,89,8.0,2.5
2025-08-18 10:00:00,45.4,27.1,582.0,15.6,29.9,110.0,75,28.4,87,8.3,1.5
2025-08-18 11:00:00,39.5,27.8,563.0,11.1,31.8,146.0,75,30.6,79,10.5,1.5
2025-08-18 12:00:00,38.9,29.6,564.0,8.0,28.4,164.0,76,31.1,76,10.6,0.5
2025-08-18 13:00:00,36.2,28.9,566.0,5.7,22.2,173.0,76,31.8,74,9.5,0.0
2025-08-18 14:00:00,33.4,27.6,562.0,5.0,17.7,172.0,76,31.7,73,9.4,0.0
2025-08-18 15:00:00,34.3,28.3,533.0,6.3,16.9,160.0,76,31.1,76,9.7,0.9
2025-08-18 16:00:00,37.4,28.5,498.0,9.2,17.7,139.0,84,30.5,78,8.8,0.8
2025-08-18 17:00:00,38.0,28.2,503.0,13.0,16.7,109.0,107,31.0,77,10.8,0.0
2025-08-18 18:00:00,40.7,27.9,605.0,18.9,18.2,91.0,116,30.3,81,10.7,0.0
2025-08-18 19:00:00,43.8,28.6,747.0,27.1,20.3,67.0,112,29.7,85,8.5,0.0
2025-08-18 20:00:00,44.4,28.0,805.0,32.6,21.4,48.0,95,29.3,88,6.6,0.1
2025-08-18 21:00:00,43.9,27.1,698.0,33.4,20.9,39.0,78,29.1,89,5.2,0.3
2025-08-18 22:00:00,41.6,25.0,508.0,31.6,19.6,36.0,78,28.9,89,5.4,0.0
2025-08-18 23:00:00,39.8,24.2,351.0,29.1,18.0,35.0,79,28.6,84,8.6,0.0
2025-08-19 00:00:00,37.4,22.9,275.0,26.2,16.1,35.0,79,28.3,83,7.3,0.0
2025-08-19 01:00:00,34.6,21.6,234.0,22.6,14.0,37.0,79,28.2,82,5.7,0.0
2025-08-19 02:00:00,32.9,20.8,204.0,19.6,12.4,39.0,79,28.1,82,7.1,0.0
2025-08-19 03:00:00,31.3,20.0,161.0,17.2,11.5,40.0,79,27.9,83,7.6,0.0
2025-08-19 04:00:00,29.3,19.0,129.0,15.3,11.1,42.0,78,27.8,84,9.6,0.0
2025-08-19 05:00:00,25.4,19.7,163.0,11.3,11.2,58.0,78,27.8,84,10.6,1.2
2025-08-19 06:00:00,27.6,21.2,337.0,15.9,12.7,53.0,78,27.6,86,9.3,0.0
2025-08-19 07:00:00,31.2,24.6,577.0,22.1,15.0,47.0,78,27.6,88,7.4,0.0
2025-08-19 08:00:00,35.2,26.0,712.0,25.2,17.6,51.0,78,28.0,88,8.5,0.0
2025-08-19 09:00:00,43.2,26.9,633.0,22.0,21.0,77.0,79,28.5,85,9.5,0.0
2025-08-19 10:00:00,60.3,29.6,450.0,15.6,24.8,114.0,79,29.1,82,9.3,0.0
2025-08-19 11:00:00,63.6,30.5,317.0,11.2,27.0,139.0,79,30.2,78,12.0,0.1
2025-08-19 12:00:00,66.1,32.2,298.0,10.4,26.6,143.0,79,30.1,78,11.4,0.8
2025-08-19 13:00:00,73.3,35.9,330.0,11.4,24.7,136.0,79,30.3,77,11.5,1.1
2025-08-19 14:00:00,55.8,31.1,381.0,14.1,22.7,123.0,80,30.2,76,12.1,1.5
2025-08-19 15:00:00,47.5,27.3,457.0,18.9,21.1,102.0,80,29.7,77,13.1,3.0
2025-08-19 16:00:00,41.3,26.1,552.0,25.5,19.4,76.0,80,28.9,80,12.0,4.8
2025-08-19 17:00:00,58.8,36.8,617.0,45.0,19.7,48.0,80,28.8,81,13.0,2.3
2025-08-19 18:00:00,59.4,37.6,632.0,48.9,19.9,41.0,81,28.6,85,15.9,0.0
2025-08-19 19:00:00,56.9,37.4,617.0,53.9,20.1,32.0,81,28.3,89,14.0,0.7
2025-08-19 20:00:00,53.1,35.5,582.0,55.9,19.9,26.0,82,28.1,90,10.5,3.3
2025-08-19 21:00:00,46.6,32.0,524.0,52.0,18.8,26.0,83,28.0,91,10.9,2.4
2025-08-19 22:00:00,42.3,29.2,446.0,44.9,17.3,28.0,83,27.9,91,11.3,2.1
2025-08-19 23:00:00,40.5,28.3,371.0,38.7,15.9,30.0,84,27.8,93,13.0,1.7
2025-08-20 00:00:00,40.0,27.6,300.0,35.1,14.9,29.0,84,27.8,93,11.6,1.2
2025-08-20 01:00:00,40.4,27.5,232.0,32.4,14.1,28.0,84,27.6,93,11.3,1.4
2025-08-20 02:00:00,39.1,27.0,188.0,29.4,13.4,30.0,85,27.5,93,10.4,1.5
2025-08-20 03:00:00,37.1,26.0,171.0,25.0,12.9,38.0,86,27.4,93,9.4,1.1
2025-08-20 04:00:00,32.2,24.6,177.0,20.3,12.6,49.0,86,27.3,93,9.3,2.0
2025-08-20 05:00:00,29.5,21.5,222.0,18.8,10.9,36.0,87,27.1,93,6.4,2.1
2025-08-20 06:00:00,29.6,22.8,336.0,19.1,12.0,47.0,87,27.0,93,5.0,0.9
2025-08-20 07:00:00,30.7,26.3,488.0,19.3,13.6,64.0,87,27.1,92,3.4,0.3
2025-08-20 08:00:00,28.9,25.3,596.0,18.3,14.7,84.0,87,27.3,91,4.0,0.2
2025-08-20 09:00:00,28.5,24.0,619.0,14.8,15.3,110.0,87,27.9,87,2.5,0.0
2025-08-20 10:00:00,33.6,26.7,599.0,10.1,15.5,139.0,87,28.7,84,3.3,0.0
2025-08-20 11:00:00,39.3,30.4,578.0,6.4,14.9,159.0,86,30.8,77,6.5,0.1
2025-08-20 12:00:00,40.2,31.1,547.0,4.6,12.9,162.0,86,32.0,73,7.7,0.1
2025-08-20 13:00:00,36.2,28.3,515.0,3.8,10.1,155.0,86,30.5,79,11.8,2.6
2025-08-20 14:00:00,31.8,25.6,549.0,4.1,8.5,147.0,86,29.3,84,10.0,4.0
2025-08-20 15:00:00,30.0,25.0,629.0,3.7,9.0,144.0,85,29.3,84,5.7,4.1
2025-08-20 16:00:00,29.2,25.0,774.0,4.3,10.7,141.0,101,29.4,84,6.4,1.0
2025-08-20 17:00:00,30.2,25.2,1113.0,9.6,10.8,122.0,113,30.2,79,6.9,0.0
2025-08-20 18:00:00,36.7,33.3,1838.0,21.3,12.1,105.0,115,30.0,80,4.3,0.0
2025-08-20 19:00:00,39.9,36.8,2756.0,37.4,13.9,82.0,108,29.9,81,2.9,0.0
2025-08-20 20:00:00,40.7,37.3,3416.0,49.9,15.8,63.0,92,29.4,85,4.4,0.0
2025-08-20 21:00:00,42.6,38.4,3645.0,55.5,17.9,54.0,84,29.0,88,4.3,0.0
2025-08-20 22:00:00,44.7,40.7,3616.0,57.4,20.1,50.0,84,28.7,91,5.7,0.0
2025-08-20 23:00:00,46.3,42.3,3398.0,57.4,21.8,48.0,85,27.5,94,8.9,1.0
2025-08-21 00:00:00,47.3,42.6,2924.0,56.0,23.0,46.0,86,27.6,92,11.0,0.1
2025-08-21 01:00:00,47.1,42.1,2260.0,52.6,23.7,46.0,88,27.5,92,13.4,0.2
2025-08-21 02:00:00,45.8,40.7,1674.0,46.9,23.2,49.0,89,27.5,92,10.9,0.4
2025-08-21 03:00:00,42.5,37.0,1223.0,35.7,20.2,60.0,90,27.5,92,9.9,2.0
2025-08-21 04:00:00,43.5,31.5,850.0,22.3,16.0,75.0,91,27.4,92,7.4,3.4
2025-08-21 05:00:00,22.6,18.3,647.0,18.1,16.3,59.0,92,27.3,93,3.7,3.9
2025-08-21 06:00:00,22.8,19.3,735.0,21.8,17.7,55.0,92,27.3,93,3.1,3.0
2025-08-21 07:00:00,26.3,23.2,995.0,26.6,19.6,51.0,91,27.2,93,3.6,1.9
2025-08-21 08:00:00,33.1,27.8,1159.0,28.3,20.3,52.0,91,27.2,93,5.4,1.5
2025-08-21 09:00:00,45.3,28.3,1104.0,23.7,18.7,66.0,91,27.6,91,7.3,1.5
2025-08-21 10:00:00,54.5,25.6,953.0,15.9,15.8,86.0,92,27.8,90,7.4,3.3
2025-08-21 11:00:00,43.7,20.9,813.0,10.0,13.5,99.0,91,28.5,87,4.6,2.8
2025-08-21 12:00:00,25.8,16.0,678.0,7.6,12.1,100.0,91,28.9,85,5.4,1.2
2025-08-21 13:00:00,13.5,11.1,553.0,7.1,11.2,94.0,89,29.2,83,5.2,1.7
2025-08-21 14:00:00,9.0,8.6,565.0,8.9,11.3,86.0,88,29.2,83,3.1,2.0
2025-08-21 15:00:00,8.1,7.9,798.0,14.2,13.1,76.0,86,29.3,83,2.3,1.3
2025-08-21 16:00:00,9.4,9.1,1167.0,21.9,15.8,65.0,85,29.8,81,7.0,0.8
2025-08-21 17:00:00,19.3,18.7,1543.0,37.5,17.0,44.0,83,29.0,85,5.2,2.5
2025-08-21 18:00:00,25.8,25.3,1960.0,44.0,19.3,34.0,83,28.8,86,4.2,0.4
2025-08-21 19:00:00,27.6,27.2,2383.0,52.9,22.5,20.0,82,28.6,87,6.1,0.0
2025-08-21 20:00:00,30.0,29.7,2585.0,59.6,25.0,10.0,81,28.4,88,6.9,0.0
2025-08-21 21:00:00,33.1,32.5,2430.0,61.6,26.4,7.0,81,28.3,89,6.5,0.0
2025-08-21 22:00:00,38.2,37.0,2053.0,61.4,27.1,9.0,80,28.1,91,5.9,0.0
2025-08-21 23:00:00,39.2,37.7,1628.0,61.5,27.2,10.0,80,27.8,91,4.5,0.0
2025-08-22 00:00:00,41.7,39.6,1146.0,63.8,26.3,9.0,79,27.6,92,5.6,0.0
2025-08-22 01:00:00,38.4,35.9,615.0,66.4,24.8,8.0,79,27.5,93,6.6,0.0
2025-08-22 02:00:00,33.3,30.7,235.0,65.8,23.2,10.0,78,27.4,93,7.6,0.0
2025-08-22 03:00:00,30.0,27.5,110.0,59.3,21.5,17.0,78,27.4,94,7.7,0.0
2025-08-22 04:00:00,27.9,25.2,134.0,49.6,19.9,26.0,77,27.4,93,8.4,0.0
2025-08-22 05:00:00,37.3,32.4,192.0,42.1,23.5,46.0,76,27.4,93,6.5,0.0
2025-08-22 06:00:00,39.8,33.3,269.0,38.5,23.5,55.0,77,27.3,93,8.0,0.0
2025-08-22 07:00:00,42.7,34.8,380.0,33.2,23.4,69.0,79,27.4,93,8.3,0.0
2025-08-22 08:00:00,41.7,32.0,447.0,27.3,23.0,83.0,80,27.8,90,10.4,0.0
2025-08-22 09:00:00,35.9,26.8,426.0,20.3,22.2,98.0,80,28.6,86,13.0,0.0
2025-08-22 10:00:00,33.4,24.2,362.0,12.6,21.0,113.0,80,29.2,83,14.8,0.0
2025-08-22 11:00:00,33.6,24.0,313.0,6.9,19.6,123.0,80,30.0,80,14.5,0.0
2025-08-22 12:00:00,32.7,23.3,304.0,4.5,17.7,126.0,80,30.2,80,17.8,0.0
2025-08-22 13:00:00,31.8,22.1,309.0,4.0,15.6,124.0,81,30.2,80,19.7,0.0
2025-08-22 14:00:00,30.2,20.5,316.0,4.4,13.9,118.0,82,30.3,80,20.8,0.0
2025-08-22 15:00:00,29.3,20.0,316.0,5.4,13.0,108.0,83,30.3,79,22.6,0.0
2025-08-22 16:00:00,26.5,18.1,317.0,7.3,12.5,94.0,84,29.9,80,24.3,0.0
2025-08-22 17:00:00,26.3,16.8,325.0,8.5,12.4,81.0,85,29.6,80,23.8,0.0
2025-08-22 18:00:00,25.0,16.2,354.0,12.7,12.2,70.0,84,29.1,81,24.6,0.0
2025-08-22 19:00:00,23.7,16.1,391.0,18.4,11.9,55.0,84,28.6,84,22.5,0.0
2025-08-22 20:00:00,25.1,17.5,404.0,22.0,11.4,45.0,83,28.3,85,21.2,0.0
2025-08-22 21:00:00,26.5,18.0,373.0,21.5,10.8,44.0,82,28.1,85,20.8,0.0
2025-08-22 22:00:00,28.6,18.9,318.0,18.9,10.1,47.0,80,28.1,86,21.2,0.0
2025-08-22 23:00:00,32.5,20.5,266.0,16.0,9.3,50.0,79,28.3,87,18.0,0.0
2025-08-23 00:00:00,35.7,21.7,225.0,13.1,8.2,52.0,77,28.2,88,19.1,0.0
2025-08-23 01:00:00,38.2,22.2,188.0,9.8,7.1,55.0,76,28.0,89,20.2,0.0
2025-08-23 02:00:00,40.4,22.2,162.0,7.4,6.3,57.0,74,27.9,89,20.7,0.0
2025-08-23 03:00:00,42.5,22.4,147.0,6.1,6.1,57.0,74,27.8,89,20.7,0.0
2025-08-23 04:00:00,45.3,22.9,143.0,5.5,6.3,57.0,73,27.7,90,20.3,0.0
2025-08-23 05:00:00,48.0,23.8,159.0,5.3,6.7,58.0,73,27.7,89,18.9,0.0
2025-08-23 06:00:00,46.3,24.0,214.0,7.7,7.6,56.0,72,27.7,90,19.4,0.0
2025-08-23 07:00:00,47.6,25.6,288.0,11.0,8.9,54.0,71,27.8,89,20.1,0.0
2025-08-23 08:00:00,52.3,27.2,332.0,12.6,10.0,55.0,71,28.2,87,22.4,0.0
2025-08-23 09:00:00,53.7,27.6,314.0,11.0,10.9,62.0,70,28.6,84,23.7,0.0
2025-08-23 10:00:00,55.3,28.1,265.0,7.8,11.7,72.0,70,29.2,82,24.9,0.0
2025-08-23 11:00:00,58.3,29.3,229.0,5.3,12.1,79.0,71,29.4,81,24.1,0.0
2025-08-23 12:00:00,59.5,29.5,223.0,4.3,11.7,81.0,71,29.9,79,24.8,0.0
2025-08-23 13:00:00,57.7,28.5,231.0,4.0,10.9,80.0,72,29.9,78,25.1,0.0
2025-08-23 14:00:00,53.7,26.6,242.0,4.3,10.2,77.0,72,30.0,78,25.4,0.0
2025-08-23 15:00:00,48.5,24.2,255.0,4.9,10.0,72.0,73,29.8,79,25.8,0.0
2025-08-23 16:00:00,48.3,23.5,271.0,6.1,10.0,65.0,73,29.5,80,25.8,0.0
2025-08-23 17:00:00,59.8,28.6,291.0,8.0,11.2,63.0,74,29.1,83,23.1,0.0
2025-08-23 18:00:00,50.2,23.7,322.0,13.2,11.3,54.0,75,28.8,84,21.4,0.0
2025-08-23 19:00:00,52.0,24.6,356.0,20.3,11.5,41.0,75,28.5,85,20.2,0.0
2025-08-23 20:00:00,59.6,26.9,368.0,24.5,11.3,33.0,76,28.2,87,19.7,0.0
2025-08-23 21:00:00,61.5,27.0,341.0,23.2,10.5,33.0,77,28.1,87,17.5,0.0
2025-08-23 22:00:00,55.8,24.6,291.0,19.1,9.4,37.0,78,28.1,87,14.7,0.0
2025-08-23 23:00:00,48.2,21.6,245.0,15.1,8.4,41.0,78,28.3,88,13.2,0.0
2025-08-24 00:00:00,42.7,19.4,208.0,12.0,7.5,43.0,78,28.2,88,14.6,0.0
2025-08-24 01:00:00,39.5,18.0,174.0,9.1,6.7,46.0,78,28.1,88,15.0,0.0
2025-08-24 02:00:00,39.3,17.5,151.0,7.0,6.1,47.0,78,28.0,89,16.0,0.0
2025-08-24 03:00:00,40.4,17.4,137.0,5.9,5.8,48.0,77,27.9,89,15.9,0.0
2025-08-24 04:00:00,41.4,17.5,134.0,5.6,5.8,47.0,77,27.7,90,15.9,0.0
2025-08-24 05:00:00,41.4,18.1,151.0,6.5,6.5,47.0,76,27.8,90,18.2,0.0
2025-08-24 06:00:00,43.9,18.9,210.0,9.1,7.6,45.0,76,27.8,90,17.5,0.0
2025-08-24 07:00:00,46.6,20.9,290.0,12.5,9.1,44.0,75,27.9,89,16.8,0.0
2025-08-24 08:00:00,55.6,23.1,337.0,14.1,10.5,45.0,75,28.2,88,19.7,0.0
2025-08-24 09:00:00,61.0,24.4,317.0,12.2,11.7,53.0,75,28.7,86,21.5,0.0
2025-08-24 10:00:00,67.3,26.6,264.0,8.4,12.8,64.0,74,29.2,84,23.9,0.0
2025-08-24 11:00:00,68.2,25.9,223.0,5.5,13.4,73.0,74,29.6,82,21.4,0.0
2025-08-24 12:00:00,69.4,26.0,213.0,4.4,13.1,77.0,74,29.8,82,22.4,0.0
2025-08-24 13:00:00,70.8,25.6,215.0,4.1,12.2,79.0,74,30.0,81,23.2,0.0
2025-08-24 14:00:00,68.7,24.0,221.0,4.4,11.4,78.0,73,29.9,81,23.4,0.0
2025-08-24 15:00:00,68.5,22.8,225.0,4.9,10.9,74.0,73,29.7,81,24.7,0.0
2025-08-24 16:00:00,71.2,22.9,233.0,5.9,10.6,67.0,73,29.5,82,25.1,0.0
2025-08-24 17:00:00,97.1,30.3,253.0,8.8,10.2,57.0,73,28.8,85,24.0,0.0
2025-08-24 18:00:00,73.3,25.2,300.0,13.8,10.4,49.0,73,28.3,85,21.4,0.0
2025-08-24 19:00:00,58.4,24.0,359.0,20.6,10.8,38.0,73,28.1,85,18.3,0.0
2025-08-24 20:00:00,48.4,23.1,391.0,24.7,10.8,31.0,73,27.9,87,17.7,0.0
2025-08-24 21:00:00,43.2,21.5,377.0,23.7,10.4,31.0,73,27.7,88,17.9,0.0
2025-08-24 22:00:00,40.4,19.9,336.0,20.1,9.7,35.0,72,27.6,89,16.4,0.0
2025-08-24 23:00:00,39.2,18.2,292.0,16.5,9.0,39.0,72,27.9,89,12.7,0.0
2025-08-25 00:00:00,38.5,16.9,246.0,13.6,8.1,41.0,72,27.8,89,13.7,0.0
2025-08-25 01:00:00,38.8,16.1,197.0,10.8,7.1,43.0,71,27.7,90,14.7,0.0
2025-08-25 02:00:00,40.2,15.8,162.0,8.8,6.5,44.0,71,27.6,90,14.4,0.0
2025-08-25 03:00:00,42.3,15.8,145.0,7.8,6.4,44.0,71,27.5,91,13.7,0.0
2025-08-25 04:00:00,44.1,15.8,143.0,7.6,6.7,43.0,71,27.5,91,12.4,0.0
2025-08-25 05:00:00,47.4,16.4,164.0,8.5,7.3,43.0,71,27.6,90,12.1,0.0
2025-08-25 06:00:00,52.3,17.5,230.0,11.3,8.8,41.0,71,27.5,90,10.6,0.0
2025-08-25 07:00:00,58.8,20.4,319.0,15.0,10.9,40.0,70,27.6,90,9.7,0.0
2025-08-25 08:00:00,76.8,23.1,371.0,16.9,13.0,41.0,70,28.0,88,13.2,0.0
2025-08-25 09:00:00,94.1,25.7,349.0,15.2,15.1,49.0,70,28.5,85,17.1,0.0
2025-08-25 10:00:00,98.5,28.0,290.0,11.6,17.2,60.0,71,29.0,83,16.8,0.0
2025-08-25 11:00:00,98.0,29.0,245.0,8.7,18.5,68.0,71,29.9,79,15.0,0.0
2025-08-25 12:00:00,90.6,28.1,236.0,7.3,18.5,72.0,71,30.2,79,16.0,0.0
2025-08-25 13:00:00,85.7,27.9,241.0,6.6,17.6,74.0,71,30.4,77,15.6,0.0
2025-08-25 14:00:00,77.5,26.4,250.0,6.6,16.8,73.0,71,30.4,77,15.6,0.0
2025-08-25 15:00:00,72.4,25.4,254.0,6.9,16.2,69.0,72,30.2,78,17.5,0.0
2025-08-25 16:00:00,70.1,24.4,262.0,7.8,15.6,61.0,72,29.6,82,19.2,0.0
2025-08-25 17:00:00,69.2,24.0,288.0,9.0,15.1,61.0,72,29.9,80,18.8,0.0
2025-08-25 18:00:00,66.1,22.7,353.0,14.8,14.9,50.0,71,29.2,83,19.2,0.0
2025-08-25 19:00:00,62.2,22.2,437.0,22.9,14.7,36.0,71,28.6,87,17.3,0.0
2025-08-25 20:00:00,60.1,23.5,494.0,28.7,14.3,25.0,71,28.2,89,14.6,0.0
2025-08-25 21:00:00,58.9,23.9,509.0,30.5,13.9,22.0,71,28.0,90,13.5,0.0
2025-08-25 22:00:00,59.3,24.0,496.0,30.0,13.3,22.0,71,27.9,89,14.6,0.0
2025-08-25 23:00:00,59.4,23.9,458.0,28.7,12.6,23.0,72,28.0,88,9.9,0.0
2025-08-26 00:00:00,61.5,24.0,375.0,26.7,11.6,24.0,72,27.8,89,7.6,0.0
2025-08-26 01:00:00,59.5,23.4,267.0,23.7,10.4,26.0,73,27.8,89,6.2,0.0
2025-08-26 02:00:00,57.3,22.4,186.0,20.8,9.5,28.0,73,27.7,89,5.0,0.0
2025-08-26 03:00:00,57.0,21.3,152.0,17.6,8.7,30.0,74,27.6,89,5.3,0.0
2025-08-26 04:00:00,58.3,20.5,146.0,14.3,8.1,33.0,74,27.5,90,6.0,0.0
2025-08-26 05:00:00,57.0,19.5,166.0,12.4,8.5,36.0,75,27.7,89,6.3,0.0
2025-08-26 06:00:00,62.4,19.7,233.0,13.6,10.2,36.0,75,27.6,90,6.2,0.0
2025-08-26 07:00:00,69.2,21.4,327.0,15.0,12.7,36.0,75,27.6,90,6.2,0.0
2025-08-26 08:00:00,78.0,23.1,385.0,15.3,15.0,39.0,75,28.1,88,8.0,0.0
2025-08-26 09:00:00,90.6,25.1,371.0,13.2,17.2,49.0,75,28.7,83,12.1,0.0
2025-08-26 10:00:00,121.1,32.5,322.0,10.0,19.3,63.0,75,29.2,81,15.3,0.0
2025-08-26 11:00:00,105.0,29.2,281.0,7.3,20.2,74.0,76,29.7,79,13.2,0.0
2025-08-26 12:00:00,107.6,30.2,264.0,5.9,19.1,79.0,76,30.1,77,14.6,0.0
2025-08-26 13:00:00,106.9,30.0,256.0,5.0,16.8,80.0,76,30.3,76,15.6,0.0
2025-08-26 14:00:00,100.4,28.0,255.0,4.9,14.9,78.0,76,30.5,74,16.3,0.0
2025-08-26 15:00:00,101.0,27.6,252.0,5.1,14.2,73.0,76,30.4,75,17.3,0.0
2025-08-26 16:00:00,96.6,26.3,257.0,5.9,13.9,66.0,76,30.1,76,18.1,0.0
2025-08-26 17:00:00,109.0,30.4,300.0,8.3,14.8,63.0,77,29.7,80,15.9,0.0
2025-08-26 18:00:00,103.6,28.5,429.0,14.3,14.5,51.0,77,29.1,83,15.3,0.0
2025-08-26 19:00:00,90.1,28.1,595.0,22.7,14.0,35.0,78,28.6,86,13.0,0.0
2025-08-26 20:00:00,89.6,29.9,685.0,29.1,13.7,23.0,78,28.2,89,11.2,0.0
2025-08-26 21:00:00,91.3,31.5,632.0,32.3,13.8,18.0,79,28.0,89,10.2,0.0
2025-08-26 22:00:00,90.8,32.9,503.0,33.5,14.0,18.0,79,27.9,90,10.5,0.0
2025-08-26 23:00:00,88.2,32.9,384.0,32.5,13.7,19.0,80,27.6,91,10.1,0.0
2025-08-27 00:00:00,83.4,31.2,302.0,28.0,12.5,23.0,81,27.5,91,11.0,0.0
2025-08-27 01:00:00,76.4,28.8,231.0,21.3,10.8,30.0,82,27.4,91,10.8,0.0
2025-08-27 02:00:00,69.8,26.7,179.0,15.8,9.4,35.0,82,27.3,91,11.5,0.0
2025-08-27 03:00:00,63.6,24.7,145.0,12.7,8.5,37.0,83,27.2,91,11.3,0.0
2025-08-27 04:00:00,58.2,23.1,131.0,10.8,7.9,38.0,83,27.1,92,10.5,0.0
2025-08-27 05:00:00,57.3,23.0,149.0,10.0,7.9,39.0,83,27.2,91,7.8,0.0
2025-08-27 06:00:00,54.6,22.5,230.0,11.7,9.2,38.0,83,27.1,92,7.3,0.0
2025-08-27 07:00:00,63.3,24.2,344.0,13.8,11.1,38.0,84,27.1,93,7.3,0.0
2025-08-27 08:00:00,72.6,25.7,410.0,14.5,12.9,41.0,84,27.5,90,9.4,0.0
2025-08-27 09:00:00,79.9,26.3,379.0,12.3,14.7,51.0,84,28.2,86,11.5,0.0
2025-08-27 10:00:00,84.1,27.6,301.0,8.7,16.5,65.0,84,28.9,83,13.0,0.0
2025-08-27 11:00:00,88.5,29.5,242.0,5.8,17.5,77.0,84,29.6,79,13.8,0.0
2025-08-27 12:00:00,89.6,30.6,228.0,4.4,16.9,84.0,84,29.9,77,14.2,0.0
2025-08-27 13:00:00,91.7,31.1,233.0,3.8,15.5,89.0,84,29.9,77,15.1,0.0
2025-08-27 14:00:00,90.6,30.6,249.0,3.9,14.5,90.0,84,30.0,76,15.9,0.0
2025-08-27 15:00:00,87.1,29.7,273.0,4.2,14.6,86.0,84,30.0,75,15.6,0.0
2025-08-27 16:00:00,85.2,29.0,306.0,5.3,15.2,77.0,84,29.8,76,15.8,0.0
2025-08-27 17:00:00,80.8,28.5,348.0,8.9,15.6,68.0,85,29.6,76,15.4,0.0
2025-08-27 18:00:00,77.1,27.8,412.0,16.8,15.9,54.0,84,28.9,79,15.2,0.0
2025-08-27 19:00:00,67.8,27.6,484.0,27.6,16.4,34.0,84,28.5,81,14.0,0.0
2025-08-27 20:00:00,63.3,29.3,518.0,34.9,16.3,20.0,84,28.3,83,13.2,0.0
2025-08-27 21:00:00,61.5,29.5,488.0,36.0,15.5,17.0,84,28.1,84,12.2,0.0
2025-08-27 22:00:00,60.1,28.9,421.0,33.8,14.2,19.0,84,28.0,85,12.0,0.0
2025-08-27 23:00:00,59.4,27.7,351.0,30.1,12.8,23.0,84,28.0,84,11.4,0.0
2025-08-29 00:00:00,75.0,31.1,245.0,19.8,10.2,36.0,87,27.3,87,13.1,0.0
2025-08-29 01:00:00,70.8,29.1,202.0,15.3,9.2,40.0,87,27.1,87,13.3,0.0
2025-08-29 02:00:00,69.2,27.8,173.0,11.9,8.5,44.0,88,27.0,87,12.4,0.0
2025-08-29 03:00:00,68.5,27.1,157.0,10.2,8.2,45.0,88,27.0,87,11.1,0.0
2025-08-29 04:00:00,67.8,26.7,156.0,9.7,8.2,44.0,89,26.9,88,10.7,0.0
2025-08-29 05:00:00,68.5,25.1,177.0,8.1,8.6,47.0,89,27.1,87,9.6,0.0
2025-08-29 06:00:00,66.4,25.1,246.0,10.0,10.0,46.0,90,26.9,88,10.1,0.0
2025-08-29 07:00:00,70.5,27.1,337.0,12.6,11.9,45.0,90,27.0,88,10.7,0.0
2025-08-29 08:00:00,82.9,28.8,388.0,13.6,13.8,48.0,90,27.4,86,12.9,0.0
2025-08-29 09:00:00,95.5,31.0,355.0,11.6,15.5,59.0,91,28.0,81,14.1,0.0
2025-08-29 10:00:00,101.7,33.3,280.0,8.0,17.0,74.0,91,28.7,77,14.2,0.0
2025-08-29 11:00:00,105.2,35.6,229.0,5.3,18.0,87.0,91,29.9,72,14.1,0.0
2025-08-29 12:00:00,105.7,37.0,229.0,4.2,18.0,96.0,91,30.1,72,15.3,0.0
2025-08-29 13:00:00,103.8,37.1,252.0,3.8,17.5,102.0,91,30.4,70,15.5,0.0
2025-08-29 14:00:00,101.0,36.1,278.0,4.2,16.9,103.0,91,30.4,71,15.8,0.0
2025-08-29 15:00:00,97.8,34.7,297.0,4.8,16.4,95.0,91,30.1,73,16.4,0.0
2025-08-29 16:00:00,96.6,34.0,319.0,6.0,16.0,82.0,91,29.7,74,17.0,0.0
2025-08-29 17:00:00,121.5,39.8,354.0,9.0,16.9,72.0,92,29.5,75,17.2,0.0
2025-08-29 18:00:00,116.4,38.6,420.0,16.4,16.7,57.0,92,28.8,79,17.0,0.0
2025-08-29 19:00:00,106.4,38.2,499.0,26.7,16.5,37.0,93,28.3,82,15.4,0.0
2025-08-29 20:00:00,96.9,39.2,552.0,34.4,16.0,22.0,93,27.9,85,13.4,0.0
2025-08-29 21:00:00,93.6,39.3,567.0,37.6,15.2,17.0,94,27.7,86,11.5,0.0
2025-08-29 22:00:00,92.7,40.0,555.0,38.3,14.2,17.0,94,27.6,87,11.0,0.0
2025-08-29 23:00:00,91.5,39.9,518.0,37.0,13.2,19.0,95,28.4,85,9.1,0.0
2025-08-30 00:00:00,88.0,38.3,435.0,32.5,12.0,23.0,96,28.2,86,10.2,0.0
2025-08-30 01:00:00,84.5,36.0,326.0,26.0,10.8,30.0,96,28.0,87,10.0,0.0
2025-08-30 02:00:00,80.1,34.2,248.0,21.3,10.2,34.0,97,27.9,87,8.8,0.0
2025-08-30 03:00:00,76.6,33.3,224.0,20.4,10.2,33.0,97,27.7,87,8.1,0.0
2025-08-30 04:00:00,77.3,33.8,231.0,21.3,10.7,29.0,98,27.6,87,7.4,0.0
2025-08-30 05:00:00,69.8,31.5,261.0,14.1,10.6,37.0,99,27.6,89,7.2,0.0
2025-08-30 06:00:00,74.7,32.8,331.0,15.0,12.8,39.0,99,27.4,90,7.3,0.0
2025-08-30 07:00:00,91.0,35.6,423.0,16.2,15.9,42.0,100,27.3,90,8.0,0.0
2025-08-30 08:00:00,100.6,36.7,473.0,16.1,18.5,48.0,101,27.8,86,9.9,0.0
2025-08-30 09:00:00,126.7,41.0,439.0,13.6,20.4,59.0,101,28.5,81,11.9,0.0
2025-08-30 10:00:00,125.7,41.4,363.0,9.9,21.9,73.0,102,29.2,78,12.6,0.0
2025-08-30 11:00:00,141.1,46.1,301.0,6.9,22.6,86.0,103,30.2,71,12.6,0.0
2025-08-30 12:00:00,145.8,48.8,272.0,5.3,21.9,97.0,104,30.6,70,14.3,0.0
2025-08-30 13:00:00,146.2,49.9,257.0,4.5,20.4,107.0,106,30.8,71,15.7,0.0
2025-08-30 14:00:00,137.8,48.8,255.0,4.5,19.0,110.0,107,30.6,72,16.6,0.0
2025-08-30 15:00:00,125.7,46.0,273.0,5.1,18.1,103.0,108,30.4,72,17.1,0.0
2025-08-30 16:00:00,115.7,42.8,303.0,6.5,17.3,89.0,110,30.0,75,17.6,0.0
2025-08-30 17:00:00,109.4,41.9,324.0,10.2,16.9,77.0,110,29.6,77,16.9,0.0
2025-08-30 18:00:00,96.9,38.6,321.0,17.9,16.6,61.0,111,29.0,78,16.4,0.0
2025-08-30 19:00:00,86.8,36.6,309.0,28.5,16.1,40.0,111,28.5,81,14.5,0.0
2025-08-30 20:00:00,81.3,38.1,308.0,36.0,15.7,24.0,110,28.2,84,13.0,0.0
2025-08-30 21:00:00,81.7,38.8,340.0,37.6,15.5,20.0,110,27.9,86,12.7,0.0
2025-08-30 22:00:00,79.9,38.0,384.0,36.1,15.4,21.0,110,27.8,87,12.2,0.0
2025-08-30 23:00:00,76.6,36.1,396.0,33.4,14.9,24.0,110,28.1,87,9.5,0.0
2025-08-31 00:00:00,72.9,34.0,344.0,29.7,13.5,27.0,110,27.9,88,9.6,0.0
2025-08-31 01:00:00,69.4,31.7,260.0,24.8,11.7,31.0,109,27.8,88,10.0,0.0
2025-08-31 02:00:00,67.3,29.8,198.0,20.6,10.4,35.0,109,27.6,88,10.8,0.0
2025-08-31 03:00:00,66.8,28.5,177.0,17.7,9.9,37.0,108,27.5,89,10.9,0.0
2025-08-31 04:00:00,66.8,27.5,179.0,15.4,9.9,38.0,108,27.3,90,11.0,0.0
2025-08-31 05:00:00,66.4,26.7,200.0,15.8,11.3,36.0,107,27.6,88,11.4,0.0
2025-08-31 06:00:00,69.6,26.1,260.0,15.4,12.5,38.0,107,27.4,86,12.4,0.0
2025-08-31 07:00:00,78.7,27.7,341.0,14.7,14.1,42.0,106,27.4,85,12.5,0.0
2025-08-31 08:00:00,86.1,28.0,382.0,13.4,15.5,48.0,105,27.9,81,14.1,0.0
2025-08-31 09:00:00,96.9,30.2,346.0,10.9,16.4,58.0,104,28.5,77,17.3,0.0
2025-08-31 10:00:00,102.0,32.7,271.0,7.8,17.0,70.0,103,29.1,74,18.7,0.0
2025-08-31 11:00:00,105.5,34.7,215.0,5.4,17.1,80.0,102,29.6,72,18.5,0.0
2025-08-31 12:00:00,106.6,35.6,200.0,4.2,16.4,86.0,101,29.9,71,19.4,0.0
2025-08-31 13:00:00,104.5,35.3,203.0,3.7,15.2,90.0,100,30.1,70,19.7,0.0
2025-08-31 14:00:00,102.2,34.3,213.0,3.8,14.2,90.0,98,30.2,70,19.9,0.0
2025-08-31 15:00:00,95.9,32.2,230.0,4.4,13.7,84.0,97,30.0,71,20.5,0.0
2025-08-31 16:00:00,89.2,29.8,254.0,5.7,13.3,74.0,96,29.6,72,21.1,0.0
2025-08-31 17:00:00,91.3,29.5,269.0,8.1,13.8,65.0,95,29.5,74,19.4,0.0
2025-08-31 18:00:00,79.6,26.4,266.0,12.4,13.3,56.0,94,28.9,76,19.1,0.0
2025-08-31 19:00:00,65.7,24.2,254.0,18.3,12.6,44.0,93,28.4,80,17.6,0.0
2025-08-31 20:00:00,58.1,23.3,245.0,22.1,11.8,36.0,91,27.9,83,16.1,0.0
2025-08-31 21:00:00,53.2,21.8,247.0,22.1,10.9,34.0,90,27.7,84,16.3,0.0
2025-08-31 22:00:00,50.8,20.8,251.0,20.1,10.0,36.0,89,27.6,84,17.1,0.0
2025-08-31 23:00:00,48.9,20.4,244.0,17.6,9.1,38.0,87,27.9,84,16.3,0.0
2025-09-01 00:00:00,48.1,19.9,212.0,14.9,8.2,40.0,86,27.8,84,17.1,0.0
2025-09-01 01:00:00,47.7,19.4,168.0,11.7,7.3,43.0,84,27.6,84,17.6,0.0
2025-09-01 02:00:00,47.4,19.0,136.0,9.1,6.6,45.0,83,27.4,86,17.9,0.0
2025-09-01 03:00:00,46.8,18.7,122.0,7.4,6.2,46.0,82,27.4,85,18.5,0.0
2025-09-01 04:00:00,46.1,18.5,120.0,6.4,6.0,48.0,82,27.3,85,18.4,0.0
2025-09-01 05:00:00,48.4,18.6,136.0,6.2,6.2,48.0,81,27.6,83,16.4,0.0
2025-09-01 06:00:00,49.4,19.4,187.0,8.2,7.1,47.0,80,27.4,84,16.9,0.0
2025-09-01 07:00:00,51.7,21.1,256.0,10.8,8.4,45.0,79,27.4,84,17.5,0.0
2025-09-01 08:00:00,58.4,22.6,296.0,12.0,9.6,47.0,79,27.7,82,20.4,0.0
2025-09-01 09:00:00,64.5,23.3,277.0,10.3,10.5,54.0,78,28.1,80,21.8,0.0
2025-09-01 10:00:00,67.5,24.3,228.0,7.1,11.3,65.0,78,28.6,77,23.8,0.0
2025-09-01 11:00:00,66.8,24.9,193.0,4.6,11.8,73.0,77,29.3,73,22.8,0.0
2025-09-01 12:00:00,65.0,25.1,189.0,3.6,11.9,78.0,76,29.8,71,23.7,0.0
2025-09-01 13:00:00,65.0,25.7,197.0,3.4,11.8,82.0,75,29.8,72,24.2,0.0
2025-09-01 14:00:00,61.0,24.9,210.0,3.7,11.7,82.0,74,29.9,72,23.7,0.0
2025-09-01 15:00:00,58.9,24.4,225.0,4.4,11.8,78.0,74,29.6,73,23.6,0.0
2025-09-01 16:00:00,56.7,23.9,244.0,5.7,12.0,72.0,73,29.2,75,23.5,0.0
2025-09-01 17:00:00,62.6,25.8,260.0,7.8,12.8,66.0,72,28.9,77,21.4,0.0
2025-09-01 18:00:00,56.8,24.5,271.0,12.6,12.6,57.0,72,28.3,80,21.0,0.0
2025-09-01 19:00:00,49.2,24.3,278.0,19.2,12.2,45.0,72,28.0,80,18.6,0.0
2025-09-01 20:00:00,49.2,25.0,282.0,23.6,11.7,37.0,72,27.8,81,17.8,0.0
2025-09-01 21:00:00,49.6,25.2,285.0,23.8,11.0,36.0,72,27.7,82,16.9,0.0
2025-09-01 22:00:00,49.2,25.3,285.0,21.8,10.2,38.0,72,27.5,83,16.3,0.0
2025-09-01 23:00:00,48.5,25.0,272.0,19.2,9.4,41.0,73,27.8,84,14.3,0.0
2025-09-02 00:00:00,47.8,24.4,236.0,16.2,8.5,44.0,73,27.6,85,14.2,0.0
2025-09-02 01:00:00,46.1,23.3,187.0,12.7,7.5,47.0,74,27.5,85,14.1,0.0
2025-09-02 02:00:00,45.4,22.7,151.0,9.9,6.9,49.0,74,27.4,86,14.9,0.0
2025-09-02 03:00:00,44.6,22.1,135.0,8.3,6.7,50.0,74,27.2,86,16.6,0.0
2025-09-02 04:00:00,45.1,22.1,131.0,7.5,6.9,50.0,74,27.1,86,17.5,0.0
2025-09-02 05:00:00,42.8,21.3,148.0,6.5,7.0,53.0,75,27.3,85,17.0,0.0
2025-09-02 06:00:00,42.1,21.0,204.0,8.7,8.3,51.0,75,27.2,85,17.2,0.0
2025-09-02 07:00:00,44.0,22.6,280.0,11.6,10.2,49.0,75,27.1,86,16.1,0.0
2025-09-02 08:00:00,51.0,24.0,324.0,12.9,11.9,51.0,75,27.5,83,17.7,0.0
2025-09-02 09:00:00,55.1,24.3,304.0,11.0,13.3,60.0,75,28.0,81,17.7,0.0
2025-09-02 10:00:00,59.3,25.3,253.0,7.5,14.5,72.0,76,28.7,77,19.0,0.0
2025-09-02 11:00:00,61.9,26.5,216.0,4.9,15.3,81.0,76,29.2,75,19.5,0.0
2025-09-02 12:00:00,61.0,27.0,213.0,4.0,15.4,86.0,76,29.6,74,20.0,0.0
2025-09-02 13:00:00,59.6,26.3,224.0,4.0,15.0,87.0,76,29.8,72,20.0,0.0
2025-09-02 14:00:00,56.9,25.4,238.0,4.5,14.6,86.0,76,29.8,72,20.3,0.0
2025-09-02 15:00:00,55.1,24.7,254.0,4.9,14.4,81.0,76,29.6,74,20.9,0.0
2025-09-02 16:00:00,53.7,24.0,273.0,5.9,14.2,72.0,76,29.1,75,21.3,0.0
2025-09-02 17:00:00,67.1,28.7,289.0,8.1,13.1,61.0,76,29.0,75,20.1,0.0
2025-09-02 18:00:00,65.0,28.6,299.0,13.4,12.9,52.0,76,28.5,78,18.9,0.0
2025-09-02 19:00:00,60.8,29.7,306.0,20.6,12.7,39.0,77,28.0,81,17.9,0.0
2025-09-02 20:00:00,60.8,30.7,317.0,26.3,12.4,29.0,77,27.7,83,16.0,0.0
2025-09-02 21:00:00,61.5,31.5,346.0,28.9,12.2,25.0,78,27.4,84,14.3,0.0
2025-09-02 22:00:00,62.9,32.7,379.0,29.8,12.0,24.0,78,27.2,84,13.5,0.0
2025-09-02 23:00:00,64.5,33.6,384.0,29.8,11.6,23.0,79,27.6,83,11.9,0.0
2025-09-03 00:00:00,65.0,33.5,336.0,29.0,10.9,22.0,80,27.3,84,11.4,0.0
2025-09-03 01:00:00,64.5,33.5,261.0,27.2,10.0,23.0,80,27.2,85,11.5,0.0
2025-09-03 02:00:00,62.2,32.9,204.0,24.9,9.4,24.0,81,27.1,85,12.1,0.0
2025-09-03 03:00:00,61.0,32.0,178.0,21.7,9.1,27.0,82,27.1,85,11.3,0.0
2025-09-03 04:00:00,58.7,30.3,169.0,18.0,9.1,31.0,83,27.1,86,10.6,0.0
2025-09-03 05:00:00,48.0,25.1,182.0,12.0,8.9,39.0,84,27.3,84,9.8,0.0
2025-09-03 06:00:00,46.0,24.0,235.0,12.8,9.7,39.0,84,27.1,84,10.5,0.0
2025-09-03 07:00:00,48.4,25.3,309.0,13.8,11.0,40.0,84,27.1,84,11.2,0.0
2025-09-03 08:00:00,56.6,26.7,351.0,13.7,12.4,45.0,85,27.4,82,13.7,0.0
2025-09-03 09:00:00,63.3,27.8,330.0,11.4,14.3,56.0,85,27.8,80,14.4,0.0
2025-09-03 10:00:00,70.5,29.7,278.0,8.0,16.3,71.0,85,28.5,76,14.8,0.0
2025-09-03 11:00:00,77.8,32.7,237.0,5.4,17.9,84.0,86,29.8,71,15.7,0.0
2025-09-03 12:00:00,81.0,34.8,224.0,4.3,18.7,96.0,86,30.2,69,16.9,0.0
2025-09-03 13:00:00,78.7,34.9,222.0,3.9,18.9,107.0,87,30.4,68,17.6,0.0
2025-09-03 14:00:00,73.3,33.5,229.0,4.2,18.8,110.0,88,30.4,68,18.5,0.0
2025-09-03 15:00:00,67.1,31.0,245.0,4.6,18.1,102.0,88,30.2,69,18.5,0.0
2025-09-03 16:00:00,60.3,27.9,270.0,5.6,16.9,86.0,89,29.8,71,19.1,0.0
2025-09-03 17:00:00,80.1,36.0,293.0,8.8,16.6,72.0,89,29.7,72,18.3,0.0
2025-09-03 18:00:00,76.4,34.2,316.0,16.1,16.5,57.0,90,28.8,76,16.5,0.0
2025-09-03 19:00:00,67.8,33.1,337.0,26.2,16.3,36.0,90,28.2,80,13.3,0.0
2025-09-03 20:00:00,66.8,34.3,347.0,33.5,15.9,21.0,91,27.7,84,11.2,0.0
2025-09-03 21:00:00,66.4,34.2,340.0,35.7,15.4,16.0,91,27.3,87,10.7,0.0
2025-09-03 22:00:00,65.7,33.9,321.0,35.1,14.8,17.0,91,27.2,88,10.2,0.0
2025-09-03 23:00:00,64.3,33.1,296.0,33.0,13.9,20.0,91,27.5,85,8.2,0.0
2025-09-04 00:00:00,61.7,31.2,260.0,28.9,12.5,24.0,91,27.3,86,9.4,0.0
2025-09-04 01:00:00,58.0,28.6,218.0,23.3,11.0,30.0,91,27.2,87,9.7,0.0
2025-09-04 02:00:00,54.6,26.1,187.0,18.6,9.8,34.0,91,27.1,87,10.5,0.0
2025-09-04 03:00:00,51.8,24.0,169.0,15.8,9.3,35.0,90,27.0,87,9.4,0.0
2025-09-04 04:00:00,49.4,22.4,162.0,14.0,9.2,35.0,89,27.0,87,8.8,0.0
2025-09-04 05:00:00,55.9,23.7,177.0,14.4,10.2,36.0,89,27.3,85,8.4,0.0
2025-09-04 06:00:00,54.0,23.6,235.0,14.5,11.7,37.0,89,27.1,86,9.4,0.0
2025-09-04 07:00:00,57.2,25.3,313.0,14.5,13.8,39.0,89,27.0,85,9.7,0.0
2025-09-04 08:00:00,66.6,25.1,359.0,13.8,15.7,45.0,89,27.4,82,12.2,0.0
2025-09-04 09:00:00,72.2,26.0,338.0,11.5,17.0,57.0,88,28.1,78,14.0,0.0
2025-09-04 10:00:00,75.2,27.5,284.0,8.5,18.1,72.0,88,28.9,74,14.4,0.0
2025-09-04 11:00:00,78.7,29.7,242.0,6.1,18.8,86.0,88,29.9,70,14.8,0.0
2025-09-04 12:00:00,81.3,31.9,229.0,4.9,19.3,98.0,88,30.4,68,16.7,0.0
2025-09-04 13:00:00,80.8,32.2,228.0,4.4,19.5,108.0,88,30.6,69,18.5,0.0
2025-09-04 14:00:00,79.2,31.2,236.0,4.6,19.2,111.0,87,30.5,69,19.9,0.0
2025-09-04 15:00:00,75.7,29.7,256.0,5.4,18.3,102.0,87,30.4,69,21.2,0.0
2025-09-04 16:00:00,71.0,27.5,285.0,6.9,16.9,85.0,87,29.9,71,21.9,0.0
2025-09-04 17:00:00,73.3,28.6,304.0,11.4,17.6,75.0,87,29.7,74,21.7,0.0
2025-09-04 18:00:00,67.1,26.5,308.0,16.9,16.6,60.0,86,29.0,76,20.0,0.0
2025-09-04 19:00:00,61.0,25.9,302.0,24.3,15.2,39.0,86,28.2,81,18.8,0.0
2025-09-04 20:00:00,55.1,26.0,290.0,28.9,13.9,25.0,85,27.8,84,17.0,0.0
2025-09-04 21:00:00,54.4,25.3,270.0,28.1,12.7,23.0,84,27.6,85,14.8,0.0
2025-09-04 22:00:00,51.9,24.4,243.0,24.5,11.6,27.0,83,27.5,84,15.9,0.0
2025-09-04 23:00:00,49.2,23.3,218.0,20.5,10.5,32.0,83,27.8,83,13.8,0.0
2025-09-05 00:00:00,47.0,22.3,198.0,16.7,9.3,36.0,82,27.6,83,14.4,0.0
2025-09-05 01:00:00,43.9,20.8,180.0,12.6,8.1,40.0,81,27.5,84,13.8,0.0
2025-09-05 02:00:00,40.9,19.4,167.0,9.5,7.3,43.0,80,27.3,85,13.1,0.0
2025-09-05 03:00:00,40.2,18.7,150.0,7.8,7.1,44.0,80,27.1,86,13.0,0.0
2025-09-05 04:00:00,40.0,18.5,138.0,7.2,7.3,44.0,79,27.0,87,12.4,0.0
2025-09-05 05:00:00,40.3,18.5,155.0,7.6,7.9,44.0,79,27.1,87,11.6,0.0
2025-09-05 06:00:00,41.1,19.2,235.0,9.4,8.8,42.0,78,27.0,88,12.3,0.0
2025-09-05 07:00:00,45.4,21.6,345.0,11.9,10.2,40.0,78,27.0,87,14.2,0.0
2025-09-05 08:00:00,52.5,23.6,410.0,13.3,12.1,43.0,78,27.4,86,15.6,0.0
2025-09-05 09:00:00,57.4,25.5,387.0,12.7,15.1,56.0,78,28.1,83,15.9,0.0
2025-09-05 10:00:00,63.6,28.0,318.0,11.0,18.6,74.0,77,28.9,80,16.6,0.0
2025-09-05 11:00:00,68.7,31.0,264.0,9.4,21.1,92.0,78,29.8,76,16.9,0.0
2025-09-05 12:00:00,71.9,33.4,244.0,7.9,21.8,110.0,78,30.4,71,18.9,0.0
2025-09-05 13:00:00,69.4,33.4,238.0,6.4,21.4,127.0,78,30.8,68,20.6,0.0
2025-09-05 14:00:00,65.7,32.0,240.0,5.9,20.4,132.0,78,30.8,68,22.0,0.0
2025-09-05 15:00:00,61.5,30.0,251.0,6.9,18.5,117.0,78,30.6,69,24.4,0.0
2025-09-05 16:00:00,58.4,27.6,269.0,9.0,16.1,90.0,78,30.2,71,24.6,0.0
2025-09-05 17:00:00,63.8,29.7,285.0,12.5,14.7,72.0,78,29.9,75,23.1,0.0
2025-09-05 18:00:00,61.0,28.9,299.0,16.9,13.8,59.0,78,29.0,79,22.4,0.0
2025-09-05 19:00:00,56.6,28.5,310.0,22.8,12.5,40.0,78,28.4,82,20.7,0.0
2025-09-05 20:00:00,54.4,28.5,307.0,26.3,11.4,28.0,79,27.9,84,18.0,0.0
2025-09-05 21:00:00,54.7,28.8,278.0,25.2,10.8,27.0,79,27.7,85,15.2,0.0
2025-09-05 22:00:00,54.5,28.3,235.0,21.7,10.5,32.0,79,27.6,84,14.2,0.0
2025-09-05 23:00:00,51.8,27.5,197.0,18.0,10.0,37.0,79,27.4,86,12.3,0.0
2025-09-06 00:00:00,49.7,26.4,172.0,14.7,9.2,40.0,80,27.2,87,13.4,0.0
2025-09-06 01:00:00,48.8,25.3,152.0,11.4,8.3,44.0,80,27.2,86,14.9,0.0
2025-09-06 02:00:00,48.2,24.2,139.0,8.8,7.6,46.0,81,27.1,86,16.2,0.0
2025-09-06 03:00:00,47.3,23.3,130.0,7.3,7.3,47.0,81,27.0,86,16.9,0.0
2025-09-06 04:00:00,45.8,22.6,128.0,6.6,7.4,48.0,81,27.0,85,16.6,0.0
2025-09-06 05:00:00,44.1,21.8,143.0,6.6,6.9,48.0,82,27.0,85,13.8,0.0
2025-09-06 06:00:00,43.4,22.0,192.0,8.8,7.9,46.0,82,26.9,87,14.2,0.0
2025-09-06 07:00:00,46.6,23.9,258.0,11.8,9.3,43.0,82,26.9,87,14.1,0.0
2025-09-06 08:00:00,53.0,25.9,299.0,13.4,11.0,46.0,82,27.5,83,16.2,0.0
2025-09-06 09:00:00,59.3,28.1,290.0,12.3,13.2,58.0,83,28.3,80,17.6,0.0
2025-09-06 10:00:00,63.3,29.6,256.0,9.9,15.6,75.0,83,28.9,78,18.4,0.0
2025-09-06 11:00:00,67.8,31.1,230.0,7.7,17.2,89.0,83,29.7,75,17.4,0.0
2025-09-06 12:00:00,71.2,32.0,223.0,6.2,17.3,97.0,83,30.3,72,18.4,0.0
2025-09-06 13:00:00,72.6,32.1,223.0,5.0,16.5,102.0,83,30.6,71,19.8,0.0
2025-09-06 14:00:00,73.1,32.0,230.0,4.8,15.6,101.0,83,30.7,71,21.0,0.0
2025-09-06 15:00:00,71.9,31.5,247.0,5.8,14.9,92.0,83,30.6,70,22.6,0.0
2025-09-06 16:00:00,69.2,30.6,271.0,7.7,14.2,76.0,83,30.2,70,23.6,0.0
2025-09-06 17:00:00,64.3,29.0,288.0,11.1,13.3,63.0,83,29.7,75,22.4,0.0
2025-09-06 18:00:00,56.0,27.3,295.0,16.3,12.8,52.0,83,28.8,80,22.2,0.0
2025-09-06 19:00:00,46.1,26.1,296.0,23.3,12.0,37.0,83,28.0,85,20.9,0.0
2025-09-06 20:00:00,44.8,26.2,290.0,28.3,11.6,26.0,83,27.6,85,18.3,0.0
2025-09-06 21:00:00,43.8,25.9,274.0,29.8,12.0,23.0,83,27.4,86,13.8,0.0
2025-09-06 22:00:00,44.0,26.4,251.0,29.2,12.6,25.0,82,27.3,85,16.2,0.0
2025-09-06 23:00:00,43.9,26.4,227.0,26.8,12.7,28.0,82,27.9,85,15.5,0.0
2025-09-07 00:00:00,41.7,24.8,200.0,21.7,11.6,34.0,82,27.6,87,15.5,0.0
2025-09-07 01:00:00,38.0,22.1,173.0,14.8,9.9,42.0,82,27.5,87,16.2,0.0
2025-09-07 02:00:00,33.8,19.2,153.0,9.5,8.6,48.0,82,27.3,87,16.6,0.0
2025-09-07 03:00:00,31.8,17.5,142.0,6.9,7.9,51.0,81,27.2,87,16.9,0.0
2025-09-07 04:00:00,31.8,17.1,139.0,5.9,7.4,52.0,81,27.1,88,16.6,0.0
2025-09-07 05:00:00,31.7,16.6,152.0,6.2,7.6,52.0,80,27.1,88,12.4,0.0
2025-09-07 06:00:00,32.1,17.1,197.0,8.6,8.3,50.0,80,26.9,89,12.6,0.0
2025-09-07 07:00:00,35.2,18.9,257.0,11.8,9.4,47.0,79,26.9,89,13.3,0.0
2025-09-07 08:00:00,42.3,20.9,294.0,13.4,10.7,48.0,79,27.3,87,18.1,0.0
2025-09-07 09:00:00,46.9,22.2,283.0,11.7,12.4,58.0,78,28.0,82,21.8,0.0
2025-09-07 10:00:00,50.9,23.6,248.0,8.4,14.3,72.0,78,28.4,80,22.5,0.0
2025-09-07 11:00:00,52.9,25.0,220.0,5.7,15.4,83.0,77,29.1,76,20.6,0.0
2025-09-07 12:00:00,52.0,25.3,209.0,4.3,15.0,88.0,77,29.4,75,21.5,0.0
2025-09-07 13:00:00,51.9,24.9,205.0,3.7,13.8,90.0,76,29.6,72,23.1,0.0
2025-09-07 14:00:00,49.1,24.0,211.0,3.9,12.9,88.0,76,29.6,71,23.5,0.0
2025-09-07 15:00:00,46.2,22.9,232.0,5.2,12.8,80.0,75,29.6,71,22.9,0.0
2025-09-07 16:00:00,48.3,23.5,263.0,7.4,13.0,68.0,74,29.2,73,23.0,0.0
2025-09-07 17:00:00,46.6,23.4,285.0,10.5,11.1,58.0,73,29.0,76,19.9,0.0
2025-09-07 18:00:00,48.7,25.3,289.0,15.1,11.6,50.0,73,28.3,80,19.9,0.0
2025-09-07 19:00:00,49.7,26.8,285.0,21.4,12.4,39.0,73,27.8,82,16.9,0.0
2025-09-07 20:00:00,49.9,28.3,281.0,25.5,12.8,31.0,73,27.4,84,13.4,0.0
2025-09-07 21:00:00,50.9,28.8,284.0,25.6,12.8,30.0,73,27.3,85,12.6,0.0
2025-09-07 22:00:00,51.2,28.9,286.0,23.5,12.4,32.0,73,27.2,85,12.7,0.0
2025-09-07 23:00:00,51.1,28.9,276.0,20.8,11.9,35.0,74,27.4,85,10.5,0.0
2025-09-08 00:00:00,50.5,28.2,239.0,17.5,11.0,38.0,74,27.2,85,10.8,0.0
2025-09-08 01:00:00,48.8,26.8,189.0,13.6,10.0,41.0,74,27.1,85,11.2,0.0
2025-09-08 02:00:00,47.1,25.1,155.0,10.6,9.2,43.0,74,27.0,86,10.4,0.0
2025-09-08 03:00:00,46.3,24.1,137.0,8.7,8.7,44.0,75,27.0,86,8.4,0.0
2025-09-08 04:00:00,45.5,23.3,135.0,7.7,8.5,45.0,76,27.0,87,8.2,0.0
2025-09-08 05:00:00,41.2,20.8,171.0,6.7,7.7,47.0,76,27.2,87,9.7,0.0
2025-09-08 06:00:00,42.6,21.1,290.0,10.0,8.7,44.0,77,27.0,88,12.0,0.0
2025-09-08 07:00:00,43.8,22.2,447.0,14.6,10.2,39.0,77,27.0,89,14.5,0.0
2025-09-08 08:00:00,47.7,24.3,533.0,17.4,11.9,39.0,77,27.3,87,17.6,0.0
2025-09-08 09:00:00,51.8,26.0,474.0,17.0,14.3,46.0,77,27.8,83,18.9,0.0
2025-09-08 10:00:00,55.2,26.8,344.0,14.9,16.9,57.0,78,28.4,79,19.7,0.0
2025-09-08 11:00:00,56.8,26.7,251.0,12.9,18.6,66.0,78,28.8,78,18.9,0.0
2025-09-08 12:00:00,56.9,26.6,245.0,11.3,18.7,74.0,78,29.0,77,20.4,0.0
2025-09-08 13:00:00,55.8,26.2,275.0,9.9,17.9,80.0,78,29.1,76,22.2,0.0
2025-09-08 14:00:00,58.1,27.8,301.0,9.9,17.0,81.0,78,29.3,76,23.6,0.0
2025-09-08 15:00:00,56.6,27.4,301.0,11.8,16.1,73.0,79,29.0,76,23.1,0.0
2025-09-08 16:00:00,50.5,23.7,297.0,15.1,15.0,59.0,79,28.7,78,22.7,0.0
2025-09-08 17:00:00,48.7,24.9,311.0,19.4,12.4,49.0,79,28.7,81,19.9,0.0
2025-09-08 18:00:00,45.3,25.3,367.0,24.6,12.6,41.0,79,28.4,83,18.4,0.0
2025-09-08 19:00:00,48.3,26.4,440.0,31.8,13.0,31.0,79,28.2,84,14.8,0.0
2025-09-08 20:00:00,50.4,27.9,479.0,37.2,13.4,23.0,79,28.0,86,10.1,0.0
2025-09-08 21:00:00,48.8,27.6,457.0,39.3,14.1,19.0,79,28.0,87,9.0,0.0
2025-09-08 22:00:00,51.5,29.2,401.0,39.6,14.9,18.0,79,27.8,89,9.4,0.0
2025-09-08 23:00:00,53.3,30.3,340.0,38.6,15.3,18.0,79,27.7,90,9.6,0.0
2025-09-09 00:00:00,55.6,31.5,274.0,36.3,15.2,18.0,79,27.6,91,10.2,0.0
2025-09-09 01:00:00,55.8,30.9,203.0,32.7,14.7,20.0,80,27.5,91,10.0,0.0
2025-09-09 02:00:00,54.9,30.0,153.0,28.8,14.1,22.0,80,27.4,91,9.8,0.0
2025-09-09 03:00:00,52.9,28.5,124.0,23.7,13.3,27.0,80,27.3,91,11.3,0.0
2025-09-09 04:00:00,50.6,26.0,115.0,18.2,12.5,33.0,81,27.2,91,12.9,0.0
2025-09-09 05:00:00,43.4,21.9,150.0,12.7,9.8,42.0,81,27.0,90,15.4,0.2
2025-09-09 06:00:00,43.8,21.8,274.0,15.5,10.5,41.0,81,27.0,90,16.8,0.0
2025-09-09 07:00:00,44.1,22.7,442.0,19.3,11.5,40.0,81,27.0,89,15.8,0.1
2025-09-09 08:00:00,48.0,24.4,542.0,21.6,12.5,41.0,81,26.7,90,14.2,1.1
2025-09-09 09:00:00,43.8,23.1,506.0,20.9,13.7,46.0,81,26.5,91,12.4,2.3
2025-09-09 10:00:00,38.9,21.7,403.0,18.6,14.9,52.0,81,26.4,92,14.4,1.4
2025-09-09 11:00:00,31.8,18.7,326.0,17.1,15.5,56.0,81,27.3,88,21.1,1.5
2025-09-09 12:00:00,30.9,18.0,313.0,16.8,15.0,56.0,80,27.2,89,23.1,0.6
2025-09-09 13:00:00,29.9,17.8,326.0,17.1,13.9,54.0,79,27.4,87,23.1,0.7
2025-09-09 14:00:00,30.3,18.4,345.0,18.9,13.0,51.0,78,27.4,88,21.3,0.7
2025-09-09 15:00:00,27.2,17.6,372.0,23.4,12.7,46.0,77,27.4,88,20.9,0.6
2025-09-09 16:00:00,27.8,18.7,405.0,29.4,12.5,39.0,77,27.6,89,19.8,0.5
2025-09-09 17:00:00,25.5,18.4,417.0,31.8,12.0,40.0,76,27.8,89,22.8,1.5
2025-09-09 18:00:00,23.7,18.5,388.0,33.0,12.1,38.0,76,27.7,90,24.4,2.5
2025-09-09 19:00:00,22.0,17.9,338.0,34.7,12.2,35.0,75,27.1,91,25.3,2.2
2025-09-09 20:00:00,20.7,16.9,297.0,35.8,12.4,33.0,74,26.6,95,27.4,2.7
2025-09-09 21:00:00,17.6,15.2,281.0,35.7,12.5,32.0,73,26.1,96,29.4,21.9
2025-09-09 22:00:00,16.2,14.6,275.0,35.1,12.7,31.0,72,26.3,96,32.9,24.3
2025-09-09 23:00:00,16.9,15.8,263.0,34.5,12.9,30.0,71,26.2,95,28.2,7.3
2025-09-10 00:00:00,19.7,18.9,235.0,34.9,13.5,29.0,70,26.4,95,24.7,10.8
2025-09-10 01:00:00,20.1,19.3,201.0,35.4,14.3,27.0,68,26.8,91,26.3,5.2
2025-09-10 02:00:00,15.7,15.0,178.0,33.8,14.2,28.0,67,27.0,88,28.8,1.7
2025-09-10 03:00:00,13.3,12.3,159.0,28.0,12.6,33.0,66,26.9,88,29.0,1.7
2025-09-10 04:00:00,13.6,10.6,151.0,20.1,10.2,39.0,65,26.9,87,26.0,1.4
2025-09-10 05:00:00,16.6,8.6,187.0,6.7,5.2,46.0,63,26.8,89,14.0,1.1
2025-09-10 06:00:00,19.4,9.7,318.0,9.4,5.7,41.0,62,26.7,90,13.7,0.7
2025-09-10 07:00:00,22.4,11.6,493.0,13.1,6.4,34.0,61,26.4,91,14.8,1.9
2025-09-10 08:00:00,27.4,14.4,598.0,15.1,7.3,31.0,60,26.5,91,15.2,1.0
2025-09-10 09:00:00,41.9,18.3,566.0,14.0,8.4,33.0,59,26.7,91,16.4,1.0
2025-09-10 10:00:00,40.3,16.8,464.0,11.2,9.7,39.0,59,27.1,89,18.2,0.8
2025-09-10 11:00:00,39.9,16.2,376.0,9.0,10.7,44.0,58,27.4,87,19.1,0.8
2025-09-10 12:00:00,38.4,15.1,327.0,8.0,11.1,47.0,58,27.7,86,18.1,0.6
2025-09-10 13:00:00,38.2,14.9,292.0,7.6,11.2,49.0,58,27.7,85,16.6,0.7
2025-09-10 14:00:00,36.4,15.4,280.0,7.9,11.5,51.0,58,27.8,85,14.8,0.8
2025-09-10 15:00:00,38.3,16.3,300.0,8.0,12.1,53.0,57,27.6,85,12.7,0.6
2025-09-10 16:00:00,40.2,16.5,342.0,8.7,12.8,55.0,57,27.5,84,10.9,0.4
2025-09-10 17:00:00,53.0,20.4,395.0,9.6,12.6,60.0,57,27.5,86,8.0,0.1
2025-09-10 18:00:00,54.4,21.9,466.0,20.4,13.7,45.0,57,27.2,87,7.0,0.4
2025-09-10 19:00:00,52.0,26.5,546.0,35.2,15.1,25.0,58,27.0,88,6.3,0.3
2025-09-10 20:00:00,52.4,29.0,596.0,45.7,16.2,10.0,58,26.9,89,6.0,0.2
2025-09-10 21:00:00,51.9,29.6,599.0,47.9,16.8,5.0,59,26.8,89,6.3,0.0
2025-09-10 22:00:00,52.2,30.7,572.0,45.8,16.9,6.0,61,26.8,89,5.8,0.0
2025-09-10 23:00:00,51.3,31.7,522.0,43.0,16.4,7.0,62,26.5,89,4.8,0.0
2025-09-11 00:00:00,47.8,29.5,438.0,40.5,14.5,8.0,63,26.5,89,4.9,0.0
2025-09-11 01:00:00,42.8,25.7,331.0,37.3,12.0,10.0,64,26.5,89,4.6,0.0
2025-09-11 02:00:00,38.4,22.4,247.0,33.6,10.0,13.0,65,26.5,89,3.9,0.0
2025-09-11 03:00:00,35.2,19.8,184.0,28.6,9.1,17.0,66,26.5,88,2.7,0.0
2025-09-11 04:00:00,33.3,18.2,144.0,23.1,8.9,21.0,66,26.5,88,2.1,0.0
2025-09-11 05:00:00,34.1,18.6,176.0,24.2,9.6,20.0,67,26.4,88,1.1,0.0
2025-09-11 06:00:00,32.6,17.2,358.0,22.3,11.9,24.0,68,26.3,89,1.1,0.0
2025-09-11 07:00:00,36.0,18.2,613.0,19.5,15.0,29.0,69,26.4,89,1.5,0.0
2025-09-11 08:00:00,38.3,17.8,760.0,16.4,17.1,36.0,69,26.8,87,2.4,0.0
2025-09-11 09:00:00,39.0,17.1,690.0,12.8,17.2,45.0,69,27.4,83,6.6,0.0
2025-09-11 10:00:00,41.1,17.5,511.0,9.0,16.2,55.0,69,27.7,81,10.5,0.0
2025-09-11 11:00:00,43.1,18.1,369.0,6.1,15.1,63.0,69,28.0,82,11.3,0.1
2025-09-11 12:00:00,35.9,15.2,320.0,4.9,14.1,67.0,70,28.2,82,12.0,0.3
2025-09-11 13:00:00,30.6,13.4,307.0,4.6,12.9,68.0,70,28.3,82,13.0,0.3
2025-09-11 14:00:00,28.6,13.4,306.0,4.9,12.3,67.0,69,28.3,82,14.2,0.3
2025-09-11 15:00:00,28.3,13.7,306.0,4.8,12.6,65.0,69,28.3,82,14.8,0.2
2025-09-11 16:00:00,29.7,13.9,317.0,5.3,13.4,61.0,69,28.3,82,14.3,0.1
2025-09-11 17:00:00,21.3,11.2,345.0,8.7,13.8,55.0,69,28.4,81,13.9,0.0
2025-09-11 18:00:00,21.5,11.5,411.0,15.3,13.9,44.0,68,28.0,83,13.0,0.0
2025-09-11 19:00:00,22.6,13.6,494.0,24.4,14.0,28.0,67,27.7,84,12.5,0.0
2025-09-11 20:00:00,25.4,15.8,541.0,30.9,13.9,17.0,66,27.6,85,11.7,0.0
2025-09-11 21:00:00,27.3,16.7,523.0,32.6,13.4,13.0,65,27.6,85,11.4,0.0
2025-09-11 22:00:00,28.8,17.2,468.0,31.6,12.6,13.0,64,27.5,86,11.4,0.0
2025-09-11 23:00:00,29.6,17.2,405.0,29.5,11.6,15.0,62,27.6,86,9.7,0.0
2025-09-12 00:00:00,29.2,16.4,334.0,26.0,10.4,18.0,61,27.5,87,9.5,0.0
2025-09-12 01:00:00,27.8,15.1,256.0,21.2,9.0,22.0,60,27.4,88,9.3,0.0
2025-09-12 02:00:00,26.2,13.8,197.0,17.2,8.0,25.0,59,27.3,88,9.9,0.0
2025-09-12 03:00:00,25.3,12.7,165.0,14.5,7.6,27.0,58,27.2,88,10.0,0.0
2025-09-12 04:00:00,23.1,11.9,152.0,12.5,7.5,29.0,58,27.1,88,9.6,0.0
2025-09-12 05:00:00,22.4,11.5,169.0,11.8,8.1,30.0,57,27.1,88,10.5,0.0
2025-09-12 06:00:00,22.2,11.6,242.0,12.7,9.5,30.0,56,27.0,88,9.7,0.0
2025-09-12 07:00:00,24.6,13.6,343.0,13.9,11.4,31.0,56,27.1,88,9.7,0.0
2025-09-12 08:00:00,27.4,13.7,400.0,13.9,13.0,34.0,55,27.4,86,11.5,0.0
2025-09-12 09:00:00,28.2,13.5,367.0,11.6,14.1,42.0,55,27.8,83,13.3,0.0
2025-09-12 10:00:00,27.9,13.2,290.0,8.1,15.0,53.0,55,28.2,82,13.7,0.0
2025-09-12 11:00:00,27.4,13.2,232.0,5.4,15.3,62.0,54,28.8,79,13.9,0.0
2025-09-12 12:00:00,27.0,13.2,218.0,4.2,14.6,66.0,54,29.0,78,15.5,0.0
2025-09-12 13:00:00,26.4,13.0,224.0,3.8,13.3,68.0,54,29.1,77,16.6,0.0
2025-09-12 14:00:00,26.4,12.9,238.0,4.0,12.5,67.0,54,29.3,77,17.7,0.0
2025-09-12 15:00:00,26.8,12.9,253.0,4.0,12.7,64.0,54,29.3,76,17.6,0.0
2025-09-12 16:00:00,27.3,13.1,276.0,4.7,13.3,59.0,54,29.1,77,17.2,0.0
2025-09-12 17:00:00,25.0,12.5,325.0,8.0,13.7,52.0,54,29.1,76,15.1,0.0
2025-09-12 18:00:00,25.5,13.4,432.0,16.7,14.2,39.0,54,28.6,79,13.9,0.0
2025-09-12 19:00:00,26.5,17.0,564.0,28.7,14.9,22.0,54,28.1,83,12.2,0.0
2025-09-12 20:00:00,27.8,19.0,640.0,37.2,15.2,9.0,54,27.8,86,10.9,0.0
2025-09-12 21:00:00,28.1,19.5,618.0,39.5,14.7,5.0,54,27.6,87,10.5,0.0
2025-09-12 22:00:00,27.9,19.4,540.0,38.5,13.8,6.0,55,27.5,87,10.4,0.0
2025-09-12 23:00:00,27.5,18.8,455.0,35.8,12.7,8.0,55,27.7,87,8.4,0.0
2025-09-13 00:00:00,26.5,17.5,368.0,31.3,11.2,12.0,55,27.5,87,7.3,0.0
2025-09-13 01:00:00,25.1,15.9,275.0,25.2,9.4,18.0,55,27.4,88,6.5,0.0
2025-09-13 02:00:00,23.8,14.5,205.0,20.1,8.1,22.0,55,27.3,89,6.4,0.0
2025-09-13 03:00:00,22.7,13.4,167.0,17.1,7.4,24.0,55,27.3,88,6.6,0.0
2025-09-13 04:00:00,21.7,12.7,154.0,15.1,7.1,25.0,55,27.1,88,7.6,0.0
2025-09-13 05:00:00,20.1,11.9,172.0,13.5,7.7,27.0,55,27.1,87,10.1,0.0
2025-09-13 06:00:00,20.1,11.9,251.0,14.0,9.6,28.0,55,27.0,87,9.0,0.0
2025-09-13 07:00:00,22.6,14.4,361.0,14.5,12.3,29.0,55,27.0,88,8.4,0.0
2025-09-13 08:00:00,24.3,13.4,421.0,14.1,14.5,33.0,56,27.6,85,10.5,0.0
2025-09-13 09:00:00,23.4,12.5,380.0,11.7,15.7,42.0,56,28.2,80,14.8,0.0
2025-09-13 10:00:00,25.8,13.2,290.0,8.4,16.3,53.0,55,28.7,78,17.2,0.0
2025-09-13 11:00:00,25.8,13.2,223.0,5.8,16.5,62.0,55,29.2,77,18.3,0.0
2025-09-13 12:00:00,26.5,13.4,208.0,4.6,15.9,68.0,55,29.4,76,18.7,0.0
2025-09-13 13:00:00,25.4,13.1,216.0,4.1,14.8,72.0,55,29.5,76,18.1,0.0
2025-09-13 14:00:00,26.0,13.2,235.0,4.2,14.0,73.0,55,29.6,76,17.9,0.0
2025-09-13 15:00:00,26.7,13.1,261.0,4.4,14.1,69.0,55,29.5,76,17.3,0.0
2025-09-13 16:00:00,23.2,11.9,298.0,5.2,14.5,62.0,55,29.2,77,17.6,0.0
2025-09-13 17:00:00,24.6,12.7,342.0,8.5,15.8,55.0,55,29.3,76,16.2,0.0
2025-09-13 18:00:00,22.1,12.3,407.0,16.5,15.7,43.0,55,28.8,77,15.9,0.0
2025-09-13 19:00:00,22.0,15.0,480.0,27.5,15.5,26.0,55,28.2,82,15.0,0.0
2025-09-13 20:00:00,22.1,15.7,513.0,34.6,15.0,14.0,55,27.8,84,13.2,0.0
2025-09-13 21:00:00,21.5,15.3,479.0,34.5,13.9,13.0,55,27.7,86,12.0,0.0
2025-09-13 22:00:00,21.0,14.8,406.0,30.6,12.4,16.0,54,27.5,87,11.6,0.0
2025-09-13 23:00:00,20.3,13.9,333.0,26.1,11.0,21.0,54,27.9,86,11.7,0.0
2025-09-14 00:00:00,19.3,12.8,266.0,21.4,9.5,25.0,54,27.7,87,11.1,0.0
2025-09-14 01:00:00,18.3,11.6,199.0,16.2,8.1,30.0,53,27.6,87,11.4,0.0
2025-09-14 02:00:00,17.8,10.8,152.0,12.0,7.1,34.0,53,27.5,88,12.9,0.0
2025-09-14 03:00:00,17.8,10.4,130.0,9.5,6.8,36.0,52,27.4,87,14.0,0.0
2025-09-14 04:00:00,18.3,10.4,127.0,8.1,6.9,37.0,52,27.3,87,14.1,0.0
2025-09-14 05:00:00,18.1,10.4,151.0,7.9,7.5,38.0,52,27.2,86,14.2,0.0
2025-09-14 06:00:00,19.2,10.9,226.0,9.7,8.7,37.0,52,27.1,87,13.8,0.0
2025-09-14 07:00:00,21.4,13.0,328.0,12.1,10.5,35.0,52,27.1,87,13.8,0.0
2025-09-14 08:00:00,24.5,14.0,384.0,13.1,12.0,36.0,52,27.6,83,16.6,0.0
2025-09-14 09:00:00,26.3,14.0,350.0,11.3,13.2,43.0,52,28.2,79,19.1,0.0
2025-09-14 10:00:00,26.6,13.7,272.0,8.1,14.1,52.0,52,28.7,77,20.9,0.0
2025-09-14 11:00:00,26.8,13.7,213.0,5.6,14.6,60.0,52,29.4,75,20.6,0.0
2025-09-14 12:00:00,26.1,13.5,201.0,4.5,14.3,65.0,52,29.6,75,21.5,0.0
2025-09-14 13:00:00,24.3,12.8,210.0,4.1,13.6,67.0,52,29.8,74,21.2,0.0
2025-09-14 14:00:00,23.5,12.7,222.0,4.3,12.9,67.0,52,29.8,73,22.2,0.0
2025-09-14 15:00:00,23.2,12.5,232.0,5.1,12.5,63.0,52,29.5,75,22.3,0.0
2025-09-14 16:00:00,21.4,11.9,246.0,6.6,12.2,56.0,52,29.2,76,21.5,0.0
2025-09-14 17:00:00,19.0,10.6,264.0,8.9,12.7,50.0,52,29.4,77,19.8,0.0
2025-09-14 18:00:00,20.5,11.8,293.0,14.0,12.4,42.0,52,28.8,79,19.0,0.0
2025-09-14 19:00:00,18.9,12.9,326.0,21.0,12.1,30.0,52,28.1,84,17.5,0.0
2025-09-14 20:00:00,19.6,13.5,339.0,25.2,11.5,23.0,51,27.6,87,17.0,0.0
2025-09-14 21:00:00,20.9,13.9,317.0,24.2,10.7,23.0,51,27.3,88,16.7,0.0
2025-09-14 22:00:00,22.2,14.2,276.0,20.5,9.7,26.0,51,27.2,88,17.2,0.0
2025-09-14 23:00:00,22.9,14.1,234.0,16.6,8.8,30.0,51,27.8,83,21.0,0.0
2025-09-15 00:00:00,22.6,13.4,194.0,13.1,7.9,33.0,51,27.5,84,20.5,0.0
2025-09-15 01:00:00,21.5,12.3,154.0,9.6,7.1,37.0,51,27.3,83,22.3,0.0
2025-09-15 02:00:00,22.7,12.3,126.0,6.9,6.5,39.0,51,27.1,83,22.9,0.0
2025-09-15 03:00:00,21.0,11.4,109.0,5.6,6.2,40.0,51,27.0,83,22.7,0.0
2025-09-15 04:00:00,19.5,10.7,105.0,5.1,6.1,39.0,51,27.0,84,21.7,0.0
2025-09-15 05:00:00,18.5,10.2,130.0,5.5,6.7,39.0,51,27.3,83,20.9,0.0
2025-09-15 06:00:00,19.6,10.6,217.0,7.2,7.6,38.0,51,27.3,84,21.7,0.0
2025-09-15 07:00:00,21.5,12.1,333.0,9.5,8.7,37.0,51,27.3,84,22.9,0.0
2025-09-15 08:00:00,27.6,14.2,398.0,10.6,9.7,38.0,51,27.7,81,24.8,0.0
2025-09-15 09:00:00,25.8,12.8,362.0,9.3,10.2,43.0,51,28.4,77,27.6,0.0
2025-09-15 10:00:00,27.0,13.0,276.0,6.7,10.5,50.0,51,28.9,75,28.2,0.0
2025-09-15 11:00:00,27.6,13.0,210.0,4.8,10.7,55.0,51,29.4,74,28.4,0.0
2025-09-15 12:00:00,29.0,13.5,190.0,4.1,10.7,58.0,51,29.8,72,28.8,0.0
2025-09-15 13:00:00,27.6,13.6,190.0,4.0,10.5,60.0,51,30.0,72,29.2,0.0
2025-09-15 14:00:00,28.2,13.6,202.0,4.4,10.3,59.0,51,30.0,72,28.8,0.0
2025-09-15 15:00:00,28.9,13.9,231.0,5.3,10.2,55.0,51,29.9,73,28.0,0.0
2025-09-15 16:00:00,26.4,13.2,272.0,6.7,10.1,50.0,51,29.6,74,26.5,0.0
2025-09-15 17:00:00,34.0,16.4,303.0,8.8,10.4,45.0,51,29.6,75,24.7,0.0
2025-09-15 18:00:00,28.5,16.2,316.0,13.2,10.3,38.0,52,28.9,79,25.6,0.0
2025-09-15 19:00:00,29.3,17.8,318.0,19.1,10.1,30.0,52,28.2,84,22.9,0.0
2025-09-15 20:00:00,26.8,17.2,308.0,22.5,9.8,24.0,53,28.0,84,19.6,0.0
2025-09-15 21:00:00,24.6,16.1,282.0,21.2,9.3,25.0,53,28.0,85,18.1,0.0
2025-09-15 22:00:00,23.3,15.0,245.0,17.5,8.7,28.0,53,27.9,84,20.0,0.0
2025-09-15 23:00:00,22.3,14.1,209.0,13.9,8.0,32.0,53,28.2,85,19.3,0.0
2025-09-16 00:00:00,21.4,13.0,175.0,11.0,7.2,35.0,53,28.0,85,20.3,0.0
2025-09-16 01:00:00,21.1,12.1,142.0,8.3,6.4,37.0,53,27.8,87,21.8,0.0
2025-09-16 02:00:00,20.7,11.5,120.0,6.3,5.9,39.0,53,27.6,88,23.0,0.0
2025-09-16 03:00:00,20.2,11.1,103.0,5.3,5.7,40.0,53,27.6,86,23.3,0.0
2025-09-16 04:00:00,20.3,11.1,96.0,5.0,5.8,40.0,53,27.6,86,23.3,0.0
2025-09-16 05:00:00,22.7,11.5,123.0,5.6,6.2,41.0,53,27.5,86,22.3,0.0
2025-09-16 06:00:00,22.8,12.0,222.0,8.2,7.0,39.0,53,27.5,86,21.1,0.0
2025-09-16 07:00:00,25.8,14.0,354.0,11.7,8.1,36.0,54,27.6,86,20.3,0.0
2025-09-16 08:00:00,33.9,16.1,427.0,13.5,9.2,35.0,54,28.0,83,23.5,0.0
2025-09-16 09:00:00,46.2,18.0,382.0,12.1,10.4,39.0,54,28.3,82,25.0,0.0
2025-09-16 10:00:00,46.9,18.0,278.0,9.1,11.5,46.0,54,28.8,80,24.5,0.0
2025-09-16 11:00:00,43.3,17.2,201.0,6.7,12.2,52.0,55,29.2,80,23.2,0.0
2025-09-16 12:00:00,46.2,17.5,183.0,5.7,12.1,55.0,55,29.5,79,22.2,0.0
2025-09-16 13:00:00,48.1,17.5,191.0,5.3,11.5,56.0,56,29.8,78,20.6,0.0
2025-09-16 14:00:00,56.3,18.7,212.0,5.6,11.1,56.0,56,29.9,77,19.1,0.0
2025-09-16 15:00:00,59.5,19.9,247.0,6.3,11.0,54.0,56,29.8,77,19.4,0.0
2025-09-16 16:00:00,51.3,18.6,295.0,7.6,11.1,50.0,57,29.4,79,21.0,0.0
2025-09-16 17:00:00,51.1,20.2,335.0,9.4,11.7,47.0,57,28.9,83,17.3,0.0
2025-09-16 18:00:00,43.3,20.1,364.0,15.3,11.7,39.0,58,28.4,85,16.9,0.0
2025-09-16 19:00:00,39.1,21.9,385.0,23.4,11.6,28.0,58,28.0,88,15.7,0.0
2025-09-16 20:00:00,37.4,22.3,395.0,28.7,11.5,20.0,58,27.8,88,12.8,0.0
2025-09-16 21:00:00,35.7,21.8,392.0,28.7,11.4,19.0,59,27.8,89,9.7,0.0
2025-09-16 22:00:00,35.0,21.4,377.0,25.9,11.2,22.0,59,27.7,89,8.6,0.0
2025-09-16 23:00:00,34.5,20.9,349.0,22.8,10.8,25.0,60,28.2,89,7.8,0.0
2025-09-17 00:00:00,34.5,20.4,300.0,20.0,10.1,27.0,60,28.0,89,9.1,0.0
2025-09-17 01:00:00,34.5,19.6,238.0,16.9,9.2,30.0,61,27.8,91,10.5,0.0
2025-09-17 02:00:00,34.7,18.7,190.0,14.3,8.6,32.0,62,27.7,91,11.9,0.0
2025-09-17 03:00:00,35.6,17.9,159.0,12.4,8.2,33.0,62,27.6,91,12.3,0.0
2025-09-17 04:00:00,37.4,17.3,141.0,11.0,8.0,34.0,63,27.5,91,11.9,0.0
2025-09-17 05:00:00,36.1,16.8,156.0,10.7,8.4,34.0,64,27.5,90,12.7,0.0
2025-09-17 06:00:00,38.0,17.1,235.0,12.2,9.9,34.0,64,27.4,91,13.1,0.0
2025-09-17 07:00:00,43.5,19.4,347.0,14.2,12.1,34.0,65,27.3,91,12.8,0.0
2025-09-17 08:00:00,50.2,19.7,411.0,14.9,14.1,37.0,65,27.7,88,15.0,0.0
2025-09-17 09:00:00,61.9,20.6,380.0,13.0,15.8,45.0,65,28.2,85,17.0,0.0
2025-09-17 10:00:00,80.1,22.5,301.0,9.9,17.4,55.0,66,28.8,82,18.0,0.0
2025-09-17 11:00:00,84.1,23.7,243.0,7.5,18.3,63.0,66,28.9,81,15.9,0.0
2025-09-17 12:00:00,89.6,25.4,230.0,6.6,18.2,67.0,67,29.5,78,14.9,0.0
2025-09-17 13:00:00,86.4,25.1,236.0,6.4,17.4,69.0,67,29.7,77,14.1,0.0
2025-09-17 14:00:00,83.8,25.5,256.0,6.7,16.8,69.0,68,29.8,76,14.8,0.0
2025-09-17 15:00:00,87.3,26.5,284.0,6.6,16.8,68.0,69,29.7,77,15.9,0.0
2025-09-17 16:00:00,85.7,26.2,326.0,7.0,17.0,66.0,69,29.4,79,16.8,0.0
2025-09-17 17:00:00,92.9,29.2,387.0,10.6,19.0,63.0,70,28.9,81,16.2,0.0
2025-09-17 18:00:00,75.4,25.7,495.0,17.9,17.6,49.0,71,28.3,83,14.6,0.0
2025-09-17 19:00:00,58.3,25.1,623.0,28.1,15.6,31.0,71,28.0,86,11.5,0.0
2025-09-17 20:00:00,53.9,25.0,698.0,36.0,14.2,16.0,71,27.6,90,8.4,0.0
2025-09-17 21:00:00,52.5,25.6,685.0,40.1,14.1,9.0,72,27.5,91,8.0,0.0
2025-09-17 22:00:00,52.0,27.3,619.0,41.9,14.5,7.0,72,27.3,91,7.2,0.0
2025-09-17 23:00:00,52.3,28.8,537.0,41.6,14.5,7.0,72,27.9,89,5.6,0.0
2025-09-18 00:00:00,51.2,27.9,436.0,38.3,13.5,10.0,73,27.7,90,6.0,0.0
2025-09-18 01:00:00,49.2,26.0,318.0,32.8,12.1,16.0,74,27.6,90,6.8,0.0
2025-09-18 02:00:00,48.8,23.7,228.0,27.3,10.8,22.0,74,27.3,92,8.1,0.0
2025-09-18 03:00:00,48.0,21.9,178.0,22.0,9.7,26.0,75,27.2,92,8.3,0.0
2025-09-18 04:00:00,46.3,20.7,155.0,16.7,8.7,30.0,75,27.1,93,9.1,0.0
2025-09-18 05:00:00,44.0,18.5,169.0,12.3,9.5,34.0,75,27.2,92,8.9,0.0
2025-09-18 06:00:00,42.5,18.2,252.0,14.0,10.7,33.0,76,27.1,92,9.3,0.0
2025-09-18 07:00:00,45.2,21.0,370.0,16.3,12.3,32.0,76,27.1,90,9.5,0.0
2025-09-18 08:00:00,58.7,21.8,436.0,16.8,14.0,36.0,76,27.3,87,11.2,0.0
2025-09-18 09:00:00,77.8,22.9,392.0,14.0,15.8,48.0,76,27.9,83,13.5,0.0
2025-09-18 10:00:00,88.2,25.4,295.0,9.6,17.5,65.0,76,28.6,76,14.5,0.0
2025-09-18 11:00:00,91.3,26.7,224.0,6.1,18.4,79.0,77,29.6,71,13.6,0.0
2025-09-18 12:00:00,95.7,28.5,210.0,4.5,17.7,87.0,77,30.2,69,15.7,0.0
2025-09-18 13:00:00,98.5,29.0,221.0,3.8,16.2,92.0,77,30.4,69,17.4,0.0
2025-09-18 14:00:00,102.2,29.2,241.0,4.0,15.2,92.0,77,30.1,72,18.2,0.0
2025-09-18 15:00:00,102.9,28.8,259.0,4.5,15.4,87.0,78,29.6,75,18.3,0.0
2025-09-18 16:00:00,103.6,28.3,286.0,5.8,16.0,77.0,78,29.2,77,17.2,0.0
2025-09-18 17:00:00,121.5,32.7,335.0,9.1,17.3,71.0,78,29.4,79,16.8,0.0
2025-09-18 18:00:00,115.3,31.8,435.0,18.2,17.1,55.0,78,28.7,81,16.3,0.0
2025-09-18 19:00:00,95.0,32.8,557.0,30.6,16.8,32.0,79,28.0,86,12.2,0.0
2025-09-18 20:00:00,89.2,33.4,629.0,39.8,16.3,15.0,80,27.7,87,9.7,0.0
2025-09-18 21:00:00,85.4,33.4,615.0,43.0,15.6,9.0,80,27.5,89,8.9,0.0
2025-09-18 22:00:00,82.7,33.3,552.0,43.0,14.8,8.0,81,27.3,91,8.9,0.0
2025-09-18 23:00:00,79.2,32.7,477.0,40.9,13.9,10.0,82,27.8,88,10.4,0.0
2025-09-19 00:00:00,77.5,31.2,391.0,36.1,12.7,14.0,82,27.5,89,9.4,0.0
2025-09-19 01:00:00,77.1,29.0,294.0,29.2,11.5,21.0,82,27.3,90,8.8,0.0
2025-09-19 02:00:00,73.3,27.1,223.0,23.4,10.5,26.0,83,27.0,92,9.0,0.0
2025-09-19 03:00:00,72.4,25.9,191.0,19.7,9.8,29.0,83,26.9,93,8.7,0.0
2025-09-19 04:00:00,70.5,24.9,185.0,17.0,9.4,31.0,83,26.9,93,8.9,0.0
2025-09-19 05:00:00,61.7,22.8,200.0,11.7,9.2,35.0,84,27.0,90,10.1,0.0
2025-09-19 06:00:00,65.0,23.4,254.0,13.7,10.3,34.0,84,27.0,90,11.2,0.0
2025-09-19 07:00:00,70.5,25.6,330.0,16.4,11.9,34.0,84,27.1,85,14.3,0.0
2025-09-19 08:00:00,79.4,26.1,369.0,17.1,13.3,37.0,85,27.2,83,15.8,0.0
2025-09-19 09:00:00,115.7,29.6,334.0,14.0,14.3,48.0,85,27.7,81,17.0,0.0
2025-09-19 10:00:00,115.3,28.3,263.0,9.1,15.0,63.0,86,28.4,78,18.4,0.0
2025-09-19 11:00:00,121.5,29.5,212.0,5.3,15.3,74.0,86,29.1,76,18.7,0.0
2025-09-19 12:00:00,123.4,30.0,207.0,3.9,14.8,78.0,86,29.4,74,19.5,0.0
2025-09-19 13:00:00,120.6,29.6,222.0,3.8,14.0,78.0,86,29.4,75,19.9,0.0
2025-09-19 14:00:00,117.3,29.5,242.0,4.3,13.4,76.0,86,29.5,73,19.4,0.0
2025-09-19 15:00:00,106.6,27.7,255.0,4.7,13.6,72.0,86,29.4,74,19.5,0.0
2025-09-19 16:00:00,103.6,27.0,272.0,5.9,14.0,65.0,86,29.0,76,18.8,0.0
2025-09-19 17:00:00,122.0,30.6,307.0,9.5,16.6,61.0,86,29.1,76,17.1,0.0
2025-09-19 18:00:00,112.7,30.0,383.0,18.6,16.7,47.0,86,28.5,79,15.9,0.0
2025-09-19 19:00:00,85.2,30.2,477.0,31.1,16.9,27.0,86,27.9,82,13.7,0.0
2025-09-19 20:00:00,77.1,30.3,534.0,40.4,17.0,12.0,86,27.4,84,11.3,0.0
2025-09-19 21:00:00,73.3,30.7,529.0,43.7,17.1,6.0,85,27.2,86,8.4,0.0
2025-09-19 22:00:00,71.7,31.8,488.0,43.9,17.0,5.0,85,27.0,88,7.7,0.0
2025-09-19 23:00:00,70.5,32.6,434.0,42.9,16.5,5.0,85,27.3,87,7.4,0.0
2025-09-20 00:00:00,68.9,31.5,365.0,41.2,15.1,6.0,85,27.2,88,9.3,0.0
2025-09-20 01:00:00,67.3,29.7,282.0,38.3,13.2,9.0,85,27.0,88,11.3,0.0
2025-09-20 02:00:00,66.1,27.6,219.0,34.3,11.6,13.0,85,26.8,86,11.7,0.0
2025-09-20 03:00:00,68.7,25.3,182.0,28.1,10.5,19.0,85,26.7,85,11.6,0.0
2025-09-20 04:00:00,69.2,24.0,163.0,20.8,9.7,26.0,85,26.6,85,11.2,0.0
2025-09-20 05:00:00,61.9,21.6,172.0,12.8,8.4,33.0,85,27.0,84,10.9,0.0
2025-09-20 06:00:00,59.6,21.0,233.0,13.8,9.4,33.0,85,26.9,86,10.6,0.0
2025-09-20 07:00:00,67.1,23.1,320.0,14.9,10.9,33.0,85,26.9,87,10.2,0.0
2025-09-20 08:00:00,72.9,24.0,368.0,14.9,12.3,36.0,85,27.4,85,12.4,0.0
2025-09-20 09:00:00,81.3,24.3,334.0,12.5,13.6,44.0,84,28.2,78,18.1,0.0
2025-09-20 10:00:00,85.4,24.5,260.0,8.8,14.8,55.0,84,28.7,75,19.8,0.0
2025-09-20 11:00:00,90.8,26.1,205.0,6.0,15.4,63.0,84,29.2,73,20.2,0.0
2025-09-20 12:00:00,88.2,25.7,194.0,4.7,15.1,68.0,83,29.4,72,19.8,0.0
2025-09-20 13:00:00,92.2,27.1,202.0,4.3,14.2,70.0,83,29.6,72,19.1,0.0
2025-09-20 14:00:00,117.6,33.3,217.0,4.5,13.5,70.0,83,29.6,70,18.9,0.0
2025-09-20 15:00:00,88.2,26.2,233.0,4.9,13.3,67.0,83,29.6,69,18.3,0.0
2025-09-20 16:00:00,88.2,25.8,256.0,5.9,13.3,61.0,83,29.4,68,18.1,0.0
2025-09-20 17:00:00,88.7,25.7,296.0,9.3,14.8,54.0,83,29.5,69,17.6,0.0
2025-09-20 18:00:00,85.9,25.7,374.0,17.2,14.9,43.0,82,28.7,74,17.1,0.0
2025-09-20 19:00:00,72.6,27.0,469.0,28.1,15.1,27.0,82,28.0,80,15.3,0.0
2025-09-20 20:00:00,71.5,28.5,525.0,36.3,15.0,15.0,82,27.6,83,13.4,0.0
2025-09-20 21:00:00,71.2,29.1,513.0,39.6,14.6,10.0,81,27.4,85,13.3,0.0
2025-09-20 22:00:00,70.8,29.5,461.0,40.1,14.1,10.0,81,27.2,83,13.4,0.0
2025-09-20 23:00:00,70.3,29.8,400.0,38.7,13.3,11.0,81,27.6,83,12.5,0.0
2025-09-21 00:00:00,69.6,29.2,329.0,34.8,12.1,15.0,81,27.5,84,11.7,0.0
2025-09-21 01:00:00,68.0,27.4,249.0,29.0,10.8,20.0,81,27.3,85,13.3,0.0
2025-09-21 02:00:00,67.1,25.6,188.0,23.7,9.7,25.0,80,27.0,86,14.5,0.0
2025-09-21 03:00:00,65.2,24.1,154.0,19.4,9.1,29.0,80,26.8,86,13.9,0.0
2025-09-21 04:00:00,64.5,22.9,140.0,15.7,8.8,32.0,80,26.6,86,13.7,0.0
2025-09-21 05:00:00,52.2,19.8,156.0,10.2,7.9,36.0,80,26.9,85,14.5,0.0
2025-09-21 06:00:00,54.9,20.3,230.0,12.1,9.2,35.0,80,26.7,84,15.3,0.0
2025-09-21 07:00:00,61.2,22.4,333.0,14.5,11.1,34.0,80,26.6,84,14.9,0.0
2025-09-21 08:00:00,69.8,23.5,389.0,15.4,12.8,36.0,80,27.0,81,17.3,0.0
2025-09-21 09:00:00,87.1,24.9,349.0,13.1,14.4,44.0,80,27.5,78,18.1,0.0
2025-09-21 10:00:00,90.1,25.7,262.0,9.3,15.8,56.0,80,28.1,75,19.2,0.0
2025-09-21 11:00:00,91.7,26.5,196.0,6.4,16.5,64.0,80,29.0,72,19.9,0.0
2025-09-21 12:00:00,89.6,26.2,180.0,5.4,16.0,66.0,80,29.3,71,20.7,0.0
2025-09-21 13:00:00,88.7,26.3,185.0,5.4,14.7,65.0,80,29.5,70,21.4,0.0
2025-09-21 14:00:00,81.3,24.6,197.0,5.7,13.7,63.0,80,29.6,68,22.3,0.0
2025-09-21 15:00:00,78.0,23.5,211.0,5.7,13.2,61.0,79,29.6,68,22.4,0.0
2025-09-21 16:00:00,78.2,23.5,231.0,6.1,12.8,59.0,79,29.2,70,21.8,0.0
2025-09-21 17:00:00,73.6,21.8,259.0,8.5,13.3,56.0,79,28.9,73,21.5,0.0
2025-09-21 18:00:00,68.7,21.4,306.0,15.6,13.6,46.0,78,28.4,75,20.3,0.0
2025-09-21 19:00:00,58.9,23.1,360.0,25.3,13.9,32.0,78,28.1,75,18.0,0.0
2025-09-21 20:00:00,57.7,24.5,389.0,32.2,13.9,22.0,78,27.9,78,14.4,0.0
2025-09-21 21:00:00,56.8,24.8,375.0,34.1,13.5,19.0,77,27.8,79,13.2,0.0
2025-09-21 22:00:00,55.8,24.9,335.0,33.1,12.8,20.0,77,27.6,81,15.4,0.0
2025-09-21 23:00:00,54.2,24.5,291.0,30.6,11.9,23.0,76,27.7,81,14.0,0.0
2025-09-22 00:00:00,52.2,23.2,244.0,26.0,10.7,27.0,76,27.4,81,13.1,0.0
2025-09-22 01:00:00,49.0,21.2,192.0,19.8,9.2,33.0,75,27.3,84,12.6,0.0
2025-09-22 02:00:00,46.4,19.6,155.0,14.8,8.2,38.0,75,27.3,84,13.4,0.0
2025-09-22 03:00:00,44.5,18.6,135.0,11.8,7.7,40.0,74,27.2,84,15.2,0.0
2025-09-22 04:00:00,43.0,17.9,129.0,10.0,7.7,42.0,74,27.1,84,15.4,0.0
2025-09-22 05:00:00,43.5,17.6,146.0,7.8,7.8,44.0,73,27.4,81,16.2,0.0
2025-09-22 06:00:00,45.2,18.0,209.0,10.1,8.8,42.0,73,27.3,82,16.1,0.0
2025-09-22 07:00:00,47.5,19.6,294.0,13.1,10.1,40.0,73,27.2,83,17.0,0.0
2025-09-22 08:00:00,49.2,20.5,341.0,14.4,11.4,41.0,73,27.5,80,19.1,0.0
2025-09-22 09:00:00,57.4,21.0,310.0,12.5,12.5,48.0,73,28.1,74,20.2,0.0
2025-09-22 10:00:00,62.6,22.1,240.0,8.9,13.6,57.0,72,28.7,70,20.9,0.0
2025-09-22 11:00:00,65.4,23.1,189.0,6.0,14.2,65.0,72,29.3,71,21.6,0.0
2025-09-22 12:00:00,65.0,23.2,179.0,4.7,14.1,69.0,72,29.7,68,22.4,0.0
2025-09-22 13:00:00,64.5,23.3,187.0,4.2,13.6,72.0,71,30.3,64,22.2,0.0
2025-09-22 14:00:00,62.4,23.0,201.0,4.4,13.2,72.0,71,30.0,67,24.4,0.0
2025-09-22 15:00:00,61.0,22.8,220.0,5.0,13.1,69.0,71,29.5,69,24.2,0.0
2025-09-22 16:00:00,57.5,21.9,246.0,6.2,13.0,63.0,71,29.3,69,23.4,0.0
2025-09-22 17:00:00,52.2,19.6,272.0,8.4,13.1,58.0,71,28.9,75,21.2,0.0
2025-09-22 18:00:00,43.7,18.0,304.0,13.0,12.8,50.0,71,28.4,77,20.0,0.0
2025-09-22 19:00:00,35.0,17.6,338.0,19.2,12.4,39.0,70,28.0,79,18.2,0.0
2025-09-22 20:00:00,33.4,17.8,351.0,23.3,11.9,32.0,70,27.7,80,16.9,0.0
2025-09-22 21:00:00,32.5,17.6,332.0,23.5,11.1,31.0,69,27.5,81,16.9,0.0
2025-09-22 22:00:00,31.4,17.1,293.0,21.5,10.2,33.0,68,27.4,79,16.3,0.0
2025-09-22 23:00:00,30.6,16.4,252.0,19.0,9.4,35.0,68,27.6,80,14.6,0.0
2025-09-23 00:00:00,29.3,15.4,212.0,16.0,8.6,38.0,67,27.6,80,15.5,0.0
2025-09-23 01:00:00,28.0,14.3,171.0,12.4,7.9,41.0,66,27.5,81,15.9,0.0
2025-09-23 02:00:00,26.7,13.5,140.0,9.6,7.4,43.0,66,27.3,83,15.5,0.0
2025-09-23 03:00:00,25.6,12.9,120.0,7.9,7.1,44.0,65,27.1,85,16.2,0.0
2025-09-23 04:00:00,24.7,12.4,111.0,7.0,6.9,45.0,65,27.0,84,18.0,0.0
2025-09-23 05:00:00,25.3,12.6,125.0,7.2,7.2,43.0,64,27.0,81,19.6,0.0
2025-09-23 06:00:00,25.8,13.1,185.0,9.1,8.4,42.0,64,27.0,81,19.7,0.0
2025-09-23 07:00:00,28.3,15.3,268.0,11.5,10.0,42.0,63,27.0,83,19.4,0.0
2025-09-23 08:00:00,35.5,16.7,316.0,12.6,11.5,44.0,63,27.5,80,21.6,0.0
2025-09-23 09:00:00,43.3,17.8,292.0,10.8,12.6,51.0,63,28.1,76,23.4,0.0
2025-09-23 10:00:00,49.5,19.5,233.0,7.6,13.5,62.0,62,28.5,75,23.9,0.0
2025-09-23 11:00:00,52.2,20.8,191.0,5.2,13.9,69.0,62,29.1,74,23.1,0.0
2025-09-23 12:00:00,51.3,20.5,188.0,4.3,13.6,71.0,62,29.3,74,22.9,0.0
2025-09-23 13:00:00,51.7,20.7,201.0,4.1,12.8,71.0,62,29.5,74,22.5,0.0
2025-09-23 14:00:00,49.5,20.4,218.0,4.5,12.2,69.0,61,29.7,72,21.8,0.0
2025-09-23 15:00:00,46.8,19.5,234.0,4.8,11.9,66.0,61,29.8,71,22.5,0.0
2025-09-23 16:00:00,43.8,18.6,253.0,5.7,11.8,61.0,61,29.4,72,23.4,0.0
2025-09-23 17:00:00,48.0,21.1,272.0,8.2,12.7,56.0,61,29.1,75,21.3,0.0
2025-09-23 18:00:00,44.1,20.5,296.0,14.8,12.8,46.0,61,28.5,77,20.1,0.0
2025-09-23 19:00:00,39.5,21.8,320.0,23.8,12.9,33.0,61,28.1,80,17.6,0.0
2025-09-23 20:00:00,39.6,22.8,330.0,29.6,12.7,24.0,61,27.8,82,15.8,0.0
2025-09-23 21:00:00,39.0,22.7,320.0,29.4,11.9,23.0,62,27.5,84,14.7,0.0
2025-09-23 22:00:00,39.1,22.4,296.0,25.9,10.7,27.0,62,27.3,85,14.0,0.0
2025-09-23 23:00:00,38.3,21.5,265.0,21.9,9.6,31.0,63,27.9,82,14.3,0.0
2025-09-24 00:00:00,37.4,20.4,222.0,17.7,8.6,35.0,63,27.8,83,14.3,0.0
2025-09-24 01:00:00,36.4,19.3,172.0,12.9,7.6,40.0,64,27.8,84,13.4,0.0
2025-09-24 02:00:00,36.0,18.3,137.0,9.3,7.0,44.0,64,27.6,86,12.8,0.0
2025-09-24 03:00:00,36.1,17.7,121.0,7.3,6.7,46.0,65,27.4,87,13.0,0.0
2025-09-24 04:00:00,37.8,17.9,119.0,6.5,6.8,46.0,65,27.3,86,15.1,0.0
2025-09-24 05:00:00,43.2,19.0,139.0,6.9,7.5,46.0,65,27.3,84,18.0,0.0
2025-09-24 06:00:00,43.3,19.2,201.0,11.1,8.6,42.0,66,27.1,83,18.9,0.0
2025-09-24 07:00:00,45.8,21.1,285.0,16.8,10.1,36.0,67,27.2,82,17.8,0.0
2025-09-24 08:00:00,43.5,22.2,335.0,19.7,11.6,35.0,67,27.7,79,19.6,0.0
2025-09-24 09:00:00,54.5,21.9,316.0,17.2,13.0,41.0,68,28.4,76,21.4,0.0
2025-09-24 10:00:00,58.6,22.1,262.0,11.9,14.3,51.0,68,29.1,73,21.6,0.0
2025-09-24 11:00:00,60.8,22.9,222.0,7.8,15.1,59.0,68,29.6,72,20.6,0.0
2025-09-24 12:00:00,68.7,25.0,214.0,6.6,14.9,61.0,68,29.9,71,21.4,0.0
2025-09-24 13:00:00,82.2,28.9,221.0,6.5,14.0,61.0,69,30.0,71,21.9,0.0
2025-09-24 14:00:00,53.3,20.8,235.0,6.9,13.3,60.0,69,29.8,72,22.2,0.0
2025-09-24 15:00:00,53.4,20.2,256.0,6.8,13.0,58.0,69,29.6,73,21.7,0.0
2025-09-24 16:00:00,56.3,20.8,285.0,7.1,12.7,55.0,70,29.4,73,20.9,0.0
2025-09-24 17:00:00,67.5,23.7,320.0,9.0,13.9,53.0,70,29.4,75,20.0,0.0
2025-09-24 18:00:00,61.2,23.1,373.0,15.4,13.5,43.0,70,28.7,79,19.2,0.0
2025-09-24 19:00:00,51.2,23.9,432.0,24.1,13.0,30.0,70,28.2,82,17.3,0.0
2025-09-24 20:00:00,49.6,24.6,462.0,30.3,12.4,21.0,70,27.8,85,15.0,0.0
2025-09-24 21:00:00,48.9,24.7,442.0,31.7,11.8,18.0,71,27.6,86,13.0,0.0
2025-09-24 22:00:00,48.2,24.6,394.0,30.6,11.2,20.0,71,27.5,86,11.8,0.0
2025-09-24 23:00:00,48.1,24.2,341.0,28.2,10.6,22.0,71,27.8,85,9.7,0.0
2025-09-25 00:00:00,47.3,23.2,286.0,24.3,9.9,26.0,71,27.7,86,10.2,0.0
2025-09-25 01:00:00,46.8,22.2,226.0,19.3,9.1,31.0,71,27.6,86,12.0,0.0
2025-09-25 02:00:00,46.3,21.5,185.0,15.3,8.6,35.0,72,27.4,86,13.7,0.0
2025-09-25 03:00:00,46.2,21.1,167.0,13.3,8.4,36.0,72,27.2,88,14.0,0.0
2025-09-25 04:00:00,46.0,20.8,166.0,12.5,8.4,35.0,72,27.1,88,13.7,0.0
2025-09-25 05:00:00,42.1,19.8,191.0,11.3,8.6,37.0,72,27.1,88,12.3,0.0
2025-09-25 06:00:00,42.1,20.2,268.0,12.9,9.7,37.0,73,27.0,88,12.2,0.0
2025-09-25 07:00:00,46.4,23.0,370.0,14.9,11.4,37.0,73,27.0,89,11.2,0.0
2025-09-25 08:00:00,56.9,24.8,425.0,15.7,13.2,40.0,73,27.2,88,14.0,0.0
2025-09-25 09:00:00,60.5,24.4,386.0,13.9,15.5,47.0,73,27.8,84,16.3,0.0
2025-09-25 10:00:00,63.6,24.3,300.0,10.9,18.1,58.0,73,28.4,79,17.2,0.0
2025-09-25 11:00:00,64.0,25.2,237.0,8.4,19.7,66.0,73,29.1,75,16.7,0.0
2025-09-25 12:00:00,66.1,25.9,227.0,7.0,19.6,72.0,74,29.4,74,17.2,0.0
2025-09-25 13:00:00,64.7,25.6,240.0,6.2,18.5,77.0,74,29.6,74,16.4,0.0
2025-09-25 14:00:00,65.2,25.9,261.0,6.1,17.5,78.0,73,29.8,72,16.1,0.0
2025-09-25 15:00:00,62.6,24.6,284.0,6.4,17.0,74.0,74,29.7,72,16.3,0.0
2025-09-25 16:00:00,59.3,23.3,315.0,7.4,16.7,66.0,74,29.4,74,16.5,0.0
2025-09-25 17:00:00,73.3,28.6,357.0,10.9,17.7,59.0,75,29.3,75,14.7,0.0
2025-09-25 18:00:00,69.2,28.1,418.0,19.3,17.1,46.0,75,28.7,77,14.9,0.0
2025-09-25 19:00:00,60.3,29.2,488.0,31.0,16.4,29.0,75,28.1,81,12.5,0.0
2025-09-25 20:00:00,59.1,30.4,546.0,39.8,15.7,15.0,76,27.7,84,9.7,0.0
2025-09-25 21:00:00,58.3,31.3,586.0,43.3,15.4,9.0,76,27.4,85,7.8,0.0
2025-09-25 22:00:00,58.3,32.0,613.0,44.0,15.2,7.0,77,27.3,86,6.6,0.0
2025-09-25 23:00:00,59.0,33.1,616.0,43.6,14.8,7.0,78,27.3,87,4.5,0.0
2025-09-26 00:00:00,58.0,33.2,589.0,42.5,13.9,7.0,78,27.1,89,4.2,0.0
2025-09-26 01:00:00,56.2,31.7,538.0,40.4,12.7,9.0,79,27.0,91,5.0,0.0
2025-09-26 02:00:00,54.6,30.2,474.0,37.4,11.8,11.0,80,26.9,92,6.0,0.0
2025-09-26 03:00:00,53.6,29.0,372.0,33.0,11.1,14.0,81,26.9,90,7.3,0.0
2025-09-26 04:00:00,53.0,28.4,256.0,27.8,10.6,17.0,82,26.8,87,7.9,0.0
2025-09-26 05:00:00,52.9,27.6,213.0,22.1,9.8,20.0,82,26.9,87,9.4,0.0
2025-09-26 06:00:00,57.7,28.6,324.0,21.8,10.7,21.0,83,26.7,87,8.0,0.0
2025-09-26 07:00:00,60.5,31.0,507.0,21.1,12.2,24.0,84,26.8,88,6.5,0.0
2025-09-26 08:00:00,65.7,31.0,608.0,19.5,14.2,31.0,84,27.3,86,7.6,0.0
2025-09-26 09:00:00,79.6,32.2,534.0,15.9,17.4,45.0,85,28.3,80,10.9,0.0
2025-09-26 10:00:00,73.1,30.3,377.0,11.4,21.2,63.0,86,29.2,75,13.0,0.0
2025-09-26 11:00:00,71.0,30.4,259.0,7.8,23.9,81.0,86,29.6,73,13.1,0.0
2025-09-26 12:00:00,69.8,31.1,230.0,5.9,24.6,100.0,87,29.9,73,14.2,0.0
2025-09-26 13:00:00,69.4,32.2,240.0,5.0,24.2,118.0,87,30.0,71,14.8,0.0
2025-09-26 14:00:00,68.9,33.1,260.0,5.2,23.6,127.0,88,30.0,71,15.6,0.0
2025-09-26 15:00:00,69.4,33.6,280.0,6.2,23.4,122.0,88,29.8,71,16.6,0.0
2025-09-26 16:00:00,66.1,32.2,310.0,8.2,23.0,108.0,89,29.4,73,17.2,0.0
2025-09-26 17:00:00,53.7,27.4,346.0,11.4,23.1,93.0,90,29.2,75,15.1,0.0
2025-09-26 18:00:00,50.1,25.8,391.0,20.1,21.5,71.0,90,28.5,77,14.3,0.0
2025-09-26 19:00:00,45.8,27.0,441.0,32.2,19.2,40.0,90,28.0,83,13.0,0.0
2025-09-26 20:00:00,44.6,26.8,485.0,41.3,17.5,16.0,89,27.8,86,10.0,0.0
2025-09-26 21:00:00,43.4,27.0,534.0,45.2,17.1,7.0,89,27.6,87,7.1,0.0
2025-09-26 22:00:00,43.2,27.8,577.0,46.3,17.2,5.0,89,27.6,87,7.8,0.0
2025-09-26 23:00:00,43.4,28.9,566.0,45.1,16.9,6.0,88,27.8,87,5.1,0.0
2025-09-27 00:00:00,42.0,28.4,451.0,41.2,15.4,9.0,88,27.6,88,6.5,0.0
2025-09-27 01:00:00,38.5,25.1,282.0,35.2,13.5,14.0,88,27.3,89,8.2,0.0
2025-09-27 02:00:00,34.9,21.6,161.0,29.1,11.8,19.0,87,27.1,90,9.2,0.0
2025-09-27 03:00:00,32.8,19.2,126.0,22.7,10.5,24.0,86,26.9,91,9.2,0.0
2025-09-27 04:00:00,32.0,17.9,138.0,16.3,9.5,30.0,85,26.8,91,8.9,0.0
2025-09-27 05:00:00,33.1,17.8,183.0,12.7,9.1,32.0,84,26.8,89,7.6,0.0
2025-09-27 06:00:00,33.9,18.3,290.0,16.1,10.2,29.0,84,26.7,89,8.2,0.0
2025-09-27 07:00:00,38.1,22.6,430.0,20.5,11.8,26.0,83,26.7,90,7.1,0.0
2025-09-27 08:00:00,44.4,24.9,506.0,22.4,14.0,31.0,82,27.2,87,7.7,0.0
2025-09-27 09:00:00,46.8,24.7,456.0,19.3,17.5,50.0,81,28.1,81,9.6,0.0
2025-09-27 10:00:00,42.6,22.9,342.0,13.7,21.6,76.0,81,29.2,75,9.5,0.0
2025-09-27 11:00:00,37.8,21.4,256.0,9.2,24.6,98.0,80,30.1,74,12.1,0.0
2025-09-27 12:00:00,32.6,19.8,231.0,6.8,25.8,115.0,79,30.8,68,13.3,0.0
2025-09-27 13:00:00,33.3,21.4,234.0,5.4,25.9,127.0,78,31.0,68,14.8,0.0
2025-09-27 14:00:00,33.6,22.2,250.0,5.5,25.4,131.0,77,31.1,66,16.2,0.0
2025-09-27 15:00:00,34.0,22.5,280.0,6.9,24.2,122.0,76,30.8,68,17.6,0.0
2025-09-27 16:00:00,33.1,21.7,324.0,9.8,22.4,103.0,75,30.3,71,17.8,0.0
2025-09-27 17:00:00,31.8,21.4,366.0,14.4,23.3,97.0,74,30.0,74,16.6,0.0
2025-09-27 18:00:00,32.4,21.8,411.0,22.4,21.1,73.0,74,29.1,78,15.9,0.0
2025-09-27 19:00:00,33.4,23.9,455.0,33.5,17.9,41.0,74,28.4,82,14.2,0.0
2025-09-27 20:00:00,33.5,23.7,470.0,41.4,15.5,17.0,73,28.1,84,12.2,0.0
2025-09-27 21:00:00,33.5,23.6,438.0,44.0,14.6,9.0,73,27.8,86,11.0,0.0
2025-09-27 22:00:00,33.6,24.1,377.0,43.4,14.4,9.0,73,27.6,87,11.9,0.0
2025-09-27 23:00:00,33.3,24.0,315.0,40.1,13.7,12.0,72,27.6,87,11.8,0.0
2025-09-28 00:00:00,31.1,21.9,253.0,32.5,11.9,19.0,72,27.4,88,13.4,0.0
2025-09-28 01:00:00,28.3,19.2,189.0,22.1,9.6,28.0,71,27.2,89,12.4,0.0
2025-09-28 02:00:00,26.7,17.3,146.0,14.1,7.9,36.0,71,27.2,87,13.2,0.0
2025-09-28 03:00:00,25.4,16.3,132.0,10.5,7.3,39.0,70,26.9,90,12.1,0.0
2025-09-28 04:00:00,24.9,15.8,140.0,9.2,7.4,39.0,70,26.7,90,13.3,0.0
2025-09-28 05:00:00,25.1,16.3,163.0,10.6,8.1,36.0,70,27.0,90,11.1,0.0
2025-09-28 06:00:00,26.0,17.1,216.0,13.7,8.8,33.0,70,26.9,90,11.6,0.0
2025-09-28 07:00:00,29.6,20.5,285.0,17.9,10.0,31.0,70,26.9,91,11.7,0.0
2025-09-28 08:00:00,32.6,21.8,327.0,20.1,12.1,35.0,70,27.5,88,14.5,0.0
2025-09-28 09:00:00,34.5,22.4,316.0,18.5,16.2,51.0,69,28.3,84,15.3,0.0
2025-09-28 10:00:00,35.3,22.6,279.0,14.9,21.3,74.0,69,29.3,79,15.2,0.0
2025-09-28 11:00:00,36.1,23.1,250.0,11.7,24.7,95.0,69,30.6,75,13.3,0.0
2025-09-28 12:00:00,37.8,25.0,241.0,9.2,25.2,114.0,69,31.1,74,14.2,0.0
2025-09-28 13:00:00,39.8,26.5,241.0,7.0,24.1,131.0,70,31.4,72,15.3,0.0
2025-09-28 14:00:00,40.6,26.8,252.0,6.5,22.6,137.0,70,31.7,70,16.2,0.0
2025-09-28 15:00:00,41.8,26.9,281.0,8.3,21.0,126.0,71,31.4,73,17.7,0.0
2025-09-28 16:00:00,44.1,26.3,321.0,11.9,19.1,105.0,71,30.9,74,18.4,0.0
2025-09-28 17:00:00,54.1,29.9,356.0,17.4,18.6,92.0,71,30.4,77,16.2,0.0
2025-09-28 18:00:00,59.1,31.9,389.0,22.2,16.9,72.0,72,29.3,82,16.6,0.0
2025-09-28 19:00:00,66.6,33.2,418.0,28.8,14.4,44.0,73,28.6,85,15.1,0.0
2025-09-28 20:00:00,75.9,33.9,419.0,32.7,12.4,25.0,74,28.3,87,13.0,0.0
2025-09-28 21:00:00,76.4,34.6,371.0,32.0,11.3,21.0,75,28.0,89,12.3,0.0
2025-09-28 22:00:00,72.4,34.5,296.0,28.6,10.7,25.0,76,27.7,91,15.5,0.0
2025-09-28 23:00:00,68.0,32.7,231.0,24.2,9.8,31.0,77,27.9,92,15.2,0.0
2025-09-29 00:00:00,62.4,29.6,190.0,18.4,8.2,37.0,77,27.8,91,16.7,0.0
2025-09-29 01:00:00,60.1,27.2,160.0,11.7,6.5,44.0,78,27.7,90,15.5,0.0
2025-09-29 02:00:00,61.0,26.7,143.0,6.9,5.3,49.0,79,27.4,92,13.8,0.0
2025-09-29 03:00:00,62.2,26.8,122.0,5.1,4.9,49.0,80,27.3,93,14.4,0.0
2025-09-29 04:00:00,61.5,26.8,114.0,5.4,5.2,46.0,81,27.1,94,15.0,0.0
2025-09-29 05:00:00,58.3,25.7,178.0,8.5,6.9,41.0,81,27.2,93,13.5,0.0
2025-09-29 06:00:00,55.1,25.8,399.0,14.7,8.4,35.0,82,27.2,93,13.0,0.0
2025-09-29 07:00:00,52.7,28.2,691.0,23.2,10.5,28.0,83,27.2,93,11.5,0.0
2025-09-29 08:00:00,49.8,31.7,862.0,27.9,12.9,35.0,84,27.7,89,11.6,0.0
2025-09-29 09:00:00,44.4,30.7,793.0,25.7,15.9,70.0,85,29.1,81,11.7,0.0
2025-09-29 10:00:00,37.8,29.4,603.0,19.8,19.2,119.0,85,31.3,68,11.2,0.0
2025-09-29 11:00:00,34.0,27.5,449.0,14.4,20.7,156.0,86,34.2,56,10.8,0.0
2025-09-29 12:00:00,32.2,24.8,382.0,9.7,18.9,169.0,86,35.8,48,11.2,0.0
2025-09-29 13:00:00,28.8,22.1,351.0,5.5,15.5,170.0,86,37.1,43,11.7,0.0
2025-09-29 14:00:00,25.8,20.4,363.0,4.6,13.3,165.0,86,37.6,42,12.3,0.0
2025-09-29 15:00:00,24.4,20.1,425.0,8.3,13.7,155.0,85,37.5,41,12.3,0.0
2025-09-29 16:00:00,28.8,23.2,530.0,15.4,15.3,138.0,88,37.4,39,12.4,0.0
2025-09-29 17:00:00,29.6,25.3,663.0,17.2,10.8,127.0,109,38.5,30,12.0,0.0
2025-09-29 18:00:00,39.7,36.8,865.0,35.3,14.2,97.0,122,37.4,34,10.4,0.0
2025-09-29 19:00:00,51.6,47.3,1094.0,60.0,19.0,56.0,117,35.4,45,8.2,0.0
2025-09-29 20:00:00,56.5,52.0,1211.0,76.4,22.8,25.0,96,32.8,60,8.7,0.0
2025-09-29 21:00:00,56.6,52.2,1114.0,76.3,25.0,16.0,87,31.2,67,8.0,0.0
2025-09-29 22:00:00,58.8,53.3,905.0,68.0,26.1,18.0,89,30.8,66,7.9,0.0
2025-09-29 23:00:00,56.5,51.5,744.0,61.2,26.0,20.0,91,30.1,70,8.4,0.0
2025-09-30 00:00:00,44.4,39.2,712.0,59.8,23.6,18.0,92,29.1,77,10.4,0.0
2025-09-30 01:00:00,43.0,36.9,729.0,60.0,19.9,15.0,93,28.5,84,9.5,0.0
2025-09-30 02:00:00,43.1,37.1,719.0,60.2,17.3,13.0,94,28.7,82,7.6,0.0
2025-09-30 03:00:00,40.9,36.0,599.0,60.3,16.8,10.0,95,29.0,77,6.6,0.0
2025-09-30 04:00:00,38.9,34.9,451.0,60.5,17.3,7.0,96,29.3,72,5.8,0.0
2025-09-30 05:00:00,47.6,42.3,447.0,54.1,16.4,11.0,96,29.0,74,4.6,0.0
2025-09-30 06:00:00,43.2,38.0,763.0,54.1,18.1,12.0,98,28.8,75,3.4,0.0
2025-09-30 07:00:00,43.2,36.3,1221.0,53.5,20.5,16.0,99,28.7,76,3.6,0.0
2025-09-30 08:00:00,47.6,36.3,1463.0,48.7,21.4,30.0,100,29.5,72,4.7,0.0
2025-09-30 09:00:00,67.1,30.5,1267.0,35.5,19.9,66.0,100,31.3,61,5.2,0.0
2025-09-30 10:00:00,96.2,31.8,853.0,18.0,17.0,114.0,100,33.1,54,7.1,0.0
2025-09-30 11:00:00,87.8,29.2,526.0,5.4,14.2,146.0,100,35.0,46,6.6,0.0
2025-09-30 12:00:00,59.8,22.7,387.0,1.7,11.5,150.0,101,36.2,43,10.4,0.0
2025-09-30 13:00:00,40.5,18.9,334.0,2.9,9.0,139.0,100,36.8,41,13.0,0.0
2025-09-30 14:00:00,28.1,16.4,361.0,5.2,7.7,128.0,100,37.1,39,18.7,0.0
2025-09-30 15:00:00,21.5,15.5,485.0,6.3,8.4,124.0,100,36.8,41,20.5,0.0
2025-09-30 16:00:00,17.6,16.1,689.0,8.5,10.5,119.0,99,36.4,43,20.3,0.0
2025-09-30 17:00:00,26.3,25.9,922.0,11.8,9.1,108.0,99,33.9,57,15.4,0.1
2025-09-30 18:00:00,26.1,25.9,1251.0,20.9,10.5,91.0,99,32.6,62,14.8,0.0
2025-09-30 19:00:00,30.5,30.4,1609.0,33.2,12.4,67.0,98,31.1,72,14.7,0.0
2025-09-30 20:00:00,32.5,32.4,1745.0,40.8,13.5,50.0,96,30.2,78,10.6,0.0
2025-09-30 21:00:00,32.1,32.0,1465.0,39.4,13.0,47.0,94,30.1,78,7.9,0.0
2025-09-30 22:00:00,30.6,30.5,964.0,33.2,11.8,50.0,93,29.8,78,8.1,0.0
2025-09-30 23:00:00,28.8,28.7,576.0,27.3,10.5,53.0,91,29.5,80,7.4,0.0
2025-10-01 00:00:00,27.0,26.9,449.0,23.0,9.4,53.0,89,29.1,82,7.3,0.0
2025-10-01 01:00:00,24.9,24.8,436.0,18.9,8.3,53.0,88,28.8,84,6.9,0.0
2025-10-01 02:00:00,23.2,23.1,424.0,16.2,7.7,51.0,86,28.5,85,8.1,0.0
2025-10-01 03:00:00,22.2,22.1,349.0,15.2,8.0,47.0,85,28.4,86,8.8,0.0
2025-10-01 04:00:00,21.7,21.7,277.0,15.6,8.8,42.0,84,28.2,87,8.4,0.0
2025-10-01 05:00:00,18.9,18.8,290.0,14.0,9.1,44.0,83,27.7,87,8.2,0.0
2025-10-01 06:00:00,19.4,19.3,490.0,18.1,10.0,41.0,81,27.7,87,7.8,0.0
2025-10-01 07:00:00,22.4,22.2,775.0,23.5,11.3,37.0,79,27.6,87,8.8,0.0
2025-10-01 08:00:00,22.3,22.2,928.0,25.4,12.3,43.0,78,28.3,82,12.1,0.0
2025-10-01 09:00:00,15.0,14.8,813.0,20.3,12.7,68.0,77,29.4,76,15.8,0.0
2025-10-01 10:00:00,12.5,11.7,565.0,11.7,12.8,102.0,75,30.7,71,16.5,0.0
2025-10-01 11:00:00,12.9,11.0,377.0,5.2,12.4,127.0,73,31.4,66,18.2,0.1
2025-10-01 12:00:00,12.5,10.4,319.0,3.1,11.1,135.0,72,32.3,62,18.9,0.1
2025-10-01 13:00:00,11.5,9.7,320.0,3.1,9.2,134.0,71,33.1,58,20.7,0.1
2025-10-01 14:00:00,10.6,9.2,358.0,3.7,7.8,131.0,70,33.6,56,22.4,0.0
2025-10-01 15:00:00,9.9,8.7,434.0,4.2,7.2,128.0,69,34.1,53,22.9,0.0
2025-10-01 16:00:00,9.2,8.2,548.0,5.3,7.0,122.0,69,33.9,52,22.7,0.0
2025-10-01 17:00:00,17.3,14.5,676.0,7.8,6.5,106.0,68,33.6,55,19.9,0.0
2025-10-01 18:00:00,19.0,17.0,840.0,10.6,6.9,95.0,76,32.6,59,18.9,0.0
2025-10-01 19:00:00,19.4,17.6,1018.0,14.5,7.5,80.0,75,31.7,64,14.6,0.0
2025-10-01 20:00:00,18.7,17.1,1122.0,17.2,7.9,67.0,65,30.9,68,12.4,0.0
2025-10-01 21:00:00,17.8,16.2,1105.0,17.9,8.2,59.0,64,30.2,74,10.1,0.0
2025-10-01 22:00:00,16.7,15.4,1013.0,17.6,8.3,54.0,62,29.7,77,9.7,0.0
2025-10-01 23:00:00,15.4,14.2,899.0,16.5,8.2,51.0,61,29.9,76,7.2,0.0
2025-10-02 00:00:00,13.9,12.6,761.0,14.3,7.5,51.0,60,29.4,78,6.5,0.0
2025-10-02 01:00:00,12.9,11.3,600.0,11.3,6.6,52.0,58,29.1,80,6.1,0.0
2025-10-02 02:00:00,13.0,11.0,469.0,9.5,6.2,52.0,57,28.7,81,5.6,0.0
2025-10-02 03:00:00,13.4,11.4,352.0,9.5,6.6,48.0,56,28.4,83,6.7,0.0
2025-10-02 04:00:00,13.4,11.5,265.0,10.6,7.6,43.0,55,28.1,84,6.6,0.0
2025-10-02 05:00:00,14.3,12.6,310.0,13.6,8.3,36.0,54,27.9,84,6.2,0.0
2025-10-02 06:00:00,15.2,13.3,638.0,17.5,9.5,35.0,54,27.8,83,6.8,0.0
2025-10-02 07:00:00,18.5,16.4,1097.0,22.7,11.1,34.0,53,27.8,82,7.3,0.0
2025-10-02 08:00:00,21.5,18.4,1333.0,24.4,12.0,40.0,53,28.4,79,9.5,0.0
2025-10-02 09:00:00,21.7,15.1,1116.0,19.4,11.6,60.0,52,29.6,73,12.9,0.0
2025-10-02 10:00:00,19.3,13.1,676.0,10.9,10.5,86.0,52,31.0,66,15.1,0.0
2025-10-02 11:00:00,17.4,12.1,344.0,4.6,9.4,105.0,52,32.3,61,17.9,0.0
2025-10-02 12:00:00,15.9,11.2,262.0,2.7,8.3,111.0,53,33.5,54,20.5,0.0
2025-10-02 13:00:00,14.8,10.3,289.0,2.9,7.2,110.0,53,34.4,49,22.8,0.0
2025-10-02 14:00:00,14.1,9.5,332.0,3.6,6.4,106.0,53,34.8,47,24.0,0.0
2025-10-02 15:00:00,13.2,8.7,361.0,4.3,6.1,101.0,53,34.9,46,24.1,0.0
2025-10-02 16:00:00,12.6,8.4,406.0,5.5,6.2,95.0,53,34.6,46,24.5,0.0
2025-10-02 17:00:00,15.9,10.6,462.0,7.6,6.6,86.0,53,33.9,51,23.4,0.0
2025-10-02 18:00:00,15.5,11.5,548.0,10.8,7.1,77.0,52,32.9,55,22.0,0.0
2025-10-02 19:00:00,16.1,13.4,646.0,15.0,7.9,65.0,52,31.8,61,18.0,0.0
2025-10-02 20:00:00,14.8,12.7,698.0,17.5,8.4,57.0,52,31.0,67,15.1,0.0
2025-10-02 21:00:00,13.3,11.6,672.0,16.6,8.5,56.0,51,30.2,72,14.2,0.0
2025-10-02 22:00:00,12.1,10.7,601.0,14.0,8.3,58.0,51,29.6,75,14.3,0.0
2025-10-02 23:00:00,10.9,9.8,525.0,11.4,8.0,61.0,50,29.4,78,17.2,0.0
2025-10-03 00:00:00,9.4,8.6,450.0,9.3,7.4,63.0,50,29.0,79,18.1,0.0
2025-10-03 01:00:00,8.1,7.5,369.0,7.3,6.6,65.0,49,28.6,82,17.7,0.0
2025-10-03 02:00:00,7.8,7.1,308.0,6.0,6.1,65.0,49,28.3,83,14.8,0.0
2025-10-03 03:00:00,7.6,7.0,259.0,5.7,6.0,63.0,48,28.1,84,11.1,0.0
2025-10-03 04:00:00,7.8,7.1,230.0,6.0,6.3,60.0,47,27.8,86,10.4,0.0
2025-10-03 05:00:00,8.0,7.0,260.0,7.2,6.6,58.0,46,27.7,85,10.2,0.0
2025-10-03 06:00:00,8.2,7.1,419.0,10.4,7.2,53.0,45,27.7,84,9.9,0.0
2025-10-03 07:00:00,9.8,8.3,638.0,14.6,7.9,47.0,44,27.8,83,10.8,0.0
2025-10-03 08:00:00,12.5,9.1,754.0,16.5,8.6,45.0,43,28.3,80,13.2,0.0
2025-10-03 09:00:00,14.0,9.7,663.0,13.9,9.0,53.0,41,29.2,75,17.5,0.0
2025-10-03 10:00:00,14.8,9.3,469.0,9.0,9.4,65.0,40,30.0,71,19.1,0.0
2025-10-03 11:00:00,14.5,9.0,325.0,5.4,9.5,75.0,40,31.5,65,23.5,0.0
2025-10-03 12:00:00,13.9,8.7,291.0,4.4,9.4,79.0,39,32.2,62,23.5,0.0
2025-10-03 13:00:00,12.7,8.0,307.0,4.7,9.1,80.0,39,32.9,58,23.8,0.0
2025-10-03 14:00:00,11.6,7.5,349.0,5.7,8.9,79.0,38,33.1,57,23.5,0.0
2025-10-03 15:00:00,11.1,7.7,421.0,7.4,9.1,77.0,38,32.5,59,23.2,0.0
2025-10-03 16:00:00,11.2,8.1,519.0,9.8,9.5,74.0,38,31.9,61,22.1,0.0
2025-10-03 17:00:00,17.4,11.2,612.0,15.0,9.0,57.0,38,31.7,63,24.5,0.0
2025-10-03 18:00:00,17.7,12.5,706.0,16.5,8.5,52.0,38,31.0,67,23.1,0.0
2025-10-03 19:00:00,17.8,12.7,795.0,18.4,7.8,46.0,38,30.3,71,20.5,0.0
2025-10-03 20:00:00,17.6,12.5,833.0,19.3,7.2,41.0,38,29.9,74,18.7,0.0
2025-10-03 21:00:00,17.4,12.4,793.0,18.4,6.9,39.0,38,29.5,77,18.8,0.0
2025-10-03 22:00:00,17.3,12.4,703.0,16.5,6.8,39.0,38,29.2,76,20.8,0.0
2025-10-03 23:00:00,17.5,12.7,600.0,14.5,6.6,40.0,38,29.5,72,19.2,0.0
2025-10-04 00:00:00,16.9,12.3,481.0,12.3,6.2,41.0,39,29.2,76,16.5,0.0
2025-10-04 01:00:00,16.2,11.7,350.0,9.9,5.9,44.0,39,29.1,77,15.5,0.0
2025-10-04 02:00:00,15.7,11.3,256.0,8.2,5.7,45.0,40,28.8,78,14.8,0.0
2025-10-04 03:00:00,15.4,11.1,192.0,7.2,5.8,45.0,41,28.7,79,14.0,0.0
2025-10-04 04:00:00,15.4,10.9,165.0,6.9,6.2,45.0,42,28.4,81,13.3,0.0
2025-10-04 05:00:00,12.0,9.3,247.0,7.9,6.6,47.0,42,28.1,82,13.0,0.0
2025-10-04 06:00:00,12.5,9.9,564.0,12.5,7.7,42.0,43,27.8,84,12.2,0.0
2025-10-04 07:00:00,15.3,12.4,989.0,18.6,9.3,36.0,43,27.7,84,11.5,0.0
2025-10-04 08:00:00,19.1,13.6,1214.0,21.9,11.0,34.0,44,28.1,81,13.6,0.0
2025-10-04 09:00:00,23.2,14.6,1040.0,19.7,12.9,40.0,45,28.6,77,15.1,0.0
2025-10-04 10:00:00,25.6,14.6,667.0,14.7,14.9,50.0,45,29.0,76,14.8,0.0
2025-10-04 11:00:00,26.6,14.9,380.0,10.6,16.0,59.0,46,30.2,71,13.4,0.0
2025-10-04 12:00:00,26.8,15.0,298.0,8.5,15.3,65.0,47,30.7,69,14.5,0.0
2025-10-04 13:00:00,24.6,13.9,302.0,7.3,13.6,69.0,48,31.1,68,14.8,0.0
2025-10-04 14:00:00,22.4,13.0,329.0,7.1,12.5,70.0,50,31.3,68,15.0,0.0
2025-10-04 15:00:00,20.1,12.0,362.0,7.6,12.7,68.0,50,31.1,70,15.6,0.0
2025-10-04 16:00:00,18.9,11.8,417.0,9.2,13.5,63.0,51,30.4,73,17.7,0.0
2025-10-04 17:00:00,18.7,12.1,478.0,10.2,12.5,66.0,51,29.7,76,18.0,0.0
2025-10-04 18:00:00,19.6,14.6,562.0,19.1,12.7,51.0,51,28.9,81,18.8,0.0
2025-10-04 19:00:00,22.1,17.7,652.0,31.2,13.0,31.0,51,28.4,82,18.0,0.0
2025-10-04 20:00:00,22.5,18.1,686.0,38.9,12.9,17.0,52,28.1,84,17.9,0.0
2025-10-04 21:00:00,22.4,17.8,619.0,38.4,12.3,15.0,52,27.9,86,17.6,0.0
2025-10-04 22:00:00,21.8,17.1,497.0,33.4,11.4,19.0,53,27.9,87,16.5,0.0
2025-10-04 23:00:00,21.1,16.3,389.0,27.9,10.4,24.0,53,27.9,86,16.1,0.0
2025-10-05 00:00:00,19.5,14.9,313.0,22.3,9.1,30.0,53,27.8,86,15.2,0.0
2025-10-05 01:00:00,17.3,13.0,251.0,16.1,7.7,38.0,54,27.8,85,14.1,0.0
2025-10-05 02:00:00,15.8,11.6,225.0,11.8,6.8,43.0,54,27.7,86,11.7,0.0
2025-10-05 03:00:00,15.4,11.2,253.0,10.4,6.5,43.0,54,27.8,85,8.3,0.0
2025-10-05 04:00:00,15.5,11.5,315.0,10.8,6.6,42.0,54,27.7,85,6.6,0.0
2025-10-05 05:00:00,16.5,12.4,376.0,11.2,7.3,44.0,54,27.8,85,5.4,0.0
2025-10-05 06:00:00,18.3,13.8,437.0,13.6,9.5,46.0,54,27.6,86,5.1,0.0
2025-10-05 07:00:00,23.5,18.3,496.0,16.7,12.4,48.0,54,27.6,87,4.3,0.0
2025-10-05 08:00:00,25.0,18.2,512.0,17.7,14.7,54.0,55,28.0,84,7.3,0.0
2025-10-05 09:00:00,24.6,17.1,447.0,14.5,15.7,65.0,55,28.8,80,10.8,0.0
2025-10-05 10:00:00,24.1,16.6,339.0,9.2,16.0,79.0,56,29.5,76,13.8,0.0
2025-10-05 11:00:00,24.4,16.9,257.0,5.2,15.7,89.0,56,30.3,73,15.8,0.0
2025-10-05 12:00:00,22.5,15.5,229.0,3.7,14.6,92.0,56,30.6,71,18.2,0.0
2025-10-05 13:00:00,21.5,14.6,227.0,3.5,13.0,91.0,56,30.7,70,20.1,0.0
2025-10-05 14:00:00,21.1,14.0,236.0,3.9,11.8,88.0,56,30.7,70,20.7,0.0
2025-10-05 15:00:00,21.8,14.0,253.0,4.7,11.5,82.0,56,30.6,71,21.6,0.0
2025-10-05 16:00:00,21.4,13.4,281.0,6.3,11.6,74.0,56,30.1,73,22.2,0.0
2025-10-05 17:00:00,18.2,11.5,309.0,8.7,12.4,67.0,56,30.1,75,22.7,0.0
2025-10-05 18:00:00,19.6,12.3,340.0,13.7,12.0,58.0,56,29.4,77,22.7,0.0
2025-10-05 19:00:00,22.0,15.1,372.0,20.4,11.5,47.0,56,29.0,79,21.9,0.0
2025-10-05 20:00:00,23.5,15.8,380.0,24.5,10.8,39.0,56,28.8,81,21.4,0.0
2025-10-05 21:00:00,23.9,15.7,350.0,23.6,9.9,39.0,56,28.7,81,19.9,0.0
2025-10-05 22:00:00,24.6,15.4,296.0,20.1,8.9,43.0,56,28.5,82,17.7,0.0
2025-10-05 23:00:00,25.7,15.5,247.0,16.5,8.0,47.0,55,28.6,82,19.2,0.0
2025-10-06 00:00:00,27.0,15.7,208.0,13.2,7.3,51.0,55,28.5,83,19.7,0.0
2025-10-06 01:00:00,27.5,15.5,172.0,9.8,6.7,56.0,55,28.4,83,20.3,0.0
2025-10-06 02:00:00,28.0,15.6,148.0,7.2,6.2,59.0,56,28.3,83,21.5,0.0
2025-10-06 03:00:00,28.0,15.7,135.0,5.5,5.8,61.0,56,28.3,81,20.5,0.1
2025-10-06 04:00:00,27.8,15.7,134.0,4.7,5.6,62.0,56,28.0,84,21.5,0.0
2025-10-06 05:00:00,27.0,16.1,151.0,4.6,5.9,64.0,57,28.3,81,24.9,0.0
2025-10-06 06:00:00,28.2,16.3,206.0,7.2,6.8,62.0,57,28.2,83,26.2,0.0
2025-10-06 07:00:00,37.6,18.6,280.0,10.6,8.0,60.0,57,28.2,82,26.9,0.0
2025-10-06 08:00:00,64.5,23.2,323.0,12.3,9.1,63.0,57,28.6,78,27.5,0.0
2025-10-06 09:00:00,125.3,30.5,303.0,10.4,10.0,75.0,58,29.5,70,28.9,0.0
2025-10-06 10:00:00,184.9,39.0,252.0,6.7,10.8,91.0,59,30.2,67,29.2,0.0
2025-10-06 11:00:00,223.1,45.4,215.0,3.9,11.4,105.0,61,29.6,78,30.4,0.0
2025-10-06 12:00:00,243.1,49.9,206.0,3.1,11.6,113.0,63,30.5,67,29.7,0.0
2025-10-06 13:00:00,244.0,51.6,210.0,3.3,11.5,118.0,67,31.2,53,29.3,0.0
2025-10-06 14:00:00,231.0,51.5,227.0,4.2,11.4,119.0,70,31.4,47,27.9,0.0
2025-10-06 15:00:00,209.5,49.9,258.0,6.1,11.4,115.0,73,31.0,48,26.8,0.0
2025-10-06 16:00:00,193.7,49.5,302.0,8.9,11.3,106.0,76,30.8,43,26.8,0.0
2025-10-06 17:00:00,209.1,56.6,353.0,12.7,12.2,97.0,80,29.6,56,26.6,0.0
2025-10-06 18:00:00,185.8,56.5,428.0,14.7,11.0,89.0,84,28.7,63,24.9,0.0
2025-10-06 19:00:00,164.4,51.3,510.0,17.2,9.4,78.0,87,28.0,80,25.9,0.0
2025-10-06 20:00:00,132.7,42.1,539.0,18.3,8.1,68.0,91,27.9,86,28.6,0.0
2025-10-06 21:00:00,98.5,32.8,472.0,16.5,7.4,62.0,93,27.6,85,29.6,0.0
2025-10-06 22:00:00,70.8,25.7,352.0,13.1,7.0,58.0,94,27.6,85,27.7,0.0
2025-10-06 23:00:00,52.9,21.2,252.0,10.1,6.6,55.0,95,28.0,83,33.0,0.0
2025-10-07 00:00:00,42.7,18.5,199.0,7.9,6.1,53.0,96,27.8,83,32.7,0.0
2025-10-07 01:00:00,39.2,16.9,167.0,6.1,5.6,53.0,96,27.8,83,32.1,0.0
2025-10-07 02:00:00,40.7,16.5,147.0,4.9,5.4,53.0,96,27.8,81,30.4,0.0
2025-10-07 03:00:00,45.1,16.8,104.0,4.1,5.3,54.0,96,27.7,80,27.4,0.0
2025-10-07 04:00:00,52.4,18.0,74.0,3.9,5.4,55.0,96,27.6,76,25.9,0.0
2025-10-07 05:00:00,61.5,18.9,160.0,4.8,6.0,54.0,97,27.4,76,23.4,0.0
2025-10-07 06:00:00,64.0,20.5,506.0,10.9,7.3,49.0,97,27.1,75,18.4,0.0
2025-10-07 07:00:00,76.8,25.5,969.0,19.1,9.3,42.0,97,26.9,73,14.8,0.0
2025-10-07 08:00:00,104.5,31.5,1223.0,23.4,11.7,44.0,98,27.8,68,12.7,0.0
2025-10-07 09:00:00,166.7,36.4,1064.0,20.0,14.9,61.0,99,29.1,62,13.8,0.0
2025-10-07 10:00:00,225.4,43.8,695.0,12.6,18.5,87.0,99,29.8,55,15.6,0.0
2025-10-07 11:00:00,253.3,49.0,402.0,6.9,21.0,109.0,100,30.5,49,13.6,0.0
2025-10-07 12:00:00,261.7,52.2,296.0,4.8,21.5,124.0,100,31.0,43,13.6,0.0
2025-10-07 13:00:00,262.6,53.3,265.0,4.4,20.9,134.0,100,31.3,40,13.1,0.0
2025-10-07 14:00:00,260.8,53.4,263.0,4.8,20.2,137.0,100,31.2,41,13.7,0.0
2025-10-07 15:00:00,258.9,52.7,265.0,5.3,19.9,128.0,100,30.9,43,14.2,0.0
2025-10-07 16:00:00,254.3,51.3,296.0,6.7,19.5,111.0,101,30.3,47,14.7,0.0
2025-10-07 17:00:00,245.9,51.3,379.0,10.8,21.0,97.0,101,30.1,48,13.2,0.0
2025-10-07 18:00:00,188.6,46.2,565.0,20.7,19.3,75.0,100,28.9,59,12.6,0.0
2025-10-07 19:00:00,161.1,44.1,803.0,34.3,17.0,44.0,99,28.0,69,9.1,0.0
2025-10-07 20:00:00,142.5,42.3,967.0,45.0,15.3,21.0,99,27.3,75,6.4,0.0
2025-10-07 21:00:00,129.5,41.0,1010.0,49.7,14.9,12.0,99,26.9,77,5.6,0.0
2025-10-07 22:00:00,121.1,40.5,978.0,51.5,15.0,11.0,100,26.6,78,5.6,0.0
2025-10-07 23:00:00,114.8,41.0,885.0,52.2,15.1,10.0,101,26.6,78,4.2,0.0
2025-10-09 00:00:00,109.7,49.7,1096.0,55.6,21.6,3.0,115,26.1,85,3.6,0.0
2025-10-09 01:00:00,112.5,49.6,864.0,54.9,21.6,2.0,116,25.9,85,3.3,0.0
2025-10-09 02:00:00,114.1,49.0,651.0,52.8,21.0,3.0,117,25.6,87,3.1,0.0
2025-10-09 03:00:00,102.9,45.2,451.0,48.4,19.2,6.0,118,25.3,88,3.5,0.0
2025-10-09 04:00:00,92.4,38.9,269.0,42.7,16.9,10.0,118,25.2,88,4.5,0.0
2025-10-09 05:00:00,78.9,31.1,256.0,30.7,12.6,20.0,118,25.1,88,4.3,0.0
2025-10-09 06:00:00,79.4,30.9,600.0,31.6,13.1,17.0,117,24.7,90,4.0,0.0
2025-10-09 07:00:00,87.3,35.3,1113.0,32.5,13.9,15.0,116,24.4,92,4.1,0.0
2025-10-09 08:00:00,88.2,38.5,1381.0,30.9,15.9,23.0,115,25.1,89,4.0,0.0
2025-10-09 09:00:00,105.2,34.6,1143.0,24.2,20.5,50.0,114,26.8,77,6.0,0.0
2025-10-09 10:00:00,124.3,36.7,660.0,14.9,26.3,87.0,114,28.5,66,8.1,0.0
2025-10-09 11:00:00,130.4,41.7,300.0,7.9,30.0,117.0,115,29.7,59,10.0,0.0
2025-10-09 12:00:00,127.6,44.8,225.0,5.1,29.4,135.0,115,30.6,54,10.1,0.0
2025-10-09 13:00:00,122.0,44.9,273.0,4.5,26.7,147.0,116,31.0,51,11.0,0.0
2025-10-09 14:00:00,115.3,43.0,325.0,5.2,24.6,151.0,116,31.2,48,11.9,0.0
2025-10-09 15:00:00,111.5,41.9,328.0,6.3,24.5,147.0,116,31.2,46,14.0,0.0
2025-10-09 16:00:00,110.1,41.8,334.0,8.6,24.9,136.0,116,30.7,48,15.1,0.0
2025-10-09 17:00:00,106.6,41.4,380.0,12.0,27.2,139.0,116,30.1,53,16.0,0.0
2025-10-09 18:00:00,92.9,41.0,506.0,21.0,24.7,109.0,115,28.9,59,16.3,0.0
2025-10-09 19:00:00,85.0,39.6,672.0,33.5,21.3,68.0,114,28.0,66,13.0,0.0
2025-10-09 20:00:00,82.0,37.7,793.0,43.5,18.6,36.0,114,27.5,71,9.7,0.0
2025-10-09 21:00:00,79.6,37.5,842.0,48.9,17.6,22.0,114,27.1,75,6.9,0.0
2025-10-09 22:00:00,78.2,38.5,846.0,51.8,17.3,17.0,114,26.7,79,5.0,0.0
2025-10-09 23:00:00,78.2,39.5,803.0,52.8,16.9,15.0,113,26.2,83,4.3,0.0
2025-10-10 00:00:00,79.6,39.6,689.0,51.7,16.1,15.0,113,26.0,85,4.7,0.0
2025-10-10 01:00:00,84.5,40.3,528.0,48.8,15.2,17.0,112,26.0,84,5.3,0.0
2025-10-10 02:00:00,91.3,41.4,395.0,44.8,14.4,20.0,111,26.0,83,5.9,0.0
2025-10-10 03:00:00,90.1,40.5,281.0,38.9,13.6,24.0,110,25.9,84,5.8,0.0
2025-10-10 04:00:00,77.3,36.6,195.0,32.0,12.9,28.0,109,25.7,84,5.0,0.0
2025-10-10 05:00:00,70.3,32.5,239.0,24.7,12.0,32.0,109,25.5,84,5.0,0.0
2025-10-10 06:00:00,69.2,32.0,562.0,28.3,12.6,28.0,109,25.2,85,4.3,0.0
2025-10-10 07:00:00,73.3,36.2,1015.0,32.9,13.6,23.0,109,25.1,84,4.3,0.0
2025-10-10 08:00:00,76.1,38.6,1252.0,33.6,15.8,29.0,109,26.0,80,6.0,0.0
2025-10-10 09:00:00,89.2,35.3,1052.0,26.7,20.8,56.0,109,27.5,72,9.4,0.0
2025-10-10 10:00:00,93.4,37.5,635.0,15.8,26.9,95.0,109,29.2,58,10.3,0.0
2025-10-10 11:00:00,95.5,39.3,316.0,7.6,30.5,125.0,110,30.7,49,12.5,0.0
2025-10-10 12:00:00,91.0,38.4,228.0,4.5,29.0,139.0,109,31.2,46,14.0,0.0
2025-10-10 13:00:00,86.8,37.5,239.0,4.0,25.0,145.0,109,31.3,48,16.3,0.0
2025-10-10 14:00:00,84.3,37.0,266.0,4.7,21.8,145.0,108,31.2,48,16.8,0.0
2025-10-10 15:00:00,82.7,36.6,275.0,5.7,21.0,138.0,107,30.8,50,18.4,0.0
2025-10-10 16:00:00,80.1,35.7,300.0,7.9,21.1,126.0,107,30.2,53,19.8,0.0
2025-10-10 17:00:00,93.8,43.2,369.0,10.9,26.0,139.0,106,29.9,56,18.4,0.0
2025-10-10 18:00:00,81.3,43.3,515.0,18.9,23.7,112.0,106,28.9,61,17.6,0.0
2025-10-10 19:00:00,76.4,42.5,704.0,30.0,20.6,75.0,106,28.1,67,15.0,0.0
2025-10-10 20:00:00,74.7,41.3,859.0,39.3,18.1,46.0,107,27.6,72,12.2,0.0
2025-10-10 21:00:00,73.1,41.2,972.0,45.2,17.2,33.0,107,27.2,76,9.9,0.0
2025-10-10 22:00:00,72.4,42.1,1051.0,49.3,17.0,27.0,108,27.0,76,7.0,0.0
2025-10-10 23:00:00,74.5,44.0,1043.0,51.0,16.5,24.0,108,26.8,77,5.3,0.0
2025-10-11 00:00:00,76.4,45.2,880.0,49.6,15.3,23.0,108,26.5,79,5.4,0.0
2025-10-11 01:00:00,77.1,45.1,630.0,45.8,13.8,24.0,109,26.3,79,6.0,0.0
2025-10-11 02:00:00,71.0,42.4,441.0,41.1,12.7,26.0,109,26.4,78,5.6,0.0
2025-10-11 03:00:00,65.9,38.6,315.0,34.3,12.0,30.0,110,26.1,80,3.9,0.0
2025-10-11 04:00:00,63.1,35.7,250.0,26.6,11.6,35.0,109,25.9,82,3.1,0.0
2025-10-11 05:00:00,63.1,35.0,389.0,25.1,12.3,34.0,109,25.6,82,1.1,0.0
2025-10-11 06:00:00,62.9,35.6,979.0,31.6,14.2,27.0,110,25.4,83,1.5,0.0
2025-10-11 07:00:00,72.2,43.8,1773.0,40.1,17.0,18.0,110,25.2,84,1.9,0.0
2025-10-11 08:00:00,74.5,46.6,2177.0,42.7,20.1,23.0,111,25.9,83,3.1,0.0
2025-10-11 09:00:00,83.4,38.8,1806.0,33.8,23.9,52.0,112,27.8,71,6.5,0.0
2025-10-11 10:00:00,88.0,39.9,1044.0,19.1,28.0,95.0,112,29.3,60,9.0,0.0
2025-10-11 11:00:00,88.2,42.3,456.0,7.9,30.2,129.0,112,30.1,54,10.2,0.0
2025-10-11 12:00:00,85.9,42.7,277.0,4.2,29.0,147.0,112,30.8,52,12.0,0.0
2025-10-11 13:00:00,83.6,41.9,271.0,4.1,26.0,156.0,113,31.0,52,13.7,0.0
2025-10-11 14:00:00,83.4,42.1,294.0,5.0,23.7,160.0,113,31.1,51,14.8,0.0
2025-10-11 15:00:00,83.1,42.4,293.0,5.9,23.6,159.0,114,31.1,50,14.0,0.0
2025-10-11 16:00:00,82.7,42.6,321.0,8.0,24.4,153.0,115,30.8,50,14.5,0.0
2025-10-11 17:00:00,77.8,41.1,386.0,10.4,24.2,143.0,115,29.7,58,14.7,0.0
2025-10-11 18:00:00,72.6,41.6,523.0,17.1,22.2,118.0,115,28.7,63,14.8,0.0
2025-10-11 19:00:00,66.8,42.0,697.0,26.7,19.6,83.0,115,27.7,73,12.3,0.0
2025-10-11 20:00:00,64.7,40.9,818.0,35.3,17.6,54.0,115,27.2,77,8.6,0.0
2025-10-11 21:00:00,64.0,41.1,848.0,42.8,17.2,38.0,115,26.8,81,5.4,0.0
2025-10-11 22:00:00,64.3,42.7,825.0,49.4,17.5,29.0,115,26.4,85,3.6,0.0
2025-10-11 23:00:00,65.0,44.8,763.0,52.4,17.5,24.0,115,26.3,85,2.9,0.0
2025-10-12 00:00:00,64.0,44.5,645.0,49.9,16.6,23.0,115,25.9,86,3.6,0.0
2025-10-12 01:00:00,61.2,42.4,490.0,43.8,15.4,25.0,115,25.5,88,4.0,0.0
2025-10-12 02:00:00,58.2,39.7,365.0,37.1,14.3,29.0,115,25.2,90,4.7,0.0
2025-10-12 03:00:00,55.5,36.8,255.0,29.2,13.3,36.0,114,25.3,89,6.6,0.0
2025-10-12 04:00:00,52.7,33.6,176.0,20.8,12.3,44.0,114,25.4,89,8.7,0.0
2025-10-12 05:00:00,52.2,33.2,246.0,20.0,13.2,43.0,114,25.5,88,8.4,0.0
2025-10-12 06:00:00,51.2,32.0,640.0,25.4,13.6,38.0,114,25.5,85,8.1,0.0
2025-10-12 07:00:00,53.9,35.0,1183.0,32.5,14.4,32.0,113,25.5,82,7.0,0.0
2025-10-12 08:00:00,57.2,39.3,1467.0,34.9,16.3,39.0,112,26.3,75,6.9,0.0
2025-10-12 09:00:00,63.8,38.8,1229.0,27.9,20.8,69.0,112,27.8,64,7.7,0.0
2025-10-12 10:00:00,68.7,39.6,732.0,16.2,26.5,111.0,112,29.8,49,7.9,0.0
2025-10-12 11:00:00,60.5,34.6,352.0,7.3,29.8,144.0,112,31.7,40,5.0,0.0
2025-10-12 12:00:00,61.2,32.8,251.0,4.3,28.7,160.0,111,32.7,36,8.0,0.0
2025-10-12 13:00:00,63.6,32.9,268.0,4.1,25.2,168.0,110,32.7,39,13.3,0.0
2025-10-12 14:00:00,63.8,33.4,298.0,4.7,22.5,171.0,109,32.1,44,16.0,0.0
2025-10-12 15:00:00,62.9,34.0,297.0,4.9,22.0,171.0,108,31.8,43,17.5,0.0
2025-10-12 16:00:00,61.7,34.5,309.0,6.0,22.2,166.0,107,31.2,45,17.7,0.0
2025-10-12 17:00:00,66.8,38.5,365.0,9.5,22.6,155.0,113,30.8,48,17.7,0.0
2025-10-12 18:00:00,62.4,41.2,508.0,17.3,20.9,128.0,132,29.6,53,16.2,0.0
2025-10-12 19:00:00,59.8,43.3,695.0,28.2,18.5,91.0,135,28.6,63,13.0,0.0
2025-10-12 20:00:00,60.1,43.8,822.0,36.5,16.7,63.0,124,28.3,63,9.2,0.0
2025-10-12 21:00:00,60.8,44.7,847.0,40.3,16.0,53.0,106,27.9,64,5.4,0.0
2025-10-12 22:00:00,61.5,45.8,812.0,41.5,15.9,52.0,107,27.4,67,3.7,0.0
2025-10-12 23:00:00,62.9,46.8,738.0,40.9,15.5,53.0,107,26.9,70,1.9,0.0
2025-10-13 00:00:00,63.6,47.6,604.0,38.2,14.5,52.0,107,26.4,74,2.8,0.0
2025-10-13 01:00:00,61.0,46.9,430.0,33.6,13.3,53.0,108,26.1,76,3.1,0.0
2025-10-13 02:00:00,56.9,44.0,299.0,28.6,12.2,55.0,108,25.8,79,3.3,0.0
2025-10-13 03:00:00,54.0,41.2,200.0,22.2,11.2,61.0,108,25.5,82,3.3,0.0
2025-10-13 04:00:00,52.0,38.8,142.0,15.3,10.3,68.0,109,25.4,84,3.8,0.0
2025-10-13 05:00:00,50.8,36.9,240.0,13.0,9.9,70.0,109,25.3,86,4.0,0.0
2025-10-13 06:00:00,50.1,36.0,679.0,20.1,10.8,62.0,110,25.3,86,3.8,0.0
2025-10-13 07:00:00,52.4,38.2,1274.0,29.4,12.2,52.0,110,25.4,84,2.6,0.0
2025-10-13 08:00:00,54.2,41.3,1576.0,33.4,13.8,53.0,111,26.3,79,3.2,0.0
2025-10-13 09:00:00,55.1,36.8,1293.0,26.8,15.9,76.0,111,28.2,66,9.2,0.0
2025-10-13 10:00:00,49.5,33.3,717.0,14.9,18.3,110.0,111,30.2,48,14.8,0.0
2025-10-13 11:00:00,47.0,31.3,284.0,5.9,19.8,137.0,110,31.1,45,14.5,0.0
2025-10-13 12:00:00,43.9,28.9,180.0,3.2,19.8,150.0,110,31.8,43,14.8,0.0
2025-10-13 13:00:00,42.1,28.0,218.0,3.4,18.9,156.0,109,32.2,40,15.2,0.0
2025-10-13 14:00:00,42.3,28.5,269.0,4.4,18.4,158.0,109,32.4,39,15.8,0.0
2025-10-13 15:00:00,42.6,29.2,280.0,5.3,18.9,157.0,108,32.1,40,16.2,0.0
2025-10-13 16:00:00,42.7,29.7,304.0,6.9,19.8,151.0,108,31.4,44,16.6,0.0
2025-10-13 17:00:00,54.5,38.0,374.0,10.3,21.6,138.0,107,30.6,48,14.2,0.0
2025-10-13 18:00:00,54.0,40.0,534.0,16.6,20.3,116.0,113,29.4,55,11.7,0.0
2025-10-13 19:00:00,53.8,42.0,740.0,25.6,18.6,85.0,114,28.4,64,8.6,0.0
2025-10-13 20:00:00,54.0,42.5,896.0,34.0,17.4,60.0,107,27.6,73,5.4,0.0
2025-10-13 21:00:00,54.9,44.1,979.0,41.8,17.5,46.0,107,27.1,77,5.0,0.0
2025-10-13 22:00:00,57.0,46.6,1012.0,49.0,18.2,37.0,107,26.7,77,5.9,0.0
2025-10-13 23:00:00,59.6,49.0,962.0,52.2,18.4,32.0,107,26.3,77,2.9,0.0
2025-10-14 00:00:00,60.1,49.9,767.0,49.2,17.5,32.0,107,25.7,80,3.3,0.0
2025-10-14 01:00:00,56.8,47.5,488.0,42.3,16.0,36.0,107,25.2,83,3.0,0.0
2025-10-14 02:00:00,53.3,44.0,281.0,34.8,14.5,42.0,107,25.0,83,3.5,0.0
2025-10-14 03:00:00,50.2,40.5,182.0,26.2,12.9,51.0,107,25.0,84,5.0,0.0
2025-10-14 04:00:00,47.4,37.8,155.0,17.0,11.3,62.0,107,25.3,85,6.9,0.0
2025-10-14 05:00:00,47.1,37.6,239.0,15.6,11.7,60.0,107,25.3,87,7.3,0.0
2025-10-14 06:00:00,46.9,37.1,556.0,22.8,12.4,53.0,107,25.4,86,6.6,0.0
2025-10-14 07:00:00,50.4,40.3,984.0,32.3,13.5,45.0,107,25.3,85,5.0,0.0
2025-10-14 08:00:00,54.0,44.6,1205.0,36.1,14.8,49.0,107,26.0,80,5.6,0.0
2025-10-14 09:00:00,55.6,41.6,1007.0,28.7,16.5,75.0,108,27.7,69,9.2,0.0
2025-10-14 10:00:00,49.1,35.0,602.0,15.6,18.4,112.0,108,29.7,51,11.9,0.0
2025-10-14 11:00:00,38.3,27.8,299.0,5.8,19.7,142.0,109,31.3,42,12.1,0.0
2025-10-14 12:00:00,34.0,25.0,236.0,2.9,19.7,156.0,108,32.3,35,13.0,0.0
2025-10-14 13:00:00,33.2,25.0,276.0,3.3,19.0,163.0,108,32.8,32,15.2,0.0
2025-10-14 14:00:00,33.6,25.8,319.0,4.4,18.6,165.0,107,33.2,28,16.0,0.0
2025-10-14 15:00:00,34.3,26.5,317.0,5.1,19.0,164.0,107,33.2,27,15.1,0.0
2025-10-14 16:00:00,34.6,26.8,318.0,6.5,19.6,158.0,107,32.7,29,14.5,0.0
2025-10-14 17:00:00,34.1,26.9,365.0,8.8,19.7,148.0,108,31.8,37,12.4,0.0
2025-10-14 18:00:00,38.3,31.2,513.0,16.3,18.6,124.0,123,30.4,44,11.9,0.0
2025-10-14 19:00:00,41.1,34.6,706.0,26.6,17.0,91.0,126,29.0,53,11.2,0.0
2025-10-14 20:00:00,41.0,34.7,819.0,34.2,15.7,66.0,115,28.2,60,11.2,0.0
2025-10-14 21:00:00,40.5,34.5,786.0,36.6,15.1,59.0,103,27.9,63,10.9,0.0
2025-10-14 22:00:00,40.4,34.5,672.0,36.2,14.8,60.0,102,27.6,66,9.0,0.0
2025-10-14 23:00:00,40.7,34.7,551.0,34.6,14.3,62.0,101,27.0,68,8.9,0.0
2025-10-15 00:00:00,40.4,34.3,432.0,32.2,13.3,61.0,99,26.6,76,7.8,0.0
2025-10-15 01:00:00,39.5,33.9,306.0,28.5,12.2,61.0,98,26.3,79,6.9,0.0
2025-10-15 02:00:00,37.5,32.6,219.0,24.6,11.2,62.0,97,26.1,80,7.4,0.0
2025-10-15 03:00:00,35.6,30.6,159.0,19.3,10.4,66.0,96,25.9,84,8.4,0.0
2025-10-15 04:00:00,34.3,29.1,138.0,13.6,9.8,71.0,95,25.8,86,9.7,0.0
2025-10-15 05:00:00,33.9,28.1,237.0,10.7,9.3,75.0,94,26.1,81,8.4,0.0
2025-10-15 06:00:00,34.2,28.2,602.0,17.4,9.9,66.0,93,26.2,73,9.9,0.0
2025-10-15 07:00:00,36.9,30.7,1088.0,26.2,10.7,56.0,92,26.4,67,7.1,0.0
2025-10-15 08:00:00,39.3,34.2,1338.0,30.2,12.2,57.0,92,27.1,63,5.9,0.0
2025-10-15 09:00:00,37.8,31.0,1118.0,24.5,15.0,80.0,91,28.5,56,9.0,0.0
2025-10-15 10:00:00,32.0,26.1,663.0,14.0,18.3,116.0,90,30.2,44,11.4,0.0
2025-10-15 11:00:00,26.1,21.7,324.0,6.0,20.5,144.0,89,31.5,37,10.0,0.0
2025-10-15 12:00:00,21.0,17.7,253.0,3.6,20.2,158.0,88,32.4,31,12.3,0.0
2025-10-15 13:00:00,20.3,17.5,298.0,3.7,18.7,166.0,88,33.0,30,13.6,0.0
2025-10-15 14:00:00,21.1,18.4,348.0,4.6,17.9,170.0,87,33.2,28,14.0,0.0
2025-10-15 15:00:00,22.3,19.6,364.0,5.0,18.8,174.0,86,33.2,27,14.7,0.0
2025-10-15 16:00:00,23.3,20.5,385.0,6.2,20.3,173.0,93,32.6,29,14.7,0.0
2025-10-15 17:00:00,28.6,25.4,422.0,10.1,21.5,166.0,118,31.9,33,14.1,0.0
2025-10-15 18:00:00,37.0,34.3,490.0,20.6,20.8,137.0,136,30.4,43,12.8,0.0
2025-10-15 19:00:00,41.6,38.6,574.0,35.1,19.8,96.0,140,29.3,49,9.2,0.0
2025-10-15 20:00:00,41.0,37.8,643.0,45.3,18.9,66.0,130,28.6,55,4.8,0.0
2025-10-15 21:00:00,41.0,37.8,702.0,47.9,18.5,55.0,111,27.9,60,3.1,0.0
2025-10-15 22:00:00,41.1,38.2,746.0,46.3,18.4,53.0,87,27.3,64,3.1,0.0
2025-10-15 23:00:00,41.0,38.2,730.0,42.6,17.8,55.0,87,26.8,68,4.4,0.0
2025-10-16 00:00:00,39.6,37.0,603.0,36.5,16.5,58.0,87,26.5,74,5.7,0.0
2025-10-16 01:00:00,36.3,34.0,416.0,28.4,14.8,65.0,87,26.2,82,5.5,0.0
2025-10-16 02:00:00,32.8,30.6,280.0,21.4,13.3,71.0,87,26.0,84,5.0,0.0
2025-10-16 03:00:00,29.9,27.6,209.0,15.5,12.0,77.0,87,25.9,83,4.9,0.0
2025-10-16 04:00:00,27.6,25.4,189.0,10.7,10.9,82.0,87,26.2,78,8.4,0.0
2025-10-16 05:00:00,28.8,26.7,283.0,14.0,11.9,74.0,86,26.4,72,10.1,0.0
2025-10-16 06:00:00,27.9,25.8,615.0,24.1,12.9,64.0,86,26.3,73,6.4,0.0
2025-10-16 07:00:00,30.6,28.5,1061.0,37.4,14.4,51.0,86,25.5,77,2.7,0.0
2025-10-16 08:00:00,36.1,34.3,1312.0,43.4,16.6,52.0,86,25.5,77,3.4,0.0
2025-10-16 09:00:00,33.6,31.0,1178.0,34.8,20.3,79.0,86,27.7,58,3.3,0.0
2025-10-16 10:00:00,29.7,25.8,848.0,18.9,24.6,120.0,86,30.0,40,5.4,0.0
2025-10-16 11:00:00,23.1,19.2,584.0,6.9,26.9,152.0,86,32.4,29,6.9,0.0
2025-10-16 12:00:00,22.6,18.4,488.0,3.4,25.5,168.0,86,33.9,25,5.2,0.0
2025-10-16 13:00:00,23.7,19.2,458.0,3.8,22.1,176.0,86,34.8,23,3.2,0.0
2025-10-16 14:00:00,24.5,19.7,446.0,5.0,19.7,179.0,86,35.4,23,4.4,0.0
2025-10-16 15:00:00,25.0,20.1,428.0,5.0,19.5,180.0,86,35.1,26,9.5,0.0
2025-10-16 16:00:00,25.4,20.6,429.0,5.9,20.2,177.0,102,33.9,30,12.3,0.0
2025-10-16 17:00:00,25.7,21.7,471.0,10.6,22.1,167.0,128,32.0,35,16.2,0.0
2025-10-16 18:00:00,36.0,32.6,590.0,22.3,21.2,137.0,147,30.6,44,14.1,0.0
2025-10-16 19:00:00,40.9,38.0,751.0,38.6,20.0,96.0,151,29.6,52,8.1,0.0
2025-10-16 20:00:00,41.8,38.6,872.0,50.8,19.3,64.0,139,29.3,51,4.1,0.0
2025-10-16 21:00:00,43.7,39.9,931.0,55.4,19.5,52.0,117,28.6,54,3.1,0.0
2025-10-16 22:00:00,45.9,41.9,949.0,56.0,20.2,50.0,90,27.7,58,3.9,0.0
2025-10-16 23:00:00,48.5,44.2,909.0,55.3,20.5,48.0,86,26.6,62,4.4,0.0
2025-10-17 00:00:00,51.8,47.1,772.0,54.7,20.1,43.0,87,26.3,63,5.2,0.0
2025-10-17 01:00:00,52.6,47.8,576.0,52.9,19.3,39.0,87,26.2,63,5.0,0.0
2025-10-17 02:00:00,50.5,45.9,425.0,48.4,18.3,40.0,89,25.8,66,4.7,0.0
2025-10-17 03:00:00,46.2,41.7,324.0,37.8,16.8,51.0,90,25.1,71,4.0,0.0
2025-10-17 04:00:00,41.2,36.8,268.0,24.4,15.1,67.0,91,24.3,76,3.8,0.0
2025-10-17 05:00:00,38.0,33.5,339.0,19.2,14.7,74.0,92,23.9,77,4.4,0.0
2025-10-17 06:00:00,36.0,31.7,685.0,27.6,15.2,66.0,93,23.6,79,4.2,0.0
2025-10-17 07:00:00,38.3,34.1,1159.0,38.6,16.1,58.0,93,23.5,78,4.2,0.0
2025-10-17 08:00:00,42.3,38.8,1405.0,43.1,17.7,61.0,94,24.4,74,4.6,0.0
2025-10-17 09:00:00,40.6,36.0,1193.0,34.6,21.0,89.0,94,27.7,53,4.7,0.0
2025-10-17 10:00:00,36.3,30.5,753.0,19.6,24.9,129.0,95,30.7,39,6.5,0.0
2025-10-17 11:00:00,31.2,24.8,416.0,8.1,27.0,160.0,95,32.8,30,6.2,0.0
2025-10-17 12:00:00,31.1,19.7,317.0,4.4,25.3,173.0,96,34.3,25,7.6,0.0
2025-10-17 13:00:00,32.0,19.3,322.0,4.2,21.8,178.0,96,34.9,24,7.6,0.0
2025-10-17 14:00:00,32.7,19.4,359.0,5.2,19.4,179.0,96,35.1,24,9.7,0.0
2025-10-17 15:00:00,33.4,19.7,407.0,5.7,19.8,180.0,96,34.6,26,14.3,0.0
2025-10-17 16:00:00,33.8,20.3,487.0,7.3,21.4,177.0,111,33.9,24,16.5,0.0
2025-10-17 17:00:00,28.2,17.7,590.0,13.2,22.2,166.0,136,32.8,31,14.8,0.0
2025-10-17 18:00:00,34.5,28.1,738.0,24.2,21.1,137.0,151,31.4,39,11.1,0.0
2025-10-17 19:00:00,36.9,32.8,909.0,39.5,19.6,98.0,153,30.4,43,5.5,0.0
2025-10-17 20:00:00,37.8,34.5,1029.0,51.6,18.9,67.0,140,29.6,48,2.8,0.0
2025-10-17 21:00:00,39.8,36.6,1082.0,57.9,19.9,54.0,118,28.7,52,2.0,0.0
2025-10-17 22:00:00,43.0,39.5,1084.0,61.0,21.7,51.0,94,27.9,56,2.5,0.0
2025-10-17 23:00:00,47.3,43.2,1006.0,60.7,22.6,50.0,94,26.8,63,3.7,0.0
2025-10-18 00:00:00,49.8,45.4,782.0,56.0,21.9,50.0,94,26.1,67,3.6,0.0
2025-10-18 01:00:00,48.1,43.8,478.0,47.9,20.4,53.0,93,25.7,69,3.8,0.0
2025-10-18 02:00:00,42.0,38.3,259.0,39.1,18.5,58.0,93,25.5,71,5.7,0.0
2025-10-18 03:00:00,36.8,32.9,165.0,28.2,16.0,69.0,92,25.6,77,6.3,0.0
2025-10-18 04:00:00,33.2,29.0,157.0,16.7,13.2,83.0,92,25.5,80,6.3,0.0
2025-10-18 05:00:00,34.0,29.8,285.0,15.5,14.3,83.0,91,25.3,79,6.3,0.0
2025-10-18 06:00:00,34.0,29.5,691.0,25.1,14.9,72.0,91,25.5,73,5.8,0.0
2025-10-18 07:00:00,38.3,33.8,1234.0,37.9,16.0,58.0,90,25.5,68,4.8,0.0
2025-10-18 08:00:00,43.3,39.0,1539.0,43.9,17.9,58.0,90,25.9,67,4.3,0.0
2025-10-18 09:00:00,44.2,39.2,1376.0,36.4,21.7,84.0,90,28.3,57,5.5,0.0
2025-10-18 10:00:00,41.2,34.6,975.0,22.0,26.3,124.0,91,30.3,47,9.3,0.0
2025-10-18 11:00:00,35.7,27.3,654.0,10.8,29.3,157.0,91,32.1,38,5.6,0.0
2025-10-18 12:00:00,34.5,22.8,540.0,6.5,29.1,174.0,91,33.7,33,4.3,0.0
2025-10-18 13:00:00,35.2,23.4,507.0,5.4,27.2,185.0,92,34.2,32,7.2,0.0
2025-10-18 14:00:00,35.7,24.7,493.0,5.8,25.7,189.0,92,33.7,38,12.8,0.0
2025-10-18 15:00:00,36.2,25.7,459.0,6.8,25.8,190.0,92,33.1,39,14.2,0.0
2025-10-18 16:00:00,36.4,26.3,444.0,9.4,26.4,186.0,113,32.6,39,14.8,0.0
2025-10-18 17:00:00,30.4,24.2,504.0,17.7,26.4,169.0,141,31.3,47,14.5,0.0
2025-10-18 18:00:00,35.6,31.1,718.0,28.4,24.1,137.0,157,29.7,60,11.1,0.0
2025-10-18 19:00:00,38.2,34.0,1007.0,43.3,21.0,91.0,159,28.6,70,5.4,0.0
2025-10-18 20:00:00,38.8,34.5,1194.0,55.1,18.8,56.0,147,27.9,75,2.5,0.0
2025-10-18 21:00:00,39.5,34.9,1203.0,61.8,18.6,39.0,122,27.3,78,2.4,0.0
2025-10-18 22:00:00,40.9,36.1,1109.0,65.3,19.3,31.0,94,26.7,80,2.8,0.0
2025-10-18 23:00:00,42.3,37.6,966.0,64.2,19.3,29.0,94,26.1,84,2.7,0.0
2025-10-19 00:00:00,40.7,36.1,750.0,55.8,17.7,33.0,93,25.6,86,3.1,0.0
2025-10-19 01:00:00,37.6,32.6,485.0,42.8,15.5,43.0,93,25.0,88,3.3,0.0
2025-10-19 02:00:00,34.8,29.0,292.0,31.2,13.4,52.0,92,24.5,91,2.5,0.0
2025-10-19 03:00:00,33.2,26.1,191.0,21.6,11.5,61.0,91,24.3,92,4.0,0.0
2025-10-19 04:00:00,33.1,24.7,163.0,13.5,9.9,69.0,90,25.1,88,7.9,0.0
2025-10-19 05:00:00,33.1,24.8,274.0,12.9,9.7,68.0,90,25.3,86,8.0,0.0
2025-10-19 06:00:00,34.1,25.6,675.0,23.6,11.2,57.0,89,25.3,85,5.5,0.0
2025-10-19 07:00:00,39.5,31.0,1214.0,38.0,13.5,43.0,89,25.1,80,4.4,0.0
2025-10-19 08:00:00,44.8,36.9,1501.0,45.0,16.4,44.0,89,25.7,75,4.0,0.0
2025-10-19 09:00:00,45.5,35.0,1286.0,37.7,20.7,73.0,89,28.0,58,4.9,0.0
2025-10-19 10:00:00,42.5,29.8,819.0,23.2,25.7,116.0,88,30.0,48,7.8,0.0
2025-10-19 11:00:00,36.2,25.3,453.0,11.7,28.8,151.0,88,32.3,39,10.5,0.0
2025-10-19 12:00:00,32.4,22.5,332.0,7.0,28.5,168.0,88,33.3,35,12.5,0.0
2025-10-19 13:00:00,31.5,21.3,312.0,5.3,26.3,176.0,88,33.7,34,14.1,0.0
2025-10-19 14:00:00,32.1,21.9,321.0,5.4,24.4,177.0,87,34.0,31,15.9,0.0
2025-10-19 15:00:00,32.5,22.5,333.0,6.9,23.7,172.0,87,33.8,29,17.4,0.0
2025-10-19 16:00:00,32.5,22.9,374.0,10.3,23.3,160.0,96,32.9,34,19.7,0.0
2025-10-19 17:00:00,30.0,22.3,445.0,14.6,24.3,150.0,120,32.0,38,18.1,0.0
2025-10-19 18:00:00,31.9,26.8,574.0,22.3,22.4,125.0,137,30.6,44,13.5,0.0
2025-10-19 19:00:00,32.2,28.0,734.0,32.8,19.8,90.0,139,29.6,51,5.8,0.0
2025-10-19 20:00:00,31.7,27.5,845.0,41.1,17.8,63.0,126,28.7,56,2.9,0.0
2025-10-19 21:00:00,32.4,28.2,879.0,45.4,17.2,50.0,103,27.7,61,3.7,0.0
2025-10-19 22:00:00,33.4,29.3,864.0,47.4,17.3,45.0,84,27.1,64,5.2,0.0
2025-10-19 23:00:00,33.6,29.5,802.0,46.5,17.0,43.0,84,26.4,72,5.4,0.0
2025-10-20 00:00:00,32.6,28.2,662.0,41.4,15.8,45.0,83,26.0,75,5.4,0.0
2025-10-20 01:00:00,30.7,26.3,474.0,33.4,14.3,51.0,82,25.7,79,5.2,0.0
2025-10-20 02:00:00,28.6,24.0,331.0,26.0,13.0,57.0,82,25.3,82,4.8,0.0
2025-10-20 03:00:00,26.0,21.2,236.0,19.0,12.0,65.0,81,25.1,84,4.1,0.0
2025-10-20 04:00:00,23.9,19.0,187.0,12.6,11.3,73.0,81,25.1,85,3.4,0.0
2025-10-20 05:00:00,23.3,18.4,268.0,12.8,11.5,72.0,80,24.8,88,2.8,0.0
2025-10-20 06:00:00,23.8,18.6,627.0,23.9,13.1,61.0,80,24.7,87,2.0,0.0
2025-10-20 07:00:00,28.9,23.5,1116.0,38.7,15.4,47.0,79,24.6,85,2.4,0.0
2025-10-20 08:00:00,35.2,30.0,1375.0,46.1,17.9,47.0,78,25.0,84,3.3,0.0
2025-10-20 09:00:00,37.4,31.2,1176.0,38.8,21.1,72.0,78,27.2,71,4.2,0.0
2025-10-20 10:00:00,35.3,24.2,748.0,24.0,24.5,111.0,78,29.3,62,6.9,0.0
2025-10-20 11:00:00,34.0,21.4,415.0,12.2,26.3,143.0,77,30.9,53,4.2,0.0
2025-10-20 12:00:00,31.5,20.8,309.0,7.1,25.3,161.0,77,32.7,43,2.6,0.0
2025-10-20 13:00:00,28.8,20.0,298.0,5.1,22.7,171.0,77,34.1,34,3.6,0.0
2025-10-20 14:00:00,27.9,20.0,315.0,5.1,20.5,174.0,76,34.5,32,8.8,0.0
2025-10-20 15:00:00,27.6,20.0,342.0,7.3,19.7,168.0,76,33.7,38,14.5,0.0
2025-10-20 16:00:00,27.2,19.9,397.0,11.6,19.3,156.0,89,33.0,36,16.2,0.0
2025-10-20 17:00:00,23.6,18.8,460.0,17.0,20.3,141.0,112,32.0,41,14.0,0.0
2025-10-20 18:00:00,29.6,25.6,526.0,25.8,18.9,116.0,127,30.6,50,9.9,0.0
2025-10-20 19:00:00,31.4,26.9,602.0,38.2,17.1,82.0,128,29.6,57,5.8,0.0
2025-10-20 20:00:00,32.2,27.1,686.0,49.1,16.1,54.0,115,28.7,60,4.2,0.0
2025-10-20 21:00:00,33.6,27.9,812.0,57.9,17.1,37.0,92,28.0,64,4.3,0.0
2025-10-20 22:00:00,36.6,30.6,946.0,65.3,19.0,27.0,75,27.5,67,3.6,0.0
2025-10-20 23:00:00,40.7,35.0,990.0,68.1,20.0,21.0,75,26.7,73,2.7,0.0
2025-10-21 00:00:00,42.5,36.9,867.0,64.2,19.2,21.0,76,26.0,77,3.1,0.0
2025-10-21 01:00:00,40.4,34.5,654.0,55.7,17.5,26.0,77,25.6,79,3.5,0.0
2025-10-21 02:00:00,35.6,29.6,482.0,46.2,15.8,33.0,77,25.3,80,3.5,0.0
2025-10-21 03:00:00,30.5,24.3,355.0,34.6,13.9,42.0,78,25.2,80,4.3,0.0
2025-10-21 04:00:00,27.1,20.9,270.0,22.1,12.0,51.0,78,24.9,81,4.7,0.0
2025-10-21 05:00:00,24.6,18.9,347.0,14.0,10.5,59.0,78,24.2,80,5.1,0.0
2025-10-21 06:00:00,24.3,19.2,746.0,23.4,12.2,50.0,78,23.6,79,5.0,0.0
2025-10-21 07:00:00,27.5,23.4,1307.0,35.9,14.6,38.0,78,23.3,76,5.1,0.0
2025-10-21 08:00:00,31.2,28.5,1671.0,41.9,16.9,41.0,78,24.1,73,4.8,0.0
2025-10-21 09:00:00,32.4,29.9,1665.0,35.3,19.3,72.0,78,26.7,51,5.9,0.0
2025-10-21 10:00:00,32.9,27.1,1462.0,22.3,21.6,117.0,78,29.5,43,5.4,0.0
2025-10-21 11:00:00,35.3,26.8,1217.0,11.8,22.4,151.0,78,31.5,40,5.9,0.0
2025-10-21 12:00:00,31.7,24.4,930.0,7.2,20.5,164.0,79,33.5,34,4.0,0.0
2025-10-21 13:00:00,31.2,23.9,602.0,5.1,17.2,166.0,79,34.8,28,1.0,0.0
2025-10-21 14:00:00,31.8,23.6,386.0,4.8,14.8,163.0,79,35.5,23,5.8,0.0
2025-10-21 15:00:00,32.1,23.1,344.0,4.5,13.9,159.0,80,34.8,32,15.1,0.0
2025-10-21 16:00:00,32.0,22.4,415.0,6.0,14.0,149.0,86,33.2,40,17.7,0.0
2025-10-21 17:00:00,30.3,21.2,572.0,12.9,14.6,132.0,109,32.9,38,12.7,0.0
2025-10-21 18:00:00,45.1,37.7,897.0,35.7,18.1,101.0,122,31.4,47,7.9,0.0
2025-10-21 19:00:00,56.5,49.9,1307.0,67.0,23.1,58.0,119,30.4,52,5.0,0.0
2025-10-21 20:00:00,63.8,56.9,1529.0,88.7,28.2,26.0,99,29.8,53,4.6,0.0
2025-10-21 21:00:00,74.7,67.3,1394.0,92.0,34.4,16.0,86,29.3,52,5.0,0.0
2025-10-21 22:00:00,79.2,71.7,1070.0,85.7,40.8,17.0,90,28.5,54,4.5,0.0
2025-10-21 23:00:00,75.7,68.7,791.0,79.0,42.9,19.0,93,26.8,66,5.0,0.0
2025-10-22 00:00:00,65.9,60.5,639.0,76.1,37.0,18.0,96,26.0,70,5.2,0.0
2025-10-22 01:00:00,54.0,49.2,531.0,72.7,26.9,18.0,98,25.6,71,5.4,0.0
2025-10-22 02:00:00,45.5,39.5,453.0,65.2,19.0,25.0,100,25.5,68,6.0,0.0
2025-10-22 03:00:00,42.8,34.9,373.0,48.1,16.0,46.0,101,25.2,67,5.7,0.0
2025-10-22 04:00:00,43.2,33.6,322.0,26.8,15.3,73.0,102,24.9,67,5.8,0.0
2025-10-22 05:00:00,44.1,34.7,379.0,13.9,15.5,88.0,103,24.3,72,5.1,0.0
2025-10-22 06:00:00,43.9,35.0,670.0,21.3,16.7,81.0,105,24.4,70,5.4,0.0
2025-10-22 07:00:00,45.6,37.1,1070.0,31.0,18.3,73.0,106,24.5,68,6.5,0.0
2025-10-22 08:00:00,48.4,41.3,1282.0,35.4,19.2,75.0,108,25.5,65,7.3,0.0
2025-10-22 09:00:00,48.8,39.8,1118.0,29.1,19.0,98.0,109,28.0,52,9.5,0.0
2025-10-22 10:00:00,47.1,36.6,765.0,17.4,18.1,131.0,110,29.8,49,11.8,0.0
2025-10-22 11:00:00,41.4,30.7,489.0,8.2,16.8,155.0,111,31.7,43,14.9,0.0
2025-10-22 12:00:00,34.1,24.6,393.0,4.7,14.7,162.0,112,33.5,35,15.9,0.0
2025-10-22 13:00:00,31.1,23.0,374.0,3.8,12.1,160.0,112,34.5,30,14.3,0.0
2025-10-22 14:00:00,29.5,22.2,385.0,4.2,10.3,156.0,112,35.3,26,12.5,0.0
2025-10-22 15:00:00,29.0,21.9,402.0,4.6,9.7,154.0,111,35.7,23,12.5,0.0
2025-10-22 16:00:00,29.1,22.1,450.0,6.2,9.8,151.0,111,35.6,22,12.8,0.0
2025-10-22 17:00:00,34.5,27.2,553.0,11.5,10.4,142.0,115,35.0,23,15.5,0.0
2025-10-22 18:00:00,40.6,35.3,775.0,23.5,11.2,120.0,124,32.8,33,10.8,0.0
2025-10-22 19:00:00,44.9,40.4,1054.0,40.1,12.4,88.0,122,30.9,38,9.7,0.0
2025-10-22 20:00:00,46.4,41.6,1223.0,52.9,13.4,63.0,111,29.7,41,9.8,0.0
2025-10-22 21:00:00,48.1,42.5,1191.0,58.3,14.4,50.0,109,28.4,46,9.2,0.0
2025-10-22 22:00:00,51.6,44.9,1051.0,60.1,15.2,42.0,106,27.4,50,8.2,0.0
2025-10-22 23:00:00,57.0,49.5,912.0,60.7,15.5,35.0,104,26.6,55,6.4,0.0
2025-10-23 00:00:00,60.8,52.9,809.0,62.1,14.8,25.0,102,26.0,58,6.0,0.0
2025-10-23 01:00:00,59.4,52.4,708.0,62.4,13.5,17.0,101,25.4,61,5.2,0.0
2025-10-23 02:00:00,53.7,48.3,617.0,58.8,12.5,16.0,101,24.7,65,5.5,0.0
2025-10-23 03:00:00,46.3,41.1,493.0,47.0,12.1,30.0,102,24.3,67,5.9,0.0
2025-10-23 04:00:00,40.6,35.4,380.0,31.3,12.1,51.0,103,24.6,64,5.9,0.0
2025-10-23 05:00:00,39.7,34.1,416.0,25.0,12.6,59.0,103,25.2,63,7.6,0.0
2025-10-23 06:00:00,37.5,31.9,770.0,31.0,13.9,57.0,103,25.5,66,8.7,0.0
2025-10-23 07:00:00,39.7,34.0,1273.0,38.9,15.7,56.0,103,25.7,62,8.6,0.0
2025-10-23 08:00:00,43.5,38.0,1559.0,41.5,17.4,65.0,102,26.6,57,9.0,0.0
2025-10-23 09:00:00,46.7,41.1,1417.0,33.8,19.3,93.0,102,28.8,47,10.1,0.0
2025-10-23 10:00:00,49.2,38.6,1058.0,20.9,21.1,130.0,102,30.8,41,12.7,0.0
2025-10-23 11:00:00,56.7,35.5,751.0,10.7,21.6,158.0,102,32.7,34,11.2,0.0
2025-10-23 12:00:00,59.3,30.4,577.0,6.2,19.6,168.0,103,34.2,29,9.7,0.0
2025-10-23 13:00:00,53.8,26.9,456.0,4.6,16.2,168.0,103,35.3,25,5.6,0.0
2025-10-23 14:00:00,47.8,24.2,411.0,4.9,13.8,165.0,104,35.9,22,3.9,0.0
2025-10-23 15:00:00,43.2,22.3,474.0,4.6,12.8,163.0,104,36.2,21,1.6,0.0
2025-10-23 16:00:00,39.2,21.2,613.0,6.4,12.7,159.0,104,35.7,25,6.0,0.0
2025-10-23 17:00:00,27.6,15.7,766.0,12.2,13.4,142.0,123,33.9,36,9.9,0.0
2025-10-23 18:00:00,41.0,32.1,913.0,42.6,17.2,108.0,133,31.6,46,8.4,0.0
2025-10-23 19:00:00,54.0,45.5,1072.0,84.1,22.4,61.0,128,29.9,53,4.7,0.0
2025-10-23 20:00:00,62.4,54.0,1238.0,112.4,26.8,26.0,108,28.9,56,2.6,0.0
2025-10-23 21:00:00,66.8,59.1,1454.0,114.9,30.0,16.0,104,28.0,60,2.9,0.0
2025-10-23 22:00:00,65.7,58.8,1676.0,104.2,32.4,19.0,106,26.8,67,3.9,0.0
2025-10-23 23:00:00,63.1,57.0,1765.0,93.0,32.7,22.0,107,26.1,70,4.2,0.0
2025-10-24 00:00:00,60.5,54.9,1632.0,85.1,29.6,20.0,108,25.6,72,3.7,0.0
2025-10-24 01:00:00,57.3,52.3,1366.0,76.7,24.5,19.0,108,25.0,75,3.0,0.0
2025-10-24 02:00:00,53.7,49.4,1096.0,69.8,20.3,18.0,108,24.1,79,3.7,0.0
2025-10-24 03:00:00,49.1,45.8,794.0,65.3,17.8,17.0,108,23.8,78,5.5,0.0
2025-10-24 04:00:00,41.7,38.9,487.0,62.1,16.1,17.0,109,24.6,69,5.7,0.0
2025-10-24 05:00:00,36.9,34.2,389.0,57.1,14.3,15.0,109,24.5,69,5.5,0.0
2025-10-24 06:00:00,32.0,29.2,709.0,57.9,16.2,16.0,109,24.3,68,5.4,0.0
2025-10-24 07:00:00,34.5,31.8,1237.0,58.3,18.8,20.0,109,24.1,66,5.4,0.0
2025-10-24 08:00:00,38.9,36.6,1555.0,54.3,21.4,35.0,109,24.8,63,5.2,0.0
2025-10-24 09:00:00,39.1,36.6,1437.0,41.4,24.2,74.0,109,27.0,58,6.1,0.0
2025-10-24 10:00:00,32.4,28.5,1109.0,24.1,26.9,125.0,108,29.7,41,8.1,0.0
2025-10-24 11:00:00,28.5,22.5,829.0,10.9,27.6,164.0,107,32.3,32,7.1,0.0
2025-10-24 12:00:00,30.2,22.2,680.0,5.7,24.5,179.0,106,34.6,26,7.7,0.0
2025-10-24 13:00:00,31.7,22.2,579.0,4.8,19.4,181.0,105,35.7,21,5.1,0.0
2025-10-24 14:00:00,31.2,21.6,531.0,5.3,15.4,178.0,104,36.2,20,4.7,0.0
2025-10-24 15:00:00,29.7,20.6,496.0,3.2,13.4,175.0,104,35.8,23,10.0,0.0
2025-10-24 16:00:00,28.4,19.8,514.0,2.6,12.4,167.0,104,34.8,25,12.8,0.0
2025-10-24 17:00:00,25.1,18.2,710.0,12.7,12.3,144.0,131,33.6,31,13.4,0.0
2025-10-24 18:00:00,37.6,32.0,1258.0,43.4,16.1,109.0,146,31.8,41,8.3,0.0
2025-10-24 19:00:00,49.2,44.1,1983.0,85.3,21.5,60.0,142,30.5,46,4.3,0.0
2025-10-24 20:00:00,55.6,50.9,2491.0,114.5,26.2,25.0,120,29.5,50,2.4,0.0
2025-10-24 21:00:00,59.8,55.4,2625.0,118.9,30.1,16.0,104,28.7,52,2.1,0.0
2025-10-24 22:00:00,61.0,56.9,2541.0,110.6,33.4,19.0,103,27.5,57,3.6,0.0
2025-10-24 23:00:00,60.3,56.3,2310.0,101.1,34.1,23.0,103,26.0,67,4.3,0.0
2025-10-25 00:00:00,58.0,54.2,1868.0,94.5,30.2,22.0,103,25.3,70,4.3,0.0
2025-10-25 01:00:00,53.0,49.6,1280.0,86.9,23.7,20.0,103,24.7,70,4.8,0.0
2025-10-25 02:00:00,46.7,43.8,809.0,77.8,18.5,22.0,103,24.2,70,4.9,0.0
2025-10-25 03:00:00,39.1,36.4,517.0,65.3,16.2,29.0,102,23.9,68,5.0,0.0
2025-10-25 04:00:00,32.8,30.3,342.0,51.3,15.2,39.0,101,24.0,63,5.4,0.0
2025-10-25 05:00:00,28.0,25.3,363.0,36.7,12.5,50.0,100,23.6,63,5.6,0.0
2025-10-25 06:00:00,26.5,23.9,746.0,41.1,13.7,45.0,99,23.2,64,5.5,0.0
2025-10-25 07:00:00,29.6,27.0,1324.0,46.7,15.4,39.0,99,23.0,63,5.9,0.0
2025-10-25 08:00:00,33.9,31.3,1680.0,47.0,16.8,46.0,98,23.6,62,6.5,0.0
2025-10-25 09:00:00,37.5,35.2,1595.0,36.8,17.9,77.0,98,26.4,51,6.5,0.0
2025-10-25 10:00:00,31.0,26.0,1286.0,21.4,18.6,121.0,98,29.3,37,6.9,0.0
2025-10-25 11:00:00,21.4,17.8,991.0,9.5,18.4,154.0,98,32.1,29,6.8,0.0
2025-10-25 12:00:00,18.1,14.7,759.0,5.0,16.5,165.0,97,34.3,25,6.9,0.0
2025-10-25 13:00:00,19.3,15.0,541.0,4.2,13.6,165.0,97,35.7,21,5.4,0.0
2025-10-25 14:00:00,20.1,15.0,420.0,4.5,11.3,162.0,96,36.2,20,6.1,0.0
2025-10-25 15:00:00,20.3,14.7,402.0,4.0,10.0,159.0,95,35.6,24,5.9,0.0
2025-10-25 16:00:00,20.6,14.9,483.0,4.7,9.4,154.0,95,35.1,25,5.5,0.0
2025-10-25 17:00:00,24.6,18.0,732.0,9.6,8.7,138.0,113,35.5,24,3.7,0.0
2025-10-25 18:00:00,26.9,22.4,1366.0,19.7,9.3,115.0,126,33.1,37,4.3,0.0
2025-10-25 19:00:00,28.9,25.2,2168.0,33.4,10.2,84.0,124,30.5,54,2.6,0.0
2025-10-25 20:00:00,29.9,26.4,2561.0,43.2,10.9,61.0,109,29.8,56,0.7,0.0
2025-10-25 21:00:00,31.2,27.6,2161.0,45.7,11.5,53.0,90,29.6,44,3.6,0.0
2025-10-25 22:00:00,32.8,29.0,1353.0,44.1,12.0,53.0,87,28.4,39,5.3,0.0
2025-10-25 23:00:00,33.8,29.7,711.0,40.5,12.0,56.0,85,26.7,49,5.8,0.0
2025-10-26 00:00:00,32.9,28.9,470.0,34.4,11.2,60.0,82,26.0,50,6.3,0.0
2025-10-26 01:00:00,30.9,26.9,395.0,26.3,9.8,67.0,80,25.7,47,6.9,0.0
2025-10-26 02:00:00,28.6,24.8,360.0,19.6,8.8,73.0,78,25.5,45,7.7,0.0
2025-10-26 03:00:00,26.6,23.0,307.0,14.6,8.2,76.0,76,25.3,44,8.2,0.0
2025-10-26 04:00:00,24.8,21.5,295.0,11.0,7.9,79.0,75,24.9,46,8.0,0.0
2025-10-26 05:00:00,24.0,21.0,371.0,11.7,8.3,74.0,74,24.9,48,8.0,0.0
2025-10-26 06:00:00,24.2,21.2,634.0,19.5,9.6,69.0,74,24.9,47,6.7,0.0
2025-10-26 07:00:00,27.0,24.4,986.0,30.0,11.4,62.0,74,23.4,57,6.6,0.0
2025-10-26 08:00:00,31.4,29.6,1179.0,34.8,13.0,66.0,74,23.8,57,7.1,0.0
2025-10-26 09:00:00,31.7,29.3,1062.0,28.6,14.5,90.0,73,27.2,42,9.2,0.0
2025-10-26 10:00:00,29.2,25.8,786.0,16.9,15.9,124.0,73,29.8,35,13.6,0.0
2025-10-26 11:00:00,18.2,16.0,559.0,7.7,16.2,149.0,73,32.1,31,12.5,0.0
2025-10-26 12:00:00,13.4,11.2,456.0,4.4,14.5,157.0,73,34.4,27,15.8,0.0
2025-10-26 13:00:00,12.9,10.5,403.0,3.7,11.7,157.0,72,35.7,23,14.5,0.0
2025-10-26 14:00:00,13.2,10.9,384.0,3.9,9.6,154.0,72,36.1,23,15.4,0.0
2025-10-26 15:00:00,14.1,11.6,405.0,4.1,8.8,152.0,72,35.1,30,15.2,0.0
2025-10-26 16:00:00,15.1,12.4,461.0,5.2,8.6,148.0,90,34.3,32,10.7,0.0
2025-10-26 17:00:00,28.0,23.4,516.0,8.6,8.8,136.0,107,34.3,29,12.6,0.0
2025-10-26 18:00:00,29.6,26.5,567.0,16.3,10.1,121.0,117,33.1,29,10.5,0.0
2025-10-26 19:00:00,31.9,29.2,619.0,26.7,11.8,99.0,116,31.7,29,9.6,0.0
2025-10-26 20:00:00,33.4,30.9,648.0,33.8,13.1,83.0,106,30.3,32,9.4,0.0
2025-10-26 21:00:00,33.2,30.7,647.0,34.9,13.6,76.0,90,29.0,36,9.4,0.0
2025-10-26 22:00:00,31.9,29.7,623.0,32.5,13.6,73.0,73,28.2,39,9.9,0.0
2025-10-26 23:00:00,30.0,28.1,578.0,28.6,13.3,74.0,73,28.5,38,10.7,0.0
2025-10-27 00:00:00,27.5,25.8,496.0,22.5,12.7,81.0,73,27.9,40,11.2,0.0
2025-10-27 01:00:00,25.8,24.2,392.0,14.8,11.7,91.0,73,27.7,40,12.5,0.0
2025-10-27 02:00:00,25.6,24.2,317.0,9.0,11.0,98.0,72,27.6,39,13.1,0.0
2025-10-27 03:00:00,26.7,24.8,273.0,6.1,10.5,98.0,72,27.4,38,12.7,0.0
2025-10-27 04:00:00,27.8,24.9,258.0,5.1,10.2,94.0,73,27.0,39,12.6,0.0
2025-10-27 05:00:00,29.1,24.9,308.0,6.7,10.5,89.0,73,26.4,41,11.4,0.0
2025-10-27 06:00:00,29.3,24.4,497.0,12.9,11.2,79.0,73,25.8,44,10.8,0.0
2025-10-27 07:00:00,31.0,25.7,751.0,21.1,12.2,66.0,74,25.3,45,11.4,0.0
2025-10-27 08:00:00,32.5,28.1,893.0,25.2,13.0,65.0,74,26.3,42,13.7,0.0
2025-10-27 09:00:00,32.6,26.7,813.0,21.1,13.6,87.0,74,28.1,39,17.0,0.0
2025-10-27 10:00:00,27.3,21.0,620.0,12.9,13.9,120.0,73,30.5,38,19.8,0.0
2025-10-27 11:00:00,24.0,19.0,461.0,6.4,13.5,145.0,73,32.5,32,24.8,0.0
2025-10-27 12:00:00,22.1,17.6,387.0,4.1,11.6,151.0,73,34.2,26,26.0,0.0
2025-10-27 13:00:00,21.6,16.8,347.0,3.5,8.9,149.0,74,35.1,21,29.2,0.0
2025-10-27 14:00:00,21.8,16.8,336.0,3.7,6.9,145.0,74,35.6,18,29.5,0.0
2025-10-27 15:00:00,21.9,17.0,355.0,3.9,6.2,143.0,75,35.6,17,30.0,0.0
2025-10-27 16:00:00,22.1,17.3,403.0,4.8,6.1,139.0,80,35.1,18,29.5,0.0
2025-10-27 17:00:00,35.2,28.9,469.0,8.4,6.8,131.0,96,34.6,18,27.6,0.0
2025-10-27 18:00:00,36.1,31.3,579.0,15.8,8.0,114.0,105,33.1,25,19.6,0.0
2025-10-27 19:00:00,36.8,32.7,708.0,25.7,9.6,91.0,104,31.4,31,13.3,0.0
2025-10-27 20:00:00,37.4,34.0,768.0,31.3,11.1,77.0,93,30.6,32,12.3,0.0
2025-10-27 21:00:00,35.4,32.6,703.0,28.5,12.3,80.0,77,29.7,33,11.5,0.0
2025-10-27 22:00:00,33.1,30.5,569.0,21.4,13.4,91.0,77,29.2,34,13.2,0.0
2025-10-27 23:00:00,32.2,29.8,454.0,15.1,13.9,100.0,77,29.2,33,14.8,0.0
2025-10-28 00:00:00,31.8,29.2,385.0,11.4,13.5,103.0,78,28.5,36,14.3,0.0
2025-10-28 01:00:00,31.1,28.5,336.0,8.5,12.6,104.0,78,28.3,37,14.7,0.0
2025-10-28 02:00:00,31.1,28.2,307.0,6.6,11.8,102.0,78,27.9,39,14.8,0.0
2025-10-28 03:00:00,32.2,28.9,287.0,5.5,11.2,97.0,79,27.6,41,13.7,0.0
2025-10-28 04:00:00,33.8,30.0,289.0,5.4,10.6,90.0,79,26.4,47,11.0,0.0
2025-10-28 05:00:00,34.2,30.6,353.0,7.2,11.0,85.0,79,25.9,48,11.5,0.0
2025-10-28 06:00:00,35.7,31.8,557.0,12.6,12.1,78.0,80,25.6,50,11.5,0.0
2025-10-28 07:00:00,38.6,34.2,824.0,19.9,13.5,71.0,81,25.6,49,12.0,0.0
2025-10-28 08:00:00,41.3,37.1,963.0,23.4,14.7,72.0,81,26.4,47,12.5,0.0
2025-10-28 09:00:00,44.9,38.1,850.0,19.5,15.5,92.0,82,27.9,44,15.1,0.0
2025-10-28 10:00:00,48.0,39.8,608.0,11.9,15.9,121.0,83,30.1,39,20.1,0.0
2025-10-28 11:00:00,47.0,39.6,421.0,6.0,15.8,144.0,85,31.1,37,25.7,0.0
2025-10-28 12:00:00,44.1,37.0,361.0,3.9,14.6,156.0,87,32.5,32,27.5,0.0
2025-10-28 13:00:00,39.7,31.9,354.0,3.5,12.8,162.0,88,33.4,30,28.9,0.0
2025-10-28 14:00:00,40.5,30.3,368.0,3.8,11.4,164.0,90,34.0,27,29.7,0.0
2025-10-28 15:00:00,43.2,31.0,395.0,4.4,10.9,161.0,91,34.2,26,30.7,0.0
2025-10-28 16:00:00,44.2,31.7,443.0,5.8,10.8,154.0,95,34.1,26,31.4,0.0
2025-10-28 17:00:00,44.1,32.5,492.0,8.0,11.5,146.0,112,33.5,27,31.1,0.0
2025-10-28 18:00:00,44.5,34.7,550.0,12.2,12.2,133.0,123,32.2,32,26.2,0.0
2025-10-28 19:00:00,45.8,36.2,610.0,17.9,13.2,116.0,126,30.9,40,19.1,0.0
2025-10-28 20:00:00,46.7,38.1,636.0,21.4,14.0,103.0,120,29.8,44,16.5,0.0
2025-10-28 21:00:00,47.7,40.7,605.0,20.9,14.4,100.0,109,28.9,46,16.3,0.0
2025-10-28 22:00:00,49.5,43.9,540.0,18.3,14.6,102.0,96,28.1,50,17.1,0.0
2025-10-28 23:00:00,52.2,47.6,477.0,15.3,14.8,105.0,97,27.8,49,17.4,0.0
2025-10-29 00:00:00,53.9,49.7,424.0,12.2,14.9,108.0,98,27.3,51,17.8,0.0
2025-10-29 01:00:00,54.0,49.7,374.0,8.8,14.9,112.0,100,26.8,53,17.3,0.0
2025-10-29 02:00:00,53.4,48.8,340.0,6.3,14.9,113.0,102,26.3,55,17.7,0.0
2025-10-29 03:00:00,52.5,47.4,311.0,5.0,14.8,110.0,104,26.0,56,17.2,0.0
2025-10-29 04:00:00,51.3,45.6,299.0,4.8,14.7,105.0,106,25.7,57,16.1,0.0
2025-10-29 05:00:00,53.1,47.3,350.0,6.2,15.6,101.0,108,25.4,58,14.1,0.0
2025-10-29 06:00:00,52.2,45.9,545.0,11.2,16.4,92.0,110,25.3,58,13.4,0.0
2025-10-29 07:00:00,53.3,46.7,805.0,17.8,17.4,81.0,111,25.2,57,12.1,0.0
2025-10-29 08:00:00,54.6,48.3,935.0,21.0,17.5,78.0,112,25.8,55,12.9,0.0
2025-10-29 09:00:00,55.8,47.0,811.0,17.5,16.2,92.0,114,27.2,50,16.2,0.0
2025-10-29 10:00:00,49.2,41.7,557.0,10.5,14.1,115.0,115,29.1,44,21.7,0.0
2025-10-29 11:00:00,41.6,36.1,361.0,5.2,11.9,132.0,115,30.7,39,28.0,0.0
2025-10-29 12:00:00,35.0,30.5,296.0,3.4,9.7,136.0,114,32.0,35,32.7,0.0
2025-10-29 13:00:00,28.9,25.7,287.0,3.2,7.4,133.0,114,32.9,32,33.3,0.0
2025-10-29 14:00:00,24.4,22.1,298.0,3.6,5.8,129.0,113,33.3,29,33.4,0.0
2025-10-29 15:00:00,21.0,19.2,321.0,4.1,5.2,125.0,112,33.4,28,32.7,0.0
2025-10-29 16:00:00,18.8,17.4,364.0,5.2,5.3,119.0,111,33.3,27,31.6,0.0
2025-10-29 17:00:00,22.9,21.1,413.0,7.9,5.9,110.0,109,32.8,31,29.4,0.0
2025-10-29 18:00:00,24.2,22.8,477.0,12.9,6.8,98.0,108,31.9,32,24.3,0.0
2025-10-29 19:00:00,24.4,23.1,547.0,19.7,8.0,81.0,107,30.7,35,17.5,0.0
2025-10-29 20:00:00,25.4,23.7,585.0,24.7,9.0,67.0,106,29.4,40,14.0,0.0
2025-10-29 21:00:00,27.2,25.2,573.0,26.6,9.5,59.0,104,28.6,43,12.3,0.0
2025-10-29 22:00:00,29.2,26.7,529.0,26.7,9.7,55.0,103,28.0,45,12.0,0.0
2025-10-29 23:00:00,32.0,28.9,473.0,25.0,9.7,54.0,101,27.7,47,12.5,0.0
2025-10-30 00:00:00,35.0,31.2,400.0,20.3,9.3,59.0,99,27.2,49,13.3,0.0
2025-10-30 01:00:00,36.8,32.6,315.0,13.7,8.6,69.0,97,26.7,51,13.9,0.0
2025-10-30 02:00:00,36.4,32.2,257.0,8.8,8.1,75.0,96,26.3,52,14.3,0.0
2025-10-30 03:00:00,35.4,31.1,221.0,6.6,7.8,76.0,94,26.1,53,13.9,0.0
2025-10-30 04:00:00,34.0,29.5,212.0,6.1,7.8,73.0,93,25.9,54,13.9,0.0
2025-10-30 05:00:00,40.2,35.3,283.0,7.4,9.6,75.0,91,25.7,53,14.5,0.0
2025-10-30 06:00:00,39.5,34.5,528.0,12.6,10.6,68.0,90,25.6,53,13.9,0.0
2025-10-30 07:00:00,40.3,35.2,854.0,19.4,12.0,58.0,89,25.5,53,13.3,0.0
2025-10-30 08:00:00,41.9,37.0,1026.0,22.6,12.9,59.0,88,26.1,51,14.0,0.0
2025-10-30 09:00:00,42.3,34.9,895.0,18.5,13.0,79.0,87,27.7,47,16.9,0.0
2025-10-30 10:00:00,39.9,31.8,611.0,10.8,12.7,108.0,86,29.8,41,20.6,0.0
2025-10-30 11:00:00,31.8,27.4,394.0,4.9,12.1,131.0,85,31.3,36,26.2,0.0
2025-10-30 12:00:00,28.2,25.0,334.0,3.1,11.3,140.0,85,32.7,31,29.4,0.0
2025-10-30 13:00:00,27.3,24.2,341.0,3.1,10.2,143.0,84,33.4,28,28.9,0.0
2025-10-30 14:00:00,27.1,23.9,362.0,3.7,9.5,143.0,84,33.9,26,28.0,0.0
2025-10-30 15:00:00,27.8,24.3,387.0,4.0,9.2,142.0,84,34.0,25,27.9,0.0
2025-10-30 16:00:00,28.3,24.6,427.0,5.0,9.3,138.0,85,33.7,26,27.6,0.0
2025-10-30 17:00:00,32.1,28.4,457.0,8.3,9.8,128.0,85,33.4,27,25.9,0.0
2025-10-30 18:00:00,35.2,32.1,466.0,16.2,11.0,111.0,95,32.3,31,20.9,0.0
2025-10-30 19:00:00,38.2,34.9,465.0,26.9,12.8,88.0,95,31.0,35,14.3,0.0
2025-10-30 20:00:00,41.4,38.0,465.0,34.7,14.1,70.0,88,30.2,37,12.7,0.0
2025-10-30 21:00:00,44.1,40.6,478.0,37.4,14.7,60.0,89,29.5,39,12.0,0.0
2025-10-30 22:00:00,43.7,40.0,492.0,37.0,14.9,56.0,90,28.8,39,12.3,0.0
2025-10-30 23:00:00,41.1,37.4,484.0,33.9,14.9,57.0,92,28.5,39,14.4,0.0
2025-10-31 00:00:00,38.6,34.9,429.0,26.5,14.7,67.0,92,27.9,41,14.7,0.0
2025-10-31 01:00:00,38.1,34.0,350.0,16.3,14.3,83.0,93,27.6,43,14.8,0.0
2025-10-31 02:00:00,39.1,34.9,298.0,8.7,14.1,95.0,93,27.2,45,14.2,0.0
2025-10-31 03:00:00,40.7,36.3,249.0,5.3,14.1,99.0,93,27.1,46,13.4,0.0
2025-10-31 04:00:00,42.5,37.7,226.0,4.5,14.3,99.0,94,26.9,48,13.2,0.0
2025-10-31 05:00:00,44.5,39.0,343.0,8.6,14.4,83.0,94,26.5,48,13.1,0.0
2025-10-31 06:00:00,46.6,40.7,772.0,16.7,15.5,73.0,95,26.3,48,11.4,0.0
2025-10-31 07:00:00,50.8,44.5,1341.0,27.5,17.1,62.0,95,25.8,50,9.6,0.0
2025-10-31 08:00:00,54.8,48.9,1645.0,33.0,18.5,61.0,96,26.4,48,10.0,0.0
2025-10-31 09:00:00,58.4,49.7,1425.0,27.9,20.0,83.0,97,28.0,43,14.0,0.0
2025-10-31 10:00:00,65.7,50.3,940.0,17.5,21.5,117.0,98,30.1,39,17.4,0.0
2025-10-31 11:00:00,79.4,50.5,566.0,9.3,21.6,142.0,100,31.3,34,15.9,0.0
2025-10-31 12:00:00,83.6,48.7,457.0,5.9,19.3,150.0,102,32.9,30,14.8,0.0
2025-10-31 13:00:00,76.6,47.4,459.0,4.7,15.6,150.0,105,33.9,27,12.8,0.0
2025-10-31 14:00:00,69.4,45.9,488.0,5.0,12.9,147.0,107,34.6,25,10.3,0.0
2025-10-31 15:00:00,63.3,44.0,472.0,4.4,11.6,145.0,110,34.9,24,8.2,0.0
2025-10-31 16:00:00,59.1,43.1,483.0,5.3,11.3,139.0,112,35.0,23,5.8,0.0
2025-10-31 17:00:00,73.6,53.9,649.0,15.3,15.3,126.0,114,34.4,27,5.6,0.0
2025-10-31 18:00:00,95.2,80.1,1150.0,38.3,20.6,95.0,116,32.7,34,6.3,0.0
2025-10-31 19:00:00,107.1,93.1,1807.0,69.8,28.0,53.0,121,30.2,47,5.8,0.0
2025-10-31 20:00:00,106.9,93.6,2213.0,91.0,33.1,22.0,127,28.9,53,4.0,0.0
2025-10-31 21:00:00,107.8,95.7,2161.0,92.4,34.4,13.0,133,28.0,55,2.4,0.0
2025-10-31 22:00:00,105.2,95.0,1858.0,83.5,33.5,15.0,139,27.4,56,1.8,0.0
2025-10-31 23:00:00,105.0,95.5,1516.0,74.6,31.4,17.0,145,26.2,62,4.8,0.0
2025-11-01 00:00:00,106.4,96.4,1153.0,68.5,27.9,15.0,150,25.8,62,4.9,0.0
2025-11-01 01:00:00,105.2,95.7,752.0,62.5,23.2,13.0,151,25.5,65,5.0,0.0
2025-11-01 02:00:00,98.3,91.3,474.0,58.2,19.4,12.0,153,25.1,72,5.2,0.0
2025-11-01 03:00:00,88.5,82.0,366.0,56.9,17.2,13.0,154,24.5,77,4.7,0.0
2025-11-01 04:00:00,81.3,74.5,381.0,57.4,15.8,16.0,155,23.7,80,4.6,0.0
2025-11-01 05:00:00,77.1,70.1,539.0,56.3,15.4,18.0,156,23.2,78,5.4,0.0
2025-11-01 06:00:00,75.7,68.9,950.0,57.7,16.4,13.0,157,22.7,76,5.7,0.0
2025-11-01 07:00:00,80.3,73.8,1503.0,59.1,17.9,9.0,157,22.4,73,6.1,0.0
2025-11-01 08:00:00,86.8,81.5,1886.0,55.9,20.8,17.0,158,23.0,70,6.1,0.0
2025-11-01 09:00:00,88.2,82.0,1958.0,44.0,26.9,50.0,159,25.6,49,6.6,0.0
2025-11-01 10:00:00,81.5,69.8,1861.0,27.5,34.3,97.0,159,29.1,41,4.6,0.0
2025-11-01 11:00:00,80.8,62.6,1707.0,14.8,38.1,135.0,160,31.4,35,1.0,0.0
2025-11-01 12:00:00,78.5,59.4,1496.0,8.9,35.1,156.0,160,33.2,28,2.9,0.0
2025-11-01 13:00:00,72.6,55.8,1228.0,6.7,28.5,169.0,160,33.7,28,7.6,0.0
2025-11-01 14:00:00,66.6,52.0,1023.0,7.2,23.5,175.0,160,33.1,35,13.8,0.0
2025-11-01 15:00:00,62.6,49.5,913.0,8.4,22.1,176.0,160,32.2,40,15.0,0.0
2025-11-01 16:00:00,59.8,47.7,864.0,12.3,22.1,169.0,161,31.7,40,13.7,0.0
2025-11-01 17:00:00,65.0,53.4,896.0,20.3,23.9,153.0,161,30.4,49,13.8,0.0
2025-11-01 18:00:00,79.2,71.5,1068.0,43.2,23.7,116.0,161,28.9,57,11.5,0.0
2025-11-01 19:00:00,80.3,73.3,1321.0,74.6,23.6,66.0,160,28.0,63,6.0,0.0
2025-11-01 20:00:00,80.1,73.1,1495.0,97.4,24.6,27.0,160,27.4,65,2.7,0.0
2025-11-01 21:00:00,85.4,77.8,1534.0,103.9,28.2,13.0,160,26.6,69,2.3,0.0
2025-11-01 22:00:00,94.3,86.1,1494.0,101.9,32.8,10.0,159,25.8,72,2.6,0.0
2025-11-01 23:00:00,97.8,89.9,1382.0,97.2,34.8,10.0,159,25.1,77,4.0,0.0
2025-11-02 00:00:00,95.0,88.0,1151.0,90.6,31.5,9.0,159,24.6,79,4.0,0.0
2025-11-02 01:00:00,91.0,84.5,849.0,81.4,25.6,10.0,159,24.2,80,3.7,0.0
2025-11-02 02:00:00,87.1,81.0,620.0,73.3,21.0,11.0,158,23.7,81,3.3,0.0
2025-11-02 03:00:00,80.3,75.0,489.0,67.5,19.1,12.0,158,23.2,82,4.3,0.0
2025-11-02 04:00:00,70.5,65.2,432.0,62.9,18.5,14.0,158,23.6,78,5.8,0.0
2025-11-02 05:00:00,66.8,61.7,523.0,59.7,17.7,12.0,158,23.9,85,5.9,0.0
2025-11-02 06:00:00,63.1,58.2,912.0,61.0,19.1,10.0,158,23.2,86,4.6,0.0
2025-11-02 07:00:00,67.1,62.4,1449.0,62.1,21.3,9.0,157,22.5,85,4.9,0.0
2025-11-02 08:00:00,72.2,67.8,1761.0,58.4,25.6,20.0,157,22.8,81,5.4,0.0
2025-11-02 09:00:00,71.7,66.8,1634.0,45.4,34.7,54.0,157,25.4,69,5.2,0.0
2025-11-02 10:00:00,62.2,53.9,1282.0,27.6,45.8,101.0,157,28.3,52,4.0,0.0
2025-11-02 11:00:00,46.4,39.1,973.0,14.0,51.9,139.0,156,31.1,42,6.6,0.0
2025-11-02 12:00:00,40.0,34.1,792.0,8.0,48.4,161.0,156,32.7,37,8.5,0.0
2025-11-02 13:00:00,40.5,34.8,653.0,6.1,39.8,174.0,155,33.2,35,11.3,0.0
2025-11-02 14:00:00,42.4,36.6,567.0,7.0,32.6,178.0,155,33.3,33,13.7,0.0
2025-11-02 15:00:00,44.0,38.1,527.0,10.9,29.5,171.0,154,33.3,30,14.8,0.0
2025-11-02 16:00:00,45.3,39.2,541.0,17.6,27.8,156.0,154,32.8,30,14.9,0.0
2025-11-02 17:00:00,49.4,43.3,641.0,24.4,27.0,133.0,154,31.4,39,13.7,0.0
2025-11-02 18:00:00,55.1,49.2,916.0,31.5,24.4,107.0,154,29.5,50,11.2,0.0
2025-11-02 19:00:00,56.7,49.7,1278.0,41.3,20.8,70.0,153,28.5,55,8.7,0.0
2025-11-02 20:00:00,56.5,48.2,1490.0,47.9,17.9,43.0,153,27.8,58,7.6,0.0
2025-11-02 21:00:00,56.3,47.3,1429.0,48.9,16.4,33.0,152,27.2,61,7.0,0.0
2025-11-02 22:00:00,56.7,46.9,1219.0,46.7,15.6,32.0,151,26.7,63,6.1,0.0
2025-11-02 23:00:00,56.8,46.6,996.0,43.0,14.7,34.0,151,25.9,73,4.6,0.0
2025-11-03 00:00:00,55.3,45.1,776.0,37.8,13.3,37.0,148,25.2,77,4.7,0.0
2025-11-03 01:00:00,52.4,41.9,544.0,31.1,11.7,42.0,144,24.6,81,6.0,0.0
2025-11-03 02:00:00,48.9,38.3,385.0,25.0,10.5,46.0,140,24.9,82,7.1,0.0
2025-11-03 03:00:00,45.9,34.3,304.0,19.2,9.6,50.0,135,24.7,85,5.3,0.0
2025-11-03 04:00:00,44.4,31.4,297.0,14.0,9.1,53.0,131,24.4,86,3.4,0.0
2025-11-03 05:00:00,42.0,28.8,436.0,11.9,8.5,53.0,127,24.4,90,3.6,0.0
2025-11-03 06:00:00,44.6,29.2,891.0,20.9,10.2,43.0,124,24.2,90,2.8,0.0
2025-11-03 07:00:00,51.3,34.6,1492.0,33.0,12.5,29.0,121,24.1,90,2.6,0.0
2025-11-03 08:00:00,56.5,40.0,1797.0,39.2,14.9,26.0,118,24.7,90,2.6,0.0
2025-11-03 09:00:00,63.3,36.0,1517.0,34.0,17.5,43.0,115,26.5,84,5.2,0.0
2025-11-03 10:00:00,67.1,34.5,941.0,22.9,20.2,71.0,112,27.9,77,8.8,0.0
2025-11-03 11:00:00,68.2,33.1,495.0,13.8,21.5,93.0,110,29.2,67,11.5,0.0
2025-11-03 12:00:00,67.8,31.3,354.0,9.4,20.6,104.0,109,29.8,63,14.0,0.0
2025-11-03 13:00:00,67.3,30.5,342.0,7.0,18.3,110.0,109,30.1,59,16.2,0.0
2025-11-03 14:00:00,68.0,30.6,356.0,6.2,16.5,110.0,109,30.3,54,17.4,0.0
2025-11-03 15:00:00,68.2,30.6,359.0,6.9,15.8,104.0,108,29.9,59,18.5,0.0
2025-11-03 16:00:00,66.6,30.4,387.0,9.2,15.6,93.0,107,28.9,68,19.8,0.0
2025-11-03 17:00:00,58.8,28.1,447.0,13.5,15.3,77.0,106,28.5,76,20.9,0.0
2025-11-03 18:00:00,54.0,29.6,562.0,21.5,14.7,65.0,105,27.3,81,19.0,0.0
2025-11-03 19:00:00,54.6,31.7,709.0,32.4,13.9,48.0,103,26.7,83,17.6,0.0
2025-11-03 20:00:00,54.1,32.1,828.0,39.8,13.1,37.0,101,26.5,84,16.3,0.0
2025-11-03 21:00:00,52.9,31.7,915.0,40.9,12.5,35.0,99,26.1,87,13.2,0.0
2025-11-03 22:00:00,51.9,31.1,973.0,38.4,11.9,38.0,98,26.1,88,8.9,0.0
2025-11-03 23:00:00,51.7,31.2,952.0,34.5,11.1,42.0,96,26.4,84,9.8,0.0
2025-11-04 00:00:00,52.2,30.6,788.0,28.6,9.8,48.0,95,26.3,85,11.3,0.0
2025-11-04 01:00:00,49.1,28.2,545.0,21.3,8.3,56.0,94,26.2,84,8.9,0.0
2025-11-04 02:00:00,46.2,26.7,363.0,16.0,7.3,60.0,93,25.8,87,5.1,0.0
2025-11-04 03:00:00,45.9,26.8,292.0,14.0,7.1,57.0,92,25.3,88,4.2,0.0
2025-11-04 04:00:00,46.9,28.6,282.0,13.9,7.5,49.0,91,24.5,88,5.4,0.0
2025-11-04 05:00:00,39.7,25.3,326.0,13.5,8.2,46.0,91,24.4,77,6.1,0.0
2025-11-04 06:00:00,41.1,26.4,471.0,19.9,9.7,37.0,90,24.2,73,5.9,0.0
2025-11-04 07:00:00,44.4,30.6,670.0,28.6,11.9,26.0,90,24.3,67,6.8,0.0
2025-11-04 08:00:00,46.6,34.8,769.0,33.3,13.8,25.0,90,25.7,54,8.9,0.0
2025-11-04 09:00:00,46.9,33.1,670.0,30.7,15.3,45.0,89,27.4,44,13.8,0.0
2025-11-04 10:00:00,49.4,29.6,471.0,24.1,16.6,75.0,89,29.3,34,16.7,0.0
2025-11-04 11:00:00,49.4,25.3,318.0,17.8,17.0,100.0,89,31.3,25,17.4,0.0
2025-11-04 12:00:00,50.8,23.3,265.0,12.4,16.0,114.0,88,32.5,22,20.5,0.0
2025-11-04 13:00:00,48.3,23.9,257.0,7.2,14.3,123.0,87,33.0,20,22.5,0.0
2025-11-04 14:00:00,45.1,23.7,273.0,4.9,13.0,126.0,87,33.2,21,22.1,0.0
2025-11-04 15:00:00,42.7,23.2,317.0,7.0,12.9,123.0,86,33.2,24,20.7,0.0
2025-11-04 16:00:00,41.4,22.9,385.0,12.0,13.3,114.0,85,33.0,24,20.4,0.0
2025-11-04 17:00:00,29.6,21.0,449.0,19.9,13.5,99.0,85,32.8,28,17.6,0.0
2025-11-04 18:00:00,38.2,29.5,510.0,27.3,13.7,83.0,84,31.1,33,14.2,0.0
2025-11-04 19:00:00,43.2,32.7,567.0,37.2,14.0,62.0,84,30.6,31,11.5,0.0
2025-11-04 20:00:00,47.1,33.6,582.0,42.9,14.3,47.0,84,29.8,36,10.5,0.0
2025-11-04 21:00:00,48.2,33.2,526.0,40.2,14.8,46.0,84,28.9,45,10.7,0.0
2025-11-04 22:00:00,44.0,30.9,428.0,33.2,15.3,51.0,84,28.2,30,15.3,0.0
2025-11-04 23:00:00,44.6,29.0,345.0,27.3,15.3,54.0,84,27.8,29,16.6,0.0
2025-11-05 00:00:00,50.3,29.9,296.0,24.6,14.3,51.0,84,27.3,28,16.3,0.0
2025-11-05 01:00:00,49.2,30.2,261.0,23.1,12.8,46.0,84,27.0,25,16.6,0.0
2025-11-05 02:00:00,41.2,28.3,237.0,21.8,11.5,42.0,84,26.3,22,17.2,0.0
2025-11-05 03:00:00,31.4,25.2,193.0,19.9,10.6,41.0,84,25.7,23,16.1,0.0
2025-11-05 04:00:00,24.6,21.9,160.0,18.3,9.9,42.0,84,25.3,23,15.5,0.0
2025-11-05 05:00:00,28.0,21.1,221.0,18.5,9.9,39.0,84,24.9,28,15.0,0.0
2025-11-05 06:00:00,24.0,19.6,470.0,25.1,11.0,37.0,83,24.4,29,14.1,0.0
2025-11-05 07:00:00,26.2,22.7,813.0,33.7,12.4,36.0,83,24.2,30,14.8,0.0
2025-11-05 08:00:00,30.0,26.9,1058.0,37.5,13.4,43.0,82,24.5,29,15.2,0.0
2025-11-05 09:00:00,32.2,28.6,1129.0,31.8,13.6,66.0,81,25.9,28,15.2,0.0
2025-11-05 10:00:00,33.9,26.0,1101.0,21.1,13.2,97.0,81,28.0,24,15.2,0.0
2025-11-05 11:00:00,34.9,19.7,1006.0,12.4,12.6,121.0,81,30.1,20,12.0,0.0
2025-11-05 12:00:00,43.0,20.8,788.0,7.9,11.2,130.0,80,32.0,17,10.1,0.0
2025-11-05 13:00:00,42.6,20.5,502.0,5.2,9.6,131.0,80,33.3,16,6.1,0.0
2025-11-05 14:00:00,42.1,20.4,346.0,4.8,8.9,130.0,80,34.2,15,3.6,0.0
2025-11-05 15:00:00,42.3,20.6,412.0,5.6,10.1,129.0,79,34.1,16,7.6,0.0
2025-11-05 16:00:00,42.0,21.0,609.0,8.5,12.2,124.0,79,33.2,19,12.3,0.0
2025-11-05 17:00:00,41.2,22.3,856.0,13.6,11.1,109.0,79,32.8,18,11.4,0.0
2025-11-05 18:00:00,57.5,44.2,1126.0,38.8,13.0,81.0,79,30.4,30,10.7,0.0
2025-11-05 19:00:00,64.3,54.2,1448.0,73.5,15.7,43.0,80,28.9,38,6.2,0.0
2025-11-05 20:00:00,65.2,54.4,1826.0,99.1,18.4,15.0,82,28.0,42,1.1,0.0
2025-11-05 21:00:00,68.7,56.3,2412.0,107.2,21.4,6.0,84,26.9,43,2.5,0.0
2025-11-05 22:00:00,76.6,61.9,3054.0,106.2,24.3,6.0,86,25.2,52,2.7,0.0
2025-11-05 23:00:00,83.4,67.3,3308.0,102.4,25.7,7.0,89,24.6,56,4.0,0.0
2025-11-06 00:00:00,84.3,69.2,2855.0,97.3,24.5,6.0,92,24.0,59,3.8,0.0
2025-11-06 01:00:00,78.2,65.7,2014.0,89.6,21.7,5.0,96,23.4,62,3.6,0.0
2025-11-06 02:00:00,69.8,60.1,1292.0,81.1,18.8,5.0,99,22.4,65,4.1,0.0
2025-11-06 03:00:00,63.1,55.3,818.0,71.8,15.7,4.0,102,21.5,68,4.7,0.0
2025-11-06 04:00:00,57.3,50.8,463.0,61.9,12.6,4.0,105,20.9,65,5.2,0.0
2025-11-06 05:00:00,63.6,53.7,351.0,68.3,17.0,5.0,108,20.0,63,5.6,0.0
2025-11-06 06:00:00,57.7,49.9,665.0,64.7,17.6,2.0,111,19.4,63,6.0,0.0
2025-11-06 07:00:00,63.8,56.5,1222.0,59.5,18.8,0.0,115,19.4,61,6.0,0.0
2025-11-06 08:00:00,74.5,69.2,1600.0,53.6,22.6,10.0,118,20.3,57,5.5,0.0
2025-11-06 09:00:00,72.2,62.2,1604.0,47.1,32.1,48.0,123,22.9,55,5.0,0.0
2025-11-06 10:00:00,71.0,50.6,1429.0,39.9,44.1,100.0,126,26.6,37,5.2,0.0
2025-11-06 11:00:00,70.1,46.4,1236.0,32.4,50.9,141.0,129,28.7,32,5.5,0.0
2025-11-06 12:00:00,65.0,40.7,1059.0,23.4,47.6,163.0,131,30.6,26,4.7,0.0
2025-11-06 13:00:00,57.5,36.3,864.0,14.2,39.1,174.0,133,31.9,20,3.1,0.0
2025-11-06 14:00:00,55.1,35.9,709.0,8.9,32.0,178.0,135,32.5,18,6.6,0.0
2025-11-06 15:00:00,54.5,36.1,603.0,9.5,29.0,176.0,137,31.9,21,11.9,0.0
2025-11-06 16:00:00,54.1,36.1,537.0,13.9,27.3,166.0,138,30.9,23,15.1,0.0
2025-11-06 17:00:00,61.5,44.6,547.0,20.0,32.4,167.0,140,29.8,28,14.6,0.0
2025-11-06 18:00:00,67.3,52.4,681.0,28.4,28.8,139.0,142,28.3,35,11.0,0.0
2025-11-06 19:00:00,70.1,54.0,891.0,40.1,24.0,99.0,144,27.4,36,7.6,0.0
2025-11-06 20:00:00,72.4,53.9,1070.0,50.7,20.6,66.0,143,26.6,39,6.5,0.0
2025-11-06 21:00:00,74.3,53.9,1206.0,59.2,20.5,45.0,143,25.8,44,5.0,0.0
2025-11-06 22:00:00,78.5,56.6,1311.0,66.5,21.8,31.0,143,25.2,48,2.3,0.0
2025-11-06 23:00:00,85.7,61.5,1308.0,70.4,22.5,21.0,142,22.8,61,4.5,0.0
2025-11-07 00:00:00,86.6,63.3,1117.0,69.7,21.4,16.0,142,21.1,69,5.4,0.0
2025-11-07 01:00:00,81.7,60.5,819.0,65.6,19.6,15.0,141,20.4,70,5.4,0.0
2025-11-07 02:00:00,77.1,55.3,575.0,59.3,17.9,17.0,140,20.3,70,4.3,0.0
2025-11-07 03:00:00,73.3,50.5,408.0,48.6,16.2,23.0,140,20.0,73,4.3,0.0
2025-11-07 04:00:00,70.3,46.3,295.0,35.7,14.6,32.0,139,19.9,77,4.3,0.0
2025-11-07 05:00:00,63.8,41.2,336.0,23.1,12.2,45.0,139,19.7,84,4.0,0.0
2025-11-07 06:00:00,62.4,40.5,685.0,31.9,13.3,35.0,138,19.4,86,3.9,0.0
2025-11-07 07:00:00,65.9,45.2,1188.0,43.5,14.9,22.0,137,19.1,86,4.4,0.0
2025-11-07 08:00:00,70.5,51.8,1477.0,48.8,17.4,23.0,136,19.4,85,4.9,0.0
2025-11-07 09:00:00,75.2,51.5,1344.0,41.9,21.8,52.0,134,22.1,76,3.7,0.0
2025-11-07 10:00:00,81.0,49.2,998.0,28.7,27.0,95.0,133,25.6,60,3.1,0.0
2025-11-07 11:00:00,65.2,41.1,696.0,17.6,30.1,130.0,132,28.1,47,6.6,0.0
2025-11-07 12:00:00,46.1,31.2,520.0,11.4,29.0,148.0,132,29.6,37,9.5,0.0
2025-11-07 13:00:00,45.3,31.2,390.0,7.3,25.7,158.0,131,30.3,34,11.9,0.0
2025-11-07 14:00:00,46.9,32.7,320.0,6.0,23.1,161.0,130,30.5,30,13.7,0.0
2025-11-07 15:00:00,48.1,34.0,314.0,7.9,22.5,156.0,130,30.5,24,14.7,0.0
2025-11-07 16:00:00,48.7,34.8,369.0,12.6,22.5,145.0,130,30.1,22,15.0,0.0
2025-11-07 17:00:00,45.1,34.2,491.0,18.8,22.5,127.0,130,29.4,29,15.0,0.0
2025-11-07 18:00:00,51.5,40.5,741.0,27.6,20.6,104.0,129,27.8,36,12.5,0.0
2025-11-07 19:00:00,53.8,41.9,1058.0,39.6,18.0,72.0,127,26.8,44,10.2,0.0
2025-11-07 20:00:00,54.1,42.3,1272.0,47.2,15.9,49.0,126,26.2,48,9.1,0.0
2025-11-07 21:00:00,54.1,42.5,1317.0,46.7,14.8,45.0,125,25.7,52,8.4,0.0
2025-11-07 22:00:00,54.4,42.8,1260.0,41.8,14.3,51.0,124,25.2,56,7.8,0.0
2025-11-07 23:00:00,55.1,43.5,1125.0,36.4,13.6,57.0,122,24.4,60,5.8,0.0
2025-11-08 00:00:00,55.1,43.5,865.0,31.4,12.5,60.0,120,23.8,65,5.2,0.0
2025-11-08 01:00:00,54.1,42.4,527.0,25.8,11.3,63.0,118,23.2,67,5.4,0.0
2025-11-08 02:00:00,52.6,41.0,284.0,21.1,10.4,66.0,116,22.6,70,5.0,0.0
2025-11-08 03:00:00,49.8,39.2,141.0,16.1,9.7,69.0,115,22.1,74,4.7,0.0
2025-11-08 04:00:00,47.7,37.7,91.0,11.9,9.3,71.0,114,21.7,76,3.8,0.0
2025-11-08 05:00:00,49.8,39.0,292.0,16.3,10.4,61.0,113,20.6,81,4.0,0.0
2025-11-08 06:00:00,52.5,41.0,1043.0,29.1,13.0,48.0,113,20.3,83,4.4,0.0
2025-11-08 07:00:00,63.1,50.4,2044.0,46.1,16.8,32.0,113,19.7,85,4.6,0.0
2025-11-08 08:00:00,67.3,56.3,2548.0,54.4,20.1,30.0,113,20.2,84,4.9,0.0
2025-11-08 09:00:00,62.9,51.9,2060.0,45.5,22.9,55.0,114,23.2,74,4.7,0.0
2025-11-08 10:00:00,58.6,44.8,1074.0,27.9,25.4,93.0,114,26.3,61,7.2,0.0
2025-11-08 11:00:00,51.7,39.2,329.0,13.9,26.5,123.0,113,28.0,48,11.3,0.0
2025-11-08 12:00:00,46.4,35.0,141.0,8.1,25.5,137.0,113,28.9,39,12.1,0.0
2025-11-08 13:00:00,45.4,34.1,194.0,5.9,23.2,143.0,114,29.3,35,13.3,0.0
2025-11-08 14:00:00,45.3,33.6,269.0,5.5,21.2,143.0,114,29.7,29,13.6,0.0
2025-11-08 15:00:00,45.5,32.7,277.0,5.6,20.2,135.0,114,29.6,28,13.4,0.0
2025-11-08 16:00:00,46.7,31.9,307.0,7.5,19.6,121.0,114,29.1,29,13.3,0.0
2025-11-08 17:00:00,52.3,36.6,414.0,13.0,20.6,109.0,113,27.9,42,12.8,0.0
2025-11-08 18:00:00,54.7,41.6,618.0,26.8,19.6,85.0,114,26.3,51,10.2,0.0
2025-11-08 19:00:00,59.5,45.5,898.0,46.0,18.2,52.0,114,25.0,67,7.1,0.0
2025-11-08 20:00:00,63.1,47.5,1246.0,61.0,17.5,26.0,114,24.3,75,5.9,0.0
2025-11-08 21:00:00,65.4,48.4,1767.0,68.2,18.1,15.0,115,23.9,79,5.1,0.0
2025-11-08 22:00:00,70.3,50.8,2355.0,71.4,19.3,11.0,115,23.7,79,4.1,0.0
2025-11-08 23:00:00,78.2,54.6,2682.0,71.7,19.8,10.0,116,23.6,77,2.2,0.0
2025-11-09 00:00:00,83.8,56.0,2549.0,69.2,18.9,10.0,117,23.2,79,3.1,0.0
2025-11-09 01:00:00,83.8,53.8,2155.0,64.0,17.3,13.0,119,22.3,83,3.0,0.0
2025-11-09 02:00:00,78.2,49.1,1773.0,57.6,15.9,17.0,120,21.5,86,3.3,0.0
2025-11-09 03:00:00,72.6,44.6,1419.0,48.6,14.7,22.0,121,20.6,89,4.4,0.0
2025-11-09 04:00:00,71.9,42.3,1077.0,38.4,13.7,27.0,121,19.7,92,5.2,0.0
2025-11-09 05:00:00,84.1,48.5,969.0,37.7,14.7,24.0,122,19.2,96,5.2,0.0
2025-11-09 06:00:00,89.6,53.4,1341.0,41.6,16.8,16.0,123,18.6,98,5.6,0.0
2025-11-09 07:00:00,103.1,66.4,1947.0,46.4,19.8,7.0,124,18.2,99,6.4,0.0
2025-11-09 08:00:00,112.9,82.9,2276.0,46.9,23.3,9.0,126,18.8,96,6.4,0.0
2025-11-09 09:00:00,91.5,55.3,2050.0,38.9,27.9,34.0,128,22.0,84,5.4,0.0
2025-11-09 10:00:00,82.2,41.6,1547.0,26.6,32.9,70.0,129,24.3,72,4.1,0.0
2025-11-09 11:00:00,75.0,37.7,1089.0,16.5,35.7,100.0,128,26.4,65,2.5,0.0
2025-11-09 12:00:00,68.5,35.6,766.0,11.1,34.6,118.0,128,27.5,57,4.8,0.0
2025-11-09 13:00:00,62.2,33.4,489.0,8.1,31.4,129.0,128,28.0,56,7.4,0.0
2025-11-09 14:00:00,58.4,31.8,312.0,6.8,28.4,133.0,128,28.1,58,8.7,0.0
2025-11-09 15:00:00,55.5,30.3,228.0,6.3,26.5,127.0,128,28.1,55,9.6,0.0
2025-11-09 16:00:00,52.5,28.4,244.0,7.6,24.9,114.0,128,27.8,51,9.9,0.0
2025-11-09 17:00:00,50.4,28.2,435.0,13.1,25.7,107.0,128,27.3,55,9.5,0.0
2025-11-09 18:00:00,48.9,30.9,928.0,27.5,23.8,80.0,127,26.2,61,8.2,0.0
2025-11-09 19:00:00,49.8,34.3,1596.0,47.4,21.1,43.0,126,25.2,70,6.4,0.0
2025-11-09 20:00:00,50.4,35.7,2131.0,62.5,19.5,15.0,124,24.6,74,6.1,0.0
2025-11-09 21:00:00,51.6,37.4,2452.0,68.1,20.0,6.0,123,24.2,75,6.4,0.0
2025-11-09 22:00:00,57.0,41.2,2639.0,68.8,21.5,5.0,122,24.0,76,6.2,0.0
2025-11-09 23:00:00,64.0,46.2,2629.0,68.8,22.5,6.0,121,23.5,79,3.6,0.0
2025-11-10 00:00:00,67.8,48.7,2304.0,69.8,22.3,5.0,120,23.5,78,1.5,0.0
2025-11-10 01:00:00,68.2,48.1,1782.0,70.0,21.7,4.0,119,23.1,80,2.3,0.0
2025-11-10 02:00:00,64.3,44.6,1345.0,67.7,20.6,5.0,119,21.7,87,4.4,0.0
2025-11-10 03:00:00,56.2,38.9,1004.0,60.3,18.7,9.0,118,20.6,92,5.0,0.0
2025-11-10 04:00:00,47.3,32.8,749.0,50.4,16.4,15.0,118,20.0,93,4.8,0.0
2025-11-10 05:00:00,46.3,30.4,831.0,37.6,13.8,26.0,117,19.4,95,5.0,0.0
2025-11-10 06:00:00,51.1,33.9,1649.0,41.7,15.9,19.0,115,19.1,96,5.2,0.0
2025-11-10 07:00:00,62.4,44.7,2806.0,47.0,18.9,11.0,113,18.8,96,5.6,0.0
2025-11-10 08:00:00,70.8,57.3,3355.0,47.3,22.2,14.0,111,19.4,94,5.6,0.0
2025-11-10 09:00:00,51.5,37.0,2678.0,38.1,26.2,40.0,108,22.3,84,4.6,0.0
2025-11-10 10:00:00,43.9,27.1,1394.0,24.0,30.4,77.0,106,24.7,70,3.0,0.0
2025-11-10 11:00:00,41.9,26.4,420.0,12.9,32.8,108.0,104,26.7,65,4.5,0.0
2025-11-10 12:00:00,38.9,25.6,157.0,8.0,31.9,127.0,103,27.8,57,7.7,0.0
2025-11-10 13:00:00,36.4,24.9,204.0,6.2,29.2,140.0,102,28.3,56,9.8,0.0
2025-11-10 14:00:00,35.9,24.7,278.0,5.9,26.7,144.0,101,28.3,54,10.9,0.0
2025-11-10 15:00:00,34.5,23.8,264.0,5.5,25.1,139.0,101,28.0,54,12.6,0.0
2025-11-10 16:00:00,32.8,22.5,277.0,6.6,23.7,126.0,100,27.3,57,13.4,0.0
2025-11-10 17:00:00,30.9,21.9,381.0,12.5,23.0,108.0,99,27.3,57,13.3,0.0
2025-11-10 18:00:00,33.1,26.0,628.0,28.9,21.8,81.0,99,26.5,61,11.5,0.0
2025-11-10 19:00:00,37.3,31.0,965.0,51.6,20.2,45.0,98,25.7,68,8.8,0.0
2025-11-10 20:00:00,41.0,34.7,1300.0,68.8,19.7,17.0,98,25.4,68,7.2,0.0
2025-11-10 21:00:00,46.7,39.6,1651.0,75.1,21.5,7.0,98,25.0,71,6.1,0.0
2025-11-10 22:00:00,53.8,45.4,2000.0,75.9,24.5,7.0,98,24.7,72,6.3,0.0
2025-11-10 23:00:00,59.6,50.3,2202.0,75.9,26.7,7.0,99,24.6,72,4.8,0.0
2025-11-11 00:00:00,62.2,52.2,2172.0,76.8,27.3,6.0,99,24.2,73,3.8,0.0
2025-11-11 01:00:00,62.6,51.9,1995.0,76.9,27.1,6.0,99,23.7,76,2.6,0.0
2025-11-11 02:00:00,61.9,50.9,1774.0,75.8,26.5,6.0,100,22.9,80,2.5,0.0
2025-11-11 03:00:00,61.5,51.1,1446.0,73.1,25.3,6.0,100,21.7,85,3.7,0.0
2025-11-11 04:00:00,60.8,50.6,1075.0,69.1,23.8,5.0,101,20.5,91,4.9,0.0
2025-11-11 05:00:00,60.8,50.5,958.0,65.6,22.7,5.0,103,19.8,94,4.6,0.0
2025-11-11 06:00:00,64.5,56.3,1394.0,62.2,21.5,2.0,105,19.4,96,4.8,0.0
2025-11-11 07:00:00,74.5,68.0,2085.0,57.0,20.3,0.0,108,19.0,97,5.9,0.0
2025-11-11 08:00:00,86.6,82.7,2434.0,49.9,22.7,7.0,110,19.6,95,5.6,0.0
2025-11-11 09:00:00,57.9,48.9,2077.0,39.5,32.9,37.0,113,22.7,83,4.9,0.0
2025-11-11 10:00:00,41.8,29.3,1378.0,27.1,46.8,78.0,114,25.2,67,3.6,0.0
2025-11-11 11:00:00,34.0,25.6,829.0,17.4,55.2,112.0,114,26.9,59,2.2,0.0
2025-11-11 12:00:00,33.4,26.4,638.0,12.0,53.1,134.0,114,27.8,55,5.7,0.0
2025-11-11 13:00:00,33.4,27.1,596.0,9.1,45.6,150.0,114,28.4,54,8.6,0.0
2025-11-11 14:00:00,33.4,27.5,571.0,8.0,38.9,157.0,115,28.5,52,10.8,0.0
2025-11-11 15:00:00,33.1,27.3,496.0,7.4,35.5,156.0,115,28.1,54,12.3,0.0
2025-11-11 16:00:00,32.0,26.5,438.0,8.6,33.0,146.0,115,27.5,55,12.2,0.0
2025-11-11 17:00:00,27.8,22.8,458.0,13.5,28.9,128.0,116,27.1,57,12.7,0.0
2025-11-11 18:00:00,31.0,26.8,609.0,30.6,26.5,97.0,116,26.2,62,12.2,0.0
2025-11-11 19:00:00,34.8,31.1,839.0,54.2,23.2,54.0,116,25.6,66,10.8,0.0
2025-11-11 20:00:00,36.6,32.8,1054.0,72.0,21.3,21.0,116,25.3,67,9.6,0.0
2025-11-11 21:00:00,40.7,36.1,1269.0,78.2,22.2,10.0,116,24.9,70,8.9,0.0
2025-11-11 22:00:00,46.4,40.9,1469.0,78.6,24.5,10.0,115,24.5,73,6.4,0.0
2025-11-11 23:00:00,52.3,46.1,1520.0,77.7,26.0,10.0,115,24.1,74,4.4,0.0
2025-11-12 00:00:00,55.4,48.7,1303.0,77.5,25.7,8.0,114,23.9,75,3.1,0.0
2025-11-12 01:00:00,53.6,46.6,937.0,76.0,24.6,6.0,114,23.4,77,2.8,0.0
2025-11-12 02:00:00,48.8,42.0,645.0,71.7,23.1,7.0,113,22.6,82,4.0,0.0
2025-11-12 03:00:00,41.1,35.4,476.0,61.5,20.7,13.0,112,21.8,85,4.3,0.0
2025-11-12 04:00:00,35.0,29.6,381.0,48.5,17.8,21.0,111,21.3,87,4.7,0.0
2025-11-12 05:00:00,39.0,31.8,437.0,43.3,15.8,22.0,109,21.0,87,4.3,0.0
2025-11-12 06:00:00,39.8,33.5,796.0,46.4,16.6,16.0,107,20.5,89,4.6,0.0
2025-11-12 07:00:00,49.1,42.5,1305.0,50.3,17.8,10.0,104,19.8,93,5.2,0.0
2025-11-12 08:00:00,55.1,49.2,1582.0,49.5,20.4,16.0,102,20.0,94,5.4,0.0
2025-11-12 09:00:00,42.0,33.1,1394.0,39.7,25.8,45.0,98,22.9,78,4.7,0.0
2025-11-12 10:00:00,32.9,22.7,973.0,25.4,32.4,87.0,97,25.3,70,5.8,0.0
2025-11-12 11:00:00,29.3,21.9,631.0,14.1,36.8,122.0,96,27.0,63,7.6,0.0
2025-11-12 12:00:00,29.5,23.3,490.0,9.0,36.9,143.0,96,28.0,55,10.2,0.0
2025-11-12 13:00:00,30.4,24.2,428.0,7.0,34.7,157.0,96,28.4,52,12.2,0.0
2025-11-12 14:00:00,31.9,25.1,397.0,6.7,32.6,163.0,96,28.5,47,13.1,0.0
2025-11-12 15:00:00,32.6,25.5,369.0,7.4,31.7,160.0,95,28.5,44,13.1,0.0
2025-11-12 16:00:00,32.2,25.0,373.0,9.9,30.8,148.0,95,28.2,42,12.3,0.0
2025-11-12 17:00:00,30.2,24.2,441.0,15.0,32.7,137.0,95,27.3,51,12.2,0.0
2025-11-12 18:00:00,32.1,26.7,624.0,25.2,29.1,109.0,104,26.1,57,10.8,0.0
2025-11-12 19:00:00,32.2,26.5,871.0,39.3,24.1,69.0,109,25.2,68,7.9,0.0
2025-11-12 20:00:00,32.1,26.3,1070.0,50.4,20.3,39.0,98,24.6,74,6.5,0.0
2025-11-12 21:00:00,32.9,26.8,1200.0,56.0,18.8,27.0,94,24.0,79,5.4,0.0
2025-11-12 22:00:00,34.5,28.0,1281.0,58.5,18.5,23.0,93,23.6,81,4.2,0.0
2025-11-12 23:00:00,37.8,30.7,1258.0,58.1,18.0,23.0,92,22.3,88,3.7,0.0
2025-11-13 00:00:00,41.3,33.2,1056.0,54.1,16.7,24.0,91,21.4,91,4.7,0.0
2025-11-13 01:00:00,40.0,31.8,751.0,47.2,15.1,28.0,90,20.6,92,4.6,0.0
2025-11-13 02:00:00,36.0,27.6,509.0,40.0,14.0,33.0,88,20.0,94,5.2,0.0
2025-11-13 03:00:00,33.4,24.0,358.0,31.8,13.3,39.0,87,19.4,95,5.9,0.0
2025-11-13 04:00:00,32.2,21.7,272.0,23.3,13.1,45.0,86,19.2,94,6.1,0.0
2025-11-13 05:00:00,35.9,23.9,336.0,24.3,13.5,39.0,85,19.3,92,5.9,0.0
2025-11-13 06:00:00,39.1,26.1,707.0,31.9,14.7,30.0,85,19.1,91,5.9,0.0
2025-11-13 07:00:00,46.7,33.9,1230.0,41.9,16.6,18.0,84,19.0,89,5.6,0.0
2025-11-13 08:00:00,50.2,38.4,1524.0,46.1,20.5,21.0,83,19.5,86,5.9,0.0
2025-11-13 09:00:00,46.3,32.4,1356.0,38.8,28.5,49.0,82,21.3,72,6.6,0.0
2025-11-13 10:00:00,42.7,22.9,960.0,25.6,38.4,92.0,82,24.3,64,5.4,0.0
2025-11-13 11:00:00,37.4,22.2,656.0,15.0,44.7,127.0,82,26.4,58,3.6,0.0
2025-11-13 12:00:00,36.4,24.0,586.0,10.1,44.3,148.0,82,28.0,47,1.5,0.0
2025-11-13 13:00:00,37.1,24.3,609.0,7.7,40.3,163.0,82,29.1,40,4.2,0.0
2025-11-13 14:00:00,37.8,24.8,620.0,7.1,36.7,170.0,82,29.4,39,6.5,0.0
2025-11-13 15:00:00,38.1,25.1,557.0,7.8,35.3,170.0,82,29.1,43,10.5,0.0
2025-11-13 16:00:00,38.0,25.6,483.0,10.3,34.4,163.0,82,27.9,50,14.0,0.0
2025-11-13 17:00:00,32.6,24.2,483.0,14.8,35.0,152.0,97,26.9,52,14.4,0.0
2025-11-13 18:00:00,37.6,30.9,629.0,23.4,31.1,124.0,119,25.5,58,10.2,0.0
2025-11-13 19:00:00,37.0,30.3,849.0,35.2,25.6,85.0,125,24.7,66,7.3,0.0
2025-11-13 20:00:00,34.8,27.9,1011.0,43.8,21.3,55.0,116,23.9,72,5.9,0.0
2025-11-13 21:00:00,33.8,26.7,1070.0,45.9,19.5,44.0,97,23.3,76,5.0,0.0
2025-11-13 22:00:00,34.8,27.6,1071.0,44.8,18.8,41.0,83,22.8,78,4.5,0.0
2025-11-13 23:00:00,37.0,29.8,1011.0,43.8,18.2,39.0,83,21.5,84,4.0,0.0
2025-11-15 00:00:00,40.7,34.9,1401.0,54.8,17.8,24.0,83,18.3,91,6.2,0.0
2025-11-15 01:00:00,38.6,34.1,1016.0,55.4,16.3,18.0,84,18.1,89,6.2,0.0
2025-11-15 02:00:00,35.4,31.5,691.0,54.1,15.0,15.0,84,18.1,87,5.7,0.0
2025-11-15 03:00:00,32.2,28.9,467.0,48.9,14.0,16.0,84,17.9,87,5.5,0.0
2025-11-15 04:00:00,29.3,26.4,303.0,41.9,13.3,19.0,84,17.5,89,6.3,0.0
2025-11-15 05:00:00,34.0,29.7,326.0,48.7,13.2,9.0,83,18.2,92,5.8,0.0
2025-11-15 06:00:00,34.0,30.0,723.0,49.7,14.8,6.0,83,18.1,92,5.6,0.0
2025-11-15 07:00:00,42.3,38.3,1307.0,50.7,17.2,3.0,83,17.8,93,5.5,0.0
2025-11-15 08:00:00,54.5,51.1,1641.0,48.1,21.1,11.0,83,18.3,91,5.9,0.0
2025-11-15 09:00:00,48.1,42.0,1467.0,38.8,28.2,41.0,83,21.1,80,6.6,0.0
2025-11-15 10:00:00,37.5,25.0,1044.0,25.9,36.7,82.0,83,23.2,66,6.4,0.0
2025-11-15 11:00:00,29.3,19.4,705.0,15.7,41.9,116.0,83,26.0,55,4.7,0.0
2025-11-15 12:00:00,25.3,18.1,577.0,10.3,41.1,137.0,83,27.6,45,2.9,0.0
2025-11-15 13:00:00,25.1,18.9,533.0,7.6,37.1,151.0,83,28.7,36,1.3,0.0
2025-11-15 14:00:00,26.4,20.4,532.0,6.8,33.5,158.0,83,29.2,30,2.1,0.0
2025-11-15 15:00:00,27.2,21.3,567.0,6.5,31.6,161.0,83,28.9,33,5.1,0.0
2025-11-15 16:00:00,27.2,21.4,643.0,8.2,30.1,157.0,84,28.0,44,9.6,0.0
2025-11-15 17:00:00,22.3,19.1,737.0,15.8,31.8,145.0,84,26.5,55,11.2,0.0
2025-11-15 18:00:00,33.3,31.1,860.0,30.3,29.2,115.0,102,24.8,56,8.0,0.0
2025-11-15 19:00:00,32.4,30.4,999.0,50.4,25.7,74.0,109,23.8,57,5.4,0.0
2025-11-15 20:00:00,31.8,29.9,1097.0,66.0,23.3,41.0,100,22.7,64,3.6,0.0
2025-11-15 21:00:00,32.8,31.1,1142.0,73.6,23.4,25.0,85,22.0,67,2.9,0.0
2025-11-15 22:00:00,36.7,34.9,1145.0,76.7,24.5,18.0,86,20.7,72,4.7,0.0
2025-11-15 23:00:00,43.4,41.9,1079.0,76.4,24.6,14.0,86,19.4,78,5.9,0.0
2025-11-16 00:00:00,44.0,42.8,890.0,72.0,22.3,13.0,87,19.0,77,6.4,0.0
2025-11-16 01:00:00,37.6,36.7,633.0,64.1,18.9,17.0,88,19.0,73,6.7,0.0
2025-11-16 02:00:00,32.4,31.5,436.0,55.6,16.1,21.0,88,18.8,73,6.6,0.0
2025-11-16 03:00:00,28.6,27.8,325.0,45.5,14.5,27.0,88,18.4,76,6.6,0.0
2025-11-16 04:00:00,25.5,24.7,276.0,34.9,13.5,35.0,88,18.0,78,6.3,0.0
2025-11-16 05:00:00,25.5,24.9,346.0,36.9,13.6,30.0,88,17.9,81,6.2,0.0
2025-11-16 06:00:00,24.4,23.9,647.0,42.1,14.6,25.0,88,17.6,82,6.4,0.0
2025-11-16 07:00:00,29.5,28.9,1068.0,48.7,16.2,19.0,87,17.4,81,6.5,0.0
2025-11-16 08:00:00,34.8,34.3,1332.0,50.0,19.1,26.0,86,18.1,79,7.1,0.0
2025-11-16 09:00:00,36.3,35.9,1297.0,40.8,24.9,58.0,85,20.7,56,8.4,0.0
2025-11-16 10:00:00,26.1,25.2,1105.0,26.2,31.8,102.0,84,22.8,55,8.2,0.0
2025-11-16 11:00:00,18.9,18.1,907.0,14.6,35.6,137.0,84,25.9,44,8.0,0.0
2025-11-16 12:00:00,16.5,15.8,716.0,9.3,33.2,154.0,84,28.1,39,7.6,0.0
2025-11-16 13:00:00,17.4,16.8,518.0,7.0,27.6,161.0,84,29.4,31,6.0,0.0
2025-11-16 14:00:00,18.3,17.7,423.0,6.7,23.3,164.0,84,29.9,28,2.8,0.0
2025-11-16 15:00:00,18.9,18.2,412.0,4.9,21.4,166.0,84,30.0,27,1.6,0.0
2025-11-16 16:00:00,19.0,18.4,502.0,5.1,20.8,164.0,83,29.7,31,5.8,0.0
2025-11-16 17:00:00,15.8,15.5,859.0,16.4,22.5,147.0,102,28.7,38,6.9,0.0
2025-11-16 18:00:00,33.2,32.9,1789.0,43.9,25.2,110.0,121,26.2,54,7.0,0.0
2025-11-16 19:00:00,44.6,44.4,2984.0,81.5,29.1,60.0,122,24.6,63,5.1,0.0
2025-11-16 20:00:00,48.4,48.3,3687.0,107.2,32.3,23.0,106,23.8,65,2.4,0.0
2025-11-16 21:00:00,51.7,51.6,3479.0,109.9,34.9,13.0,86,23.2,64,2.5,0.0
2025-11-16 22:00:00,54.1,53.9,2778.0,100.6,37.0,16.0,88,21.6,70,4.6,0.0
2025-11-16 23:00:00,54.4,54.1,2077.0,91.0,36.6,19.0,89,20.3,76,4.8,0.0
2025-11-17 00:00:00,51.1,50.8,1483.0,84.4,32.0,18.0,90,19.7,77,5.6,0.0
2025-11-17 01:00:00,45.4,45.2,888.0,77.4,25.1,18.0,91,19.3,75,5.6,0.0
2025-11-17 02:00:00,40.5,40.2,464.0,71.0,19.5,17.0,92,18.9,73,5.7,0.0
2025-11-17 03:00:00,35.9,35.5,270.0,65.3,16.4,16.0,93,18.4,71,5.8,0.0
2025-11-17 04:00:00,30.5,30.3,245.0,60.3,14.7,16.0,93,17.9,73,5.8,0.0
2025-11-17 05:00:00,30.0,29.7,382.0,58.6,14.1,12.0,94,17.6,79,6.0,0.0
2025-11-17 06:00:00,27.6,27.4,795.0,59.7,15.6,9.0,94,17.1,84,6.0,0.0
2025-11-17 07:00:00,33.3,32.9,1370.0,60.7,18.0,7.0,94,16.8,84,6.0,0.0
2025-11-17 08:00:00,42.6,42.4,1748.0,57.4,22.7,17.0,95,17.3,81,6.6,0.0
2025-11-17 09:00:00,40.4,40.0,1756.0,46.0,32.1,52.0,95,19.9,70,6.6,0.0
2025-11-17 10:00:00,29.4,28.8,1568.0,30.3,43.7,99.0,96,22.4,51,6.1,0.0
2025-11-17 11:00:00,19.5,19.0,1348.0,18.2,51.5,138.0,96,25.9,40,4.6,0.0
2025-11-17 12:00:00,19.0,18.6,1120.0,12.7,51.9,161.0,96,28.1,31,3.3,0.0
2025-11-17 13:00:00,20.8,20.5,860.0,10.7,48.5,175.0,97,29.1,25,1.8,0.0
2025-11-17 14:00:00,22.9,22.5,659.0,10.6,45.7,183.0,97,29.6,23,1.8,0.0
2025-11-17 15:00:00,25.1,24.6,521.0,11.0,45.9,189.0,97,29.5,25,5.9,0.0
2025-11-17 16:00:00,26.7,26.3,441.0,13.2,46.8,190.0,98,28.4,35,12.2,0.0
2025-11-17 17:00:00,27.4,27.0,501.0,19.1,49.2,185.0,119,27.1,46,12.6,0.0
2025-11-17 18:00:00,45.4,44.9,829.0,36.8,44.6,147.0,147,25.5,56,9.7,0.0
2025-11-17 19:00:00,45.5,44.9,1297.0,60.9,38.2,94.0,156,24.5,62,6.5,0.0
2025-11-17 20:00:00,43.4,42.6,1593.0,77.1,32.8,54.0,148,23.6,70,5.1,0.0
2025-11-17 21:00:00,42.3,41.1,1563.0,77.5,29.6,40.0,125,23.0,74,4.0,0.0
2025-11-17 22:00:00,42.7,41.3,1362.0,70.0,27.6,39.0,99,22.5,76,3.4,0.0
2025-11-17 23:00:00,45.3,43.5,1146.0,63.6,26.0,38.0,98,21.4,82,3.7,0.0
2025-11-18 00:00:00,47.6,45.5,945.0,62.4,25.1,33.0,97,20.3,87,4.5,0.0
2025-11-18 01:00:00,48.7,46.3,728.0,62.4,24.7,28.0,97,18.8,91,5.5,0.0
2025-11-18 02:00:00,49.7,47.3,561.0,60.6,23.9,25.0,97,18.0,94,5.9,0.0
2025-11-18 03:00:00,49.7,47.5,431.0,54.3,21.8,24.0,97,17.6,93,6.4,0.0
2025-11-18 04:00:00,46.4,44.5,350.0,46.3,19.3,24.0,98,17.5,92,6.4,0.0
2025-11-18 05:00:00,50.3,48.1,420.0,47.3,21.3,22.0,100,17.6,92,6.4,0.0
2025-11-18 06:00:00,49.2,47.3,811.0,50.6,21.3,15.0,102,17.5,91,6.5,0.0
2025-11-18 07:00:00,54.5,52.7,1353.0,54.6,21.5,7.0,104,17.4,91,6.9,0.0
2025-11-18 08:00:00,60.8,59.3,1642.0,53.5,24.1,13.0,106,18.0,88,6.9,0.0
2025-11-18 09:00:00,48.4,46.1,1425.0,42.5,31.4,47.0,108,20.2,75,7.7,0.0
2025-11-18 10:00:00,36.1,32.0,956.0,26.5,41.1,95.0,108,22.6,69,6.4,0.0
2025-11-18 11:00:00,32.4,29.5,589.0,14.2,47.6,136.0,108,24.9,63,5.2,0.0
2025-11-18 12:00:00,31.0,28.9,470.0,9.1,48.1,161.0,110,26.7,49,5.2,0.0
2025-11-18 13:00:00,31.2,29.4,453.0,7.7,45.5,178.0,111,27.8,41,4.9,0.0
2025-11-18 14:00:00,32.2,30.4,463.0,8.0,43.2,188.0,112,28.3,37,4.9,0.0
2025-11-18 15:00:00,33.2,31.3,470.0,8.3,42.8,192.0,112,28.3,38,6.2,0.0
2025-11-18 16:00:00,33.9,31.9,504.0,10.2,42.7,187.0,113,27.6,43,9.0,0.0
2025-11-18 17:00:00,33.4,31.7,569.0,16.2,44.6,177.0,118,27.3,49,10.0,0.0
2025-11-18 18:00:00,47.3,45.5,692.0,32.8,40.4,139.0,146,25.2,65,10.5,0.0
2025-11-18 19:00:00,47.4,45.4,847.0,55.6,34.6,85.0,154,24.3,67,7.0,0.0
2025-11-18 20:00:00,46.9,44.6,964.0,72.3,30.0,44.0,145,23.6,70,3.3,0.0
2025-11-18 21:00:00,48.1,45.5,1027.0,77.3,28.0,27.0,120,23.0,73,2.4,0.0
2025-11-18 22:00:00,49.5,46.9,1052.0,76.3,27.2,21.0,115,21.9,78,3.6,0.0
2025-11-18 23:00:00,51.0,48.3,1022.0,73.5,26.1,18.0,116,20.6,81,5.2,0.0
2025-11-19 00:00:00,51.0,48.3,905.0,70.3,24.0,15.0,116,19.6,85,5.6,0.0
2025-11-19 01:00:00,50.1,47.3,733.0,65.4,21.5,15.0,116,19.0,85,5.7,0.0
2025-11-19 02:00:00,49.1,46.1,585.0,59.4,19.4,16.0,116,18.4,85,5.7,0.0
2025-11-19 03:00:00,47.4,44.2,431.0,50.5,17.5,20.0,116,17.9,86,5.3,0.0
2025-11-19 04:00:00,44.7,41.4,302.0,40.4,16.0,26.0,116,17.3,88,6.0,0.0
2025-11-19 05:00:00,48.1,44.4,365.0,43.4,18.3,23.0,116,17.2,93,6.0,0.0
2025-11-19 06:00:00,47.7,44.1,842.0,48.2,19.5,16.0,115,17.0,92,6.1,0.0
2025-11-19 07:00:00,54.7,50.9,1512.0,54.4,21.3,9.0,115,16.8,90,6.4,0.0
2025-11-19 08:00:00,62.9,59.6,1882.0,54.8,24.1,14.0,115,17.3,87,6.9,0.0
2025-11-19 09:00:00,49.0,45.5,1651.0,44.2,28.6,44.0,115,19.9,76,6.9,0.0
2025-11-19 10:00:00,39.5,35.0,1120.0,27.8,34.0,87.0,115,22.4,63,5.9,0.0
2025-11-19 11:00:00,35.9,32.1,696.0,15.1,38.8,124.0,115,25.2,68,1.6,0.0
2025-11-19 12:00:00,36.1,33.2,541.0,9.7,42.6,150.0,115,26.8,60,1.8,0.0
2025-11-19 13:00:00,37.6,35.0,492.0,7.9,45.7,171.0,116,27.7,53,4.7,0.0
2025-11-19 14:00:00,39.0,36.7,468.0,7.8,47.4,183.0,116,27.9,50,6.8,0.0
2025-11-19 15:00:00,39.9,37.6,425.0,8.4,47.3,184.0,117,27.5,55,8.7,0.0
2025-11-19 16:00:00,39.7,37.5,407.0,10.8,45.7,177.0,118,26.8,60,10.9,0.0
2025-11-19 17:00:00,35.9,34.1,462.0,14.8,43.0,158.0,118,26.6,63,9.8,0.0
2025-11-19 18:00:00,43.0,41.7,667.0,29.7,39.3,125.0,129,25.5,68,8.4,0.0
2025-11-19 19:00:00,44.1,42.8,945.0,50.2,34.2,80.0,137,24.7,74,6.2,0.0
2025-11-19 20:00:00,42.5,41.2,1119.0,64.9,29.9,45.0,128,23.9,79,4.7,0.0
2025-11-19 21:00:00,41.0,39.7,1100.0,69.2,27.4,31.0,117,23.3,83,3.3,0.0
2025-11-19 22:00:00,40.0,38.8,976.0,67.6,25.7,28.0,117,22.4,86,3.6,0.0
2025-11-19 23:00:00,39.2,38.1,837.0,62.5,23.7,29.0,116,20.5,91,5.2,0.0
2025-11-20 00:00:00,36.8,35.6,694.0,52.6,20.9,36.0,115,20.3,90,5.4,0.0
2025-11-20 01:00:00,33.4,32.1,536.0,39.1,17.8,47.0,114,20.2,87,5.4,0.0
2025-11-20 02:00:00,30.9,29.5,417.0,28.3,15.5,55.0,112,19.7,87,4.8,0.0
2025-11-20 03:00:00,29.3,27.9,321.0,21.7,14.1,57.0,110,19.1,90,5.2,0.0
2025-11-20 04:00:00,28.6,27.2,265.0,17.8,13.5,55.0,109,18.5,92,5.2,0.0
2025-11-20 05:00:00,35.0,33.5,353.0,24.1,14.2,40.0,107,18.0,95,5.7,0.0
2025-11-20 06:00:00,40.0,38.8,748.0,31.9,15.3,27.0,106,17.6,95,5.6,0.0
2025-11-20 07:00:00,51.6,50.3,1287.0,42.1,17.2,11.0,105,17.2,95,6.0,0.0
2025-11-20 08:00:00,61.2,60.3,1583.0,46.8,20.5,11.0,105,17.5,92,6.1,0.0
2025-11-20 09:00:00,47.7,46.4,1389.0,40.6,26.5,39.0,105,19.8,75,6.6,0.0
2025-11-20 10:00:00,34.2,32.4,952.0,28.8,34.0,83.0,106,22.2,67,5.4,0.0
2025-11-20 11:00:00,30.6,29.0,631.0,19.0,40.3,122.0,105,25.0,65,4.3,0.0
2025-11-20 12:00:00,31.7,30.2,587.0,13.6,44.5,150.0,105,26.7,56,3.8,0.0
2025-11-20 13:00:00,34.6,33.1,658.0,10.1,47.4,173.0,105,27.9,49,2.8,0.0
2025-11-20 14:00:00,36.4,35.0,716.0,8.8,48.8,186.0,104,28.5,46,3.6,0.0
2025-11-20 15:00:00,37.7,36.3,694.0,9.2,48.5,189.0,104,28.5,48,5.7,0.0
2025-11-20 16:00:00,38.1,36.7,658.0,11.7,46.7,182.0,104,27.7,56,9.9,0.0
2025-11-20 17:00:00,32.2,31.7,677.0,16.4,48.8,173.0,106,26.6,64,10.5,0.0
2025-11-20 18:00:00,36.7,36.1,814.0,27.7,43.7,139.0,134,24.8,72,9.4,0.0
2025-11-20 19:00:00,37.5,36.8,1005.0,43.3,36.6,92.0,146,24.0,75,5.8,0.0
2025-11-20 20:00:00,34.8,34.2,1126.0,54.8,30.8,55.0,140,23.2,79,3.6,0.0
2025-11-20 21:00:00,33.6,33.1,1125.0,58.7,27.7,38.0,119,22.2,84,3.6,0.0
2025-11-20 22:00:00,34.0,33.3,1054.0,58.6,25.8,32.0,101,21.0,89,4.6,0.0
2025-11-20 23:00:00,34.8,34.1,944.0,56.6,24.0,28.0,101,20.2,91,5.4,0.0
2025-11-21 00:00:00,34.0,33.4,773.0,52.6,21.8,26.0,100,20.1,89,5.4,0.0
2025-11-21 01:00:00,31.8,31.1,561.0,46.8,19.6,26.0,100,19.7,89,5.1,0.0
2025-11-21 02:00:00,30.5,29.7,406.0,42.1,17.8,25.0,100,19.2,91,5.1,0.0
2025-11-21 03:00:00,31.1,30.4,306.0,39.6,16.4,21.0,100,18.8,93,5.2,0.0
2025-11-21 04:00:00,33.6,33.1,262.0,38.2,15.3,17.0,100,18.5,95,5.8,0.0
2025-11-21 05:00:00,38.4,38.0,368.0,46.0,16.7,9.0,101,18.2,97,6.0,0.0
2025-11-21 06:00:00,38.9,38.5,772.0,46.1,17.5,5.0,101,18.0,96,6.3,0.0
2025-11-21 07:00:00,47.1,46.8,1327.0,46.0,18.9,2.0,101,17.7,94,6.4,0.0
2025-11-21 08:00:00,58.8,58.6,1687.0,44.1,22.8,10.0,101,18.1,88,6.6,0.0
2025-11-21 09:00:00,40.6,40.3,1674.0,39.4,31.5,38.0,101,19.9,71,7.1,0.0
2025-11-21 10:00:00,24.7,24.2,1466.0,33.0,42.6,77.0,100,22.4,63,6.4,0.0
2025-11-21 11:00:00,24.8,24.4,1255.0,26.7,50.5,113.0,99,25.0,53,6.4,0.0
2025-11-21 12:00:00,26.7,26.1,1081.0,20.4,52.4,144.0,99,27.2,41,5.8,0.0
2025-11-21 13:00:00,28.6,27.9,903.0,14.2,51.0,171.0,98,28.5,35,4.3,0.0
2025-11-21 14:00:00,30.5,29.5,792.0,10.9,49.3,188.0,98,29.0,34,3.2,0.0
2025-11-21 15:00:00,32.1,31.1,795.0,10.5,48.4,192.0,98,29.0,36,5.4,0.0
2025-11-21 16:00:00,33.2,32.1,865.0,12.9,47.1,186.0,97,28.1,41,10.2,0.0
2025-11-21 17:00:00,50.9,48.9,934.0,19.5,49.9,174.0,102,27.5,46,10.6,0.0
2025-11-21 18:00:00,58.4,56.9,979.0,36.2,45.2,135.0,131,25.6,62,8.6,0.0
2025-11-21 19:00:00,58.2,56.8,1023.0,59.1,38.6,82.0,144,24.3,72,4.7,0.0
2025-11-21 20:00:00,55.6,54.1,1071.0,76.1,33.5,40.0,137,23.4,76,3.2,0.0
2025-11-21 21:00:00,55.4,53.8,1161.0,81.7,31.6,22.0,115,22.4,80,3.3,0.0
2025-11-21 22:00:00,58.3,56.7,1256.0,81.3,31.1,15.0,106,21.3,84,3.7,0.0
2025-11-21 23:00:00,61.5,59.8,1240.0,79.0,30.0,12.0,109,20.3,89,5.6,0.0
2025-11-22 00:00:00,60.8,59.3,1011.0,76.2,27.4,9.0,111,19.9,89,6.0,0.0
2025-11-22 01:00:00,58.0,56.1,672.0,71.5,24.2,10.0,114,19.9,86,5.9,0.0
2025-11-22 02:00:00,52.7,50.9,423.0,64.9,21.4,13.0,117,19.8,86,5.4,0.0
2025-11-22 03:00:00,48.2,46.3,311.0,54.1,19.2,20.0,119,19.5,85,5.5,0.0
2025-11-22 04:00:00,44.6,42.6,290.0,41.4,17.5,29.0,121,19.1,86,5.7,0.0
2025-11-22 05:00:00,43.0,41.2,420.0,38.7,17.4,32.0,122,19.0,85,5.6,0.0
2025-11-22 06:00:00,42.1,40.5,847.0,44.1,17.9,26.0,122,18.5,86,5.6,0.0
2025-11-22 07:00:00,46.8,45.3,1425.0,51.1,18.8,20.0,122,18.0,87,6.0,0.0
2025-11-22 08:00:00,52.6,51.3,1783.0,52.9,20.5,27.0,122,18.3,86,6.4,0.0
2025-11-22 09:00:00,54.1,52.9,1715.0,44.7,23.7,59.0,121,20.7,75,6.9,0.0
2025-11-22 10:00:00,52.6,50.8,1427.0,31.3,27.8,103.0,123,22.7,62,6.5,0.0
2025-11-22 11:00:00,56.5,52.4,1158.0,20.3,31.3,140.0,125,25.2,53,3.4,0.0
2025-11-22 12:00:00,54.2,49.2,979.0,14.2,33.4,160.0,128,27.0,44,1.9,0.0
2025-11-22 13:00:00,52.2,47.0,820.0,10.5,34.9,173.0,131,27.9,40,2.5,0.0
2025-11-22 14:00:00,52.5,47.3,712.0,9.4,36.5,180.0,133,28.2,38,5.5,0.0
2025-11-22 15:00:00,53.7,48.3,664.0,10.4,38.9,186.0,135,28.0,39,9.4,0.0
2025-11-22 16:00:00,54.5,49.4,666.0,14.1,41.4,187.0,136,27.4,41,12.1,0.0
2025-11-22 17:00:00,69.8,64.3,724.0,19.9,49.5,181.0,138,27.1,41,10.5,0.0
2025-11-22 18:00:00,78.0,73.1,853.0,33.0,45.9,146.0,145,25.3,48,7.9,0.0
2025-11-22 19:00:00,77.5,72.4,1038.0,51.2,41.0,98.0,153,24.1,54,5.4,0.0
2025-11-22 20:00:00,75.7,69.6,1232.0,65.9,37.3,58.0,145,23.3,59,4.4,0.0
2025-11-22 21:00:00,75.0,68.0,1484.0,74.2,36.4,35.0,145,22.7,63,2.9,0.0
2025-11-22 22:00:00,78.0,69.8,1745.0,79.0,36.7,21.0,146,22.6,62,0.8,0.0
2025-11-22 23:00:00,86.8,78.2,1830.0,80.2,35.6,12.0,147,20.2,77,3.7,0.0
2025-11-23 00:00:00,87.5,81.5,1593.0,76.4,31.3,8.0,149,18.7,87,4.5,0.0
2025-11-23 01:00:00,79.6,75.2,1179.0,69.0,25.5,9.0,150,18.1,90,5.6,0.0
2025-11-23 02:00:00,73.6,70.3,838.0,61.9,20.9,11.0,151,18.0,88,5.8,0.0
2025-11-23 03:00:00,69.4,66.1,614.0,56.0,18.4,12.0,151,17.9,85,6.0,0.0
2025-11-23 04:00:00,65.9,62.6,463.0,50.4,17.2,14.0,152,17.6,86,5.4,0.0
2025-11-23 05:00:00,75.4,72.2,496.0,49.8,15.7,8.0,152,17.7,88,6.2,0.0
2025-11-23 06:00:00,72.4,68.2,882.0,52.4,17.5,5.0,153,17.6,89,6.4,0.0
2025-11-23 07:00:00,76.6,72.4,1453.0,55.4,20.6,2.0,153,17.5,89,6.4,0.0
2025-11-23 08:00:00,83.4,79.4,1813.0,53.9,26.3,13.0,154,18.1,87,6.5,0.0
2025-11-23 09:00:00,76.4,70.8,1753.0,43.5,38.3,49.0,155,20.0,73,7.2,0.0
2025-11-23 10:00:00,68.2,56.5,1483.0,28.5,53.1,99.0,155,22.4,68,7.5,0.0
2025-11-23 11:00:00,65.0,51.0,1237.0,16.6,61.5,139.0,155,24.7,63,5.6,0.0
2025-11-23 12:00:00,62.4,50.2,1083.0,10.7,57.9,161.0,155,25.8,63,1.8,0.0
2025-11-23 13:00:00,62.2,48.8,953.0,7.9,48.0,172.0,155,26.8,56,2.6,0.0
2025-11-23 14:00:00,63.1,47.3,874.0,7.1,39.8,177.0,155,27.0,55,5.9,0.0
2025-11-23 15:00:00,63.1,46.4,860.0,7.1,36.5,176.0,155,26.9,57,8.2,0.0
2025-11-23 16:00:00,61.7,46.7,897.0,9.1,34.9,167.0,155,26.5,58,9.8,0.0
2025-11-23 17:00:00,58.9,50.8,973.0,17.4,36.7,156.0,155,26.2,57,10.9,0.0
2025-11-23 18:00:00,74.5,68.9,1121.0,40.3,35.3,120.0,155,24.7,55,10.1,0.0
2025-11-23 19:00:00,78.5,74.0,1308.0,71.8,33.4,70.0,155,23.7,56,7.2,0.0
2025-11-23 20:00:00,80.3,76.4,1420.0,94.5,32.2,32.0,155,22.7,63,3.3,0.0
2025-11-23 21:00:00,83.8,79.9,1409.0,100.5,33.0,17.0,155,21.2,71,5.2,0.0
2025-11-23 22:00:00,88.0,84.3,1325.0,97.6,34.7,15.0,155,19.9,77,6.2,0.0
2025-11-23 23:00:00,81.5,78.9,1200.0,92.1,34.6,14.0,155,19.4,78,6.1,0.0
2025-11-24 00:00:00,71.9,69.6,1016.0,85.6,31.3,13.0,155,19.1,80,5.8,0.0
2025-11-24 01:00:00,63.3,61.0,791.0,76.5,26.2,13.0,155,18.7,83,6.1,0.0
2025-11-24 02:00:00,56.6,54.4,622.0,66.4,22.0,16.0,155,18.4,85,6.3,0.0
2025-11-24 03:00:00,51.1,49.1,518.0,53.5,19.2,22.0,154,18.2,82,6.5,0.0
2025-11-24 04:00:00,46.7,44.7,469.0,39.6,17.1,29.0,154,17.9,80,6.8,0.0
2025-11-24 05:00:00,49.5,47.3,536.0,45.4,17.3,21.0,154,16.9,87,6.6,0.0
2025-11-24 06:00:00,47.1,45.2,830.0,49.3,19.1,18.0,153,16.6,86,7.2,0.0
2025-11-24 07:00:00,51.5,49.5,1240.0,54.1,21.8,15.0,153,16.6,84,7.6,0.0
2025-11-24 08:00:00,58.0,56.0,1494.0,53.6,24.7,23.0,152,17.3,80,7.6,0.0
2025-11-24 09:00:00,57.6,55.5,1454.0,42.6,28.6,52.0,152,19.6,63,8.3,0.0
2025-11-24 10:00:00,53.3,49.8,1259.0,26.1,32.7,93.0,151,21.8,60,8.5,0.0
2025-11-24 11:00:00,42.7,37.7,1054.0,13.4,34.1,124.0,151,24.3,52,7.1,0.0
2025-11-24 12:00:00,36.8,31.3,843.0,7.6,30.4,138.0,151,26.2,42,6.7,0.0
2025-11-24 13:00:00,34.1,28.9,622.0,5.5,24.0,143.0,150,27.4,35,4.3,0.0
2025-11-24 14:00:00,31.7,27.1,521.0,6.3,19.1,142.0,150,27.9,31,2.9,0.0
2025-11-24 15:00:00,29.8,25.7,577.0,9.3,17.3,137.0,148,28.1,28,2.0,0.0
2025-11-24 16:00:00,28.6,25.0,752.0,15.2,17.1,127.0,146,28.1,28,3.2,0.0
2025-11-24 17:00:00,34.2,31.1,1066.0,21.3,20.7,122.0,144,27.4,32,7.3,0.0
2025-11-24 18:00:00,58.7,55.8,1710.0,46.3,27.1,91.0,142,25.2,47,7.1,0.0
2025-11-24 19:00:00,76.4,73.1,2492.0,80.3,35.7,49.0,140,23.5,58,5.6,0.0
2025-11-24 20:00:00,82.4,79.6,2858.0,102.3,40.2,19.0,140,22.2,65,3.7,0.0
2025-11-24 21:00:00,72.9,71.2,2424.0,101.9,36.7,11.0,140,21.5,59,5.5,0.0
2025-11-24 22:00:00,58.8,58.1,1574.0,89.4,29.2,15.0,140,21.9,42,8.0,0.0
2025-11-24 23:00:00,48.0,47.4,904.0,74.8,22.5,23.0,137,22.4,28,10.2,0.0
2025-11-25 00:00:00,42.6,41.8,665.0,59.6,18.4,33.0,134,19.0,70,6.5,0.0
2025-11-25 01:00:00,40.4,39.1,607.0,42.3,15.3,46.0,131,18.6,70,6.9,0.0
2025-11-25 02:00:00,39.8,38.2,576.0,28.0,13.1,58.0,128,18.3,70,7.2,0.0
2025-11-25 03:00:00,39.8,37.7,507.0,18.0,11.9,69.0,127,18.1,68,8.0,0.0
2025-11-25 04:00:00,39.6,37.3,466.0,11.1,11.7,80.0,125,17.9,65,8.4,0.0
2025-11-25 05:00:00,39.5,37.0,495.0,11.6,12.3,74.0,125,17.5,65,9.7,0.0
2025-11-25 06:00:00,39.2,36.9,667.0,19.3,13.0,68.0,124,17.4,64,10.6,0.0
2025-11-25 07:00:00,41.4,39.1,910.0,29.5,14.2,62.0,123,17.5,61,11.4,0.0
2025-11-25 08:00:00,44.7,42.5,1045.0,34.7,16.2,64.0,122,18.3,57,12.2,0.0
2025-11-25 09:00:00,45.3,43.3,969.0,30.2,20.2,83.0,120,20.0,50,13.5,0.0
2025-11-25 10:00:00,44.1,41.7,785.0,20.7,25.0,111.0,119,22.4,45,15.6,0.0
2025-11-25 11:00:00,45.3,42.8,627.0,12.8,27.8,133.0,118,24.4,37,15.9,0.0
2025-11-25 12:00:00,38.4,36.3,530.0,8.2,26.7,145.0,119,25.8,33,15.9,0.0
2025-11-25 13:00:00,34.7,32.8,459.0,5.1,23.5,152.0,119,26.8,30,13.7,0.0
2025-11-25 14:00:00,35.3,33.4,437.0,4.7,21.1,153.0,120,27.5,25,10.1,0.0
2025-11-25 15:00:00,35.6,33.8,480.0,7.9,20.6,149.0,120,27.8,23,8.5,0.0
2025-11-25 16:00:00,36.3,34.5,572.0,13.8,20.7,139.0,121,27.7,24,9.6,0.0
2025-11-25 17:00:00,30.2,29.5,688.0,19.4,21.3,126.0,122,27.5,26,8.7,0.0
2025-11-25 18:00:00,40.9,40.5,861.0,31.1,21.3,104.0,122,26.0,36,5.8,0.0
2025-11-25 19:00:00,43.8,43.4,1059.0,46.7,21.3,75.0,120,24.0,47,5.1,0.0
2025-11-25 20:00:00,42.4,41.9,1158.0,55.1,21.1,55.0,117,22.3,55,6.4,0.0
2025-11-25 21:00:00,42.0,41.4,1081.0,49.7,20.7,55.0,113,21.2,56,8.4,0.0
2025-11-25 22:00:00,43.2,42.4,905.0,37.1,20.3,66.0,110,20.7,55,8.8,0.0
2025-11-25 23:00:00,44.6,43.7,742.0,26.1,19.8,75.0,109,20.5,51,9.0,0.0
2025-11-26 00:00:00,45.1,44.0,621.0,19.9,19.4,80.0,108,20.0,53,9.0,0.0
2025-11-26 01:00:00,45.1,43.9,512.0,15.3,19.1,83.0,108,19.5,55,8.5,0.0
2025-11-26 02:00:00,45.2,43.9,436.0,11.9,18.8,86.0,109,19.1,57,8.4,0.0
2025-11-26 03:00:00,45.4,44.1,381.0,8.7,18.5,89.0,110,19.0,56,7.6,0.0
2025-11-26 04:00:00,45.9,44.5,358.0,6.6,18.3,92.0,110,18.7,59,6.9,0.0
2025-11-26 05:00:00,46.2,44.9,421.0,7.9,18.5,91.0,111,18.3,63,7.6,0.0
2025-11-26 06:00:00,47.1,45.9,665.0,16.9,19.4,81.0,112,18.0,65,6.6,0.0
2025-11-26 07:00:00,50.6,49.4,995.0,28.9,20.7,68.0,113,18.0,64,6.7,0.0
2025-11-26 08:00:00,54.7,53.6,1182.0,35.5,21.7,65.0,114,18.5,60,6.7,0.0
2025-11-26 09:00:00,55.4,54.2,1089.0,31.7,22.2,80.0,115,20.7,43,7.8,0.0
2025-11-26 10:00:00,50.9,49.6,853.0,22.4,22.4,104.0,116,22.5,39,11.0,0.0
2025-11-26 11:00:00,37.8,36.7,652.0,14.5,21.9,125.0,117,24.8,32,8.7,0.0
2025-11-26 12:00:00,26.1,25.1,541.0,9.5,19.9,138.0,116,26.4,30,10.0,0.0
2025-11-26 13:00:00,22.9,21.7,466.0,5.8,17.2,147.0,115,27.7,27,8.5,0.0
2025-11-26 14:00:00,22.4,21.1,445.0,5.1,15.4,150.0,114,28.6,24,6.1,0.0
2025-11-26 15:00:00,22.0,20.8,457.0,8.5,15.4,146.0,113,28.9,23,6.3,0.0
2025-11-26 16:00:00,21.9,20.7,523.0,14.9,16.3,135.0,111,28.5,25,7.8,0.0
2025-11-26 17:00:00,32.7,31.4,724.0,26.1,18.7,120.0,110,27.3,33,10.5,0.0
2025-11-26 18:00:00,47.0,46.1,1241.0,44.3,19.1,93.0,110,25.8,40,9.1,0.0
2025-11-26 19:00:00,49.2,48.5,1892.0,68.7,19.6,55.0,111,24.6,49,5.3,0.0
2025-11-26 20:00:00,40.6,40.2,2220.0,81.4,19.3,32.0,111,23.6,54,2.9,0.0
2025-11-26 21:00:00,34.5,34.0,1923.0,71.7,17.5,35.0,111,22.5,57,4.1,0.0
2025-11-26 22:00:00,31.4,31.0,1301.0,50.4,14.9,52.0,110,21.5,56,5.8,0.0
2025-11-26 23:00:00,30.6,29.9,799.0,32.3,12.8,67.0,109,20.5,51,7.2,0.0
2025-11-27 00:00:00,31.2,30.4,591.0,22.7,11.7,75.0,108,19.9,52,7.4,0.0
2025-11-27 01:00:00,32.6,31.7,503.0,16.3,11.1,81.0,106,19.5,52,8.0,0.0
2025-11-27 02:00:00,34.3,33.3,450.0,11.6,10.9,87.0,105,19.2,51,8.9,0.0
2025-11-27 03:00:00,35.7,34.6,399.0,7.9,11.1,93.0,104,18.9,52,9.9,0.0
2025-11-27 04:00:00,36.7,35.5,384.0,5.8,11.7,98.0,103,18.8,52,10.6,0.0
2025-11-27 05:00:00,36.2,35.0,423.0,7.9,12.1,90.0,102,18.3,52,9.8,0.0
2025-11-27 06:00:00,37.1,36.0,571.0,14.2,13.4,86.0,101,18.2,53,10.5,0.0
2025-11-27 07:00:00,39.8,38.6,774.0,22.7,15.2,80.0,100,18.1,52,10.8,0.0
2025-11-27 08:00:00,42.3,41.1,885.0,27.0,17.1,81.0,99,18.6,50,11.2,0.0
2025-11-27 09:00:00,42.6,41.7,817.0,23.3,19.2,93.0,98,20.3,44,12.0,0.0
2025-11-27 10:00:00,38.3,37.1,657.0,15.6,21.3,112.0,97,22.7,37,15.9,0.0
2025-11-27 11:00:00,29.9,29.0,526.0,9.2,22.1,127.0,96,24.4,34,19.6,0.0
2025-11-27 12:00:00,25.6,24.5,460.0,6.0,20.4,136.0,95,26.4,29,22.9,0.0
2025-11-27 13:00:00,26.4,25.1,421.0,4.2,17.4,141.0,95,27.4,25,23.5,0.0
2025-11-27 14:00:00,26.7,25.4,420.0,4.2,15.2,143.0,95,28.0,23,22.8,0.0
2025-11-27 15:00:00,27.2,25.8,469.0,6.4,14.7,141.0,96,28.2,22,20.4,0.0
2025-11-27 16:00:00,27.9,26.7,556.0,10.3,15.0,135.0,96,27.9,22,18.6,0.0
2025-11-27 17:00:00,32.0,31.2,649.0,15.4,16.1,126.0,97,27.6,24,18.7,0.0
2025-11-27 18:00:00,38.1,37.5,762.0,21.4,16.9,113.0,96,26.0,29,15.3,0.0
2025-11-27 19:00:00,40.5,39.9,883.0,29.4,18.0,95.0,96,24.4,32,14.3,0.0
2025-11-27 20:00:00,39.9,39.5,938.0,33.5,18.9,83.0,95,23.2,36,13.4,0.0
2025-11-27 21:00:00,38.4,37.8,882.0,30.4,19.4,83.0,95,22.5,39,14.4,0.0
2025-11-27 22:00:00,36.8,36.3,761.0,23.4,19.7,89.0,95,21.8,41,14.9,0.0
2025-11-27 23:00:00,35.0,34.5,644.0,17.0,19.8,96.0,96,21.1,41,16.4,0.0
2025-11-28 00:00:00,33.2,32.6,546.0,12.5,19.6,102.0,96,20.9,41,16.6,0.0
2025-11-28 01:00:00,31.9,31.3,452.0,8.7,19.1,107.0,96,20.5,42,16.7,0.0
2025-11-28 02:00:00,31.5,31.1,391.0,6.0,18.8,111.0,96,20.2,43,17.2,0.0
2025-11-28 03:00:00,31.9,31.4,366.0,4.3,18.7,112.0,96,19.9,44,17.2,0.0
2025-11-28 04:00:00,32.5,31.9,374.0,3.7,18.7,111.0,96,19.7,45,17.3,0.0
2025-11-28 05:00:00,32.2,31.5,438.0,5.8,19.0,104.0,95,19.2,45,14.5,0.0
2025-11-28 06:00:00,32.9,32.2,617.0,12.2,19.7,97.0,95,19.1,46,14.1,0.0
2025-11-28 07:00:00,35.4,34.6,853.0,20.7,20.6,88.0,95,18.9,47,13.5,0.0
2025-11-28 08:00:00,38.3,37.5,994.0,25.4,21.6,86.0,94,19.2,47,13.0,0.0
2025-11-28 09:00:00,39.6,38.6,955.0,22.7,22.9,99.0,94,20.2,45,14.0,0.0
2025-11-28 10:00:00,40.5,39.1,822.0,16.1,24.2,118.0,94,22.2,38,16.3,0.0
2025-11-28 11:00:00,43.0,41.2,699.0,10.6,24.5,135.0,94,23.7,33,19.7,0.0
2025-11-28 12:00:00,42.8,41.1,608.0,7.3,22.7,145.0,95,25.4,27,21.3,0.0
2025-11-28 13:00:00,40.7,39.0,528.0,4.9,19.9,151.0,97,26.5,24,20.8,0.0
2025-11-28 14:00:00,39.6,37.7,496.0,4.8,17.9,153.0,98,27.1,23,20.0,0.0
2025-11-28 15:00:00,39.2,37.4,537.0,7.9,17.8,149.0,99,27.4,23,18.7,0.0
2025-11-28 16:00:00,39.7,38.0,626.0,13.2,18.5,140.0,100,27.2,22,17.3,0.0
2025-11-28 17:00:00,34.9,34.0,730.0,19.0,19.8,128.0,101,27.1,22,16.8,0.0
2025-11-28 18:00:00,42.3,41.6,864.0,25.9,20.0,112.0,105,25.5,29,14.5,0.0
2025-11-28 19:00:00,44.4,43.8,1012.0,35.2,20.2,91.0,103,24.0,34,13.6,0.0
2025-11-28 20:00:00,44.1,43.5,1094.0,40.1,20.6,77.0,102,23.0,37,13.0,0.0
2025-11-28 21:00:00,44.2,43.7,1066.0,36.7,21.2,77.0,103,22.0,43,11.2,0.0
2025-11-28 22:00:00,44.8,44.0,972.0,29.0,21.9,85.0,103,21.0,48,10.4,0.0
2025-11-28 23:00:00,45.1,44.2,868.0,21.9,22.2,93.0,104,20.5,49,12.2,0.0
2025-11-29 00:00:00,44.1,43.3,760.0,16.8,21.9,98.0,105,20.0,52,11.7,0.0
2025-11-29 01:00:00,42.7,41.9,643.0,12.3,21.2,103.0,106,19.6,53,11.5,0.0
2025-11-29 02:00:00,41.6,40.7,556.0,9.0,20.8,107.0,107,19.1,54,11.5,0.0
2025-11-29 03:00:00,40.5,39.7,500.0,6.4,20.7,109.0,108,18.7,55,11.6,0.0
2025-11-29 04:00:00,39.8,39.0,474.0,5.0,20.7,109.0,109,18.4,54,11.6,0.0
2025-11-29 05:00:00,40.0,39.2,514.0,6.8,20.9,104.0,110,18.2,52,12.1,0.0
2025-11-29 06:00:00,40.5,39.7,686.0,14.7,22.0,95.0,111,18.0,52,11.9,0.0
2025-11-29 07:00:00,43.4,42.5,924.0,25.3,23.5,83.0,112,17.7,53,11.4,0.0
2025-11-29 08:00:00,47.1,46.3,1061.0,31.1,25.2,81.0,112,17.9,52,11.3,0.0
2025-11-29 09:00:00,48.1,47.3,1002.0,27.5,27.5,97.0,113,19.2,45,12.4,0.0
2025-11-29 10:00:00,46.9,45.8,843.0,19.2,30.0,122.0,114,21.3,38,15.0,0.0
2025-11-29 11:00:00,47.0,45.5,701.0,12.2,31.1,142.0,115,23.1,34,14.8,0.0
2025-11-29 12:00:00,46.4,44.6,603.0,8.3,29.4,154.0,115,24.8,28,17.1,0.0
2025-11-29 13:00:00,44.1,42.3,523.0,5.7,26.2,161.0,116,25.8,28,16.4,0.0
2025-11-29 14:00:00,42.7,40.9,499.0,5.7,23.9,163.0,116,26.6,27,16.3,0.0
2025-11-29 15:00:00,42.0,40.3,553.0,8.8,23.7,159.0,116,26.9,26,15.5,0.0
2025-11-29 16:00:00,42.4,40.7,663.0,14.4,24.4,150.0,117,26.8,26,14.6,0.0
2025-11-29 17:00:00,25.8,25.4,799.0,19.2,24.6,139.0,117,27.1,26,13.3,0.0
2025-11-29 18:00:00,38.2,37.8,996.0,29.3,23.9,118.0,120,25.8,33,10.9,0.0
2025-11-29 19:00:00,40.5,40.3,1220.0,42.9,22.9,90.0,119,24.5,36,11.0,0.0
2025-11-29 20:00:00,39.0,38.8,1338.0,49.9,22.0,72.0,115,23.5,39,11.2,0.0
2025-11-29 21:00:00,38.9,38.4,1266.0,44.3,21.4,73.0,115,22.4,43,10.5,0.0
2025-11-29 22:00:00,39.6,39.1,1088.0,32.2,20.8,83.0,114,21.1,49,9.4,0.0
2025-11-29 23:00:00,39.8,39.2,923.0,22.0,20.4,91.0,114,20.2,52,9.7,0.0
2025-11-30 00:00:00,38.9,38.4,808.0,17.0,20.1,93.0,113,19.5,55,9.2,0.0
2025-11-30 01:00:00,37.4,36.8,707.0,14.1,19.8,93.0,113,18.8,58,8.7,0.0
2025-11-30 02:00:00,36.1,35.5,626.0,11.9,19.7,92.0,112,18.3,59,8.5,0.0
2025-11-30 03:00:00,35.2,34.6,546.0,9.4,19.5,92.0,112,18.3,55,8.0,0.0
2025-11-30 04:00:00,34.6,34.0,486.0,7.8,19.5,92.0,111,18.0,56,7.9,0.0
2025-11-30 05:00:00,34.7,34.1,514.0,10.0,19.3,86.0,111,17.7,58,8.2,0.0
2025-11-30 06:00:00,35.3,34.7,714.0,19.9,20.4,76.0,110,17.5,59,8.0,0.0
2025-11-30 07:00:00,39.0,38.4,1001.0,33.1,22.1,62.0,110,17.1,59,7.6,0.0
2025-11-30 08:00:00,44.5,43.9,1186.0,40.0,24.1,61.0,109,17.1,58,8.0,0.0
2025-11-30 09:00:00,49.6,49.1,1182.0,34.7,26.9,82.0,109,19.1,44,8.5,0.0
2025-11-30 10:00:00,47.1,46.3,1077.0,23.0,30.0,115.0,109,21.0,37,9.0,0.0
2025-11-30 11:00:00,38.1,36.9,946.0,13.7,32.5,141.0,109,23.9,30,9.4,0.0
2025-11-30 12:00:00,31.7,30.7,770.0,9.3,33.7,153.0,108,25.9,23,11.2,0.0
2025-11-30 13:00:00,28.8,27.9,568.0,7.1,34.3,158.0,107,27.0,21,12.5,0.0
2025-11-30 14:00:00,27.5,26.6,469.0,7.7,34.8,157.0,105,27.4,23,13.0,0.0
2025-11-30 15:00:00,27.0,26.1,564.0,10.4,35.5,152.0,104,27.2,25,13.3,0.0
2025-11-30 16:00:00,26.5,25.7,762.0,15.9,36.0,142.0,102,26.6,28,13.0,0.0
2025-11-30 17:00:00,22.4,22.4,925.0,25.1,36.5,127.0,101,26.1,33,11.7,0.0
2025-11-30 18:00:00,38.1,38.0,965.0,44.1,35.3,99.0,110,24.8,41,8.7,0.0
2025-11-30 19:00:00,39.6,39.5,969.0,70.0,33.5,60.0,107,23.8,48,5.1,0.0
2025-11-30 20:00:00,38.1,38.1,1059.0,88.1,31.9,30.0,100,22.9,54,3.9,0.0
2025-11-30 21:00:00,38.4,38.3,1379.0,91.0,30.9,19.0,100,21.9,60,3.7,0.0
2025-11-30 22:00:00,40.2,39.9,1783.0,86.1,30.1,18.0,100,21.1,66,3.2,0.0
2025-11-30 23:00:00,41.8,41.6,1961.0,80.2,28.7,17.0,100,19.0,79,4.7,0.0
2025-12-01 00:00:00,42.7,42.6,1704.0,75.9,25.9,13.0,101,18.0,83,4.8,0.0
2025-12-01 01:00:00,42.5,42.3,1220.0,70.7,22.4,11.0,101,17.6,85,4.5,0.0
2025-12-01 02:00:00,41.8,41.6,817.0,63.7,19.9,12.0,102,17.3,86,4.5,0.0
2025-12-01 03:00:00,39.2,38.9,545.0,51.8,19.0,21.0,102,17.1,87,4.8,0.0
2025-12-01 04:00:00,33.9,33.5,354.0,38.2,18.9,35.0,103,16.6,89,4.9,0.0
2025-12-01 05:00:00,29.3,28.6,404.0,30.9,19.3,44.0,103,16.3,92,5.5,0.0
2025-12-01 06:00:00,28.2,27.2,945.0,40.2,20.3,34.0,102,15.7,95,6.1,0.0
2025-12-01 07:00:00,34.0,32.8,1727.0,52.4,21.7,21.0,101,15.5,95,6.6,0.0
2025-12-01 08:00:00,45.5,44.4,2159.0,57.1,23.2,20.0,101,16.1,92,6.2,0.0
2025-12-01 09:00:00,39.5,37.6,1893.0,47.0,24.9,43.0,101,18.7,80,6.5,0.0
2025-12-01 10:00:00,33.1,28.3,1278.0,29.5,26.7,79.0,100,22.1,50,8.9,0.0
2025-12-01 11:00:00,31.1,22.5,764.0,15.5,27.8,106.0,98,24.6,30,10.3,0.0
2025-12-01 12:00:00,29.6,20.0,507.0,9.4,27.7,118.0,97,25.7,22,13.3,0.0
2025-12-01 13:00:00,28.5,18.9,351.0,7.0,26.9,121.0,96,26.1,20,15.3,0.0
2025-12-01 14:00:00,27.8,18.0,286.0,6.6,26.2,121.0,95,26.2,20,16.8,0.0
2025-12-01 15:00:00,27.9,17.6,311.0,6.6,26.1,120.0,94,25.9,22,16.1,0.0
2025-12-01 16:00:00,27.9,17.4,426.0,8.7,26.1,114.0,93,25.5,25,13.9,0.0
2025-12-01 17:00:00,24.6,16.0,618.0,15.7,24.9,102.0,93,25.4,28,11.2,0.0
2025-12-01 18:00:00,32.1,25.8,929.0,32.5,24.0,78.0,92,24.1,37,8.4,0.0
2025-12-01 19:00:00,36.1,30.3,1317.0,55.7,22.9,45.0,91,23.1,45,5.9,0.0
2025-12-01 20:00:00,37.4,31.7,1646.0,73.0,22.0,21.0,90,22.1,52,4.4,0.0
2025-12-01 21:00:00,38.9,32.9,1900.0,79.6,22.0,12.0,90,21.5,56,2.5,0.0
2025-12-01 22:00:00,41.9,35.0,2096.0,80.4,22.4,12.0,89,21.4,57,0.8,0.0
2025-12-01 23:00:00,45.9,37.5,2146.0,77.0,22.1,15.0,89,20.7,61,0.5,0.0
2025-12-02 00:00:00,44.5,35.4,1977.0,67.7,20.6,23.0,88,20.3,63,2.0,0.0
2025-12-02 01:00:00,41.6,32.7,1662.0,54.4,18.5,34.0,88,18.0,73,5.4,0.0
2025-12-02 02:00:00,41.1,31.9,1338.0,44.4,16.6,39.0,87,15.5,84,7.1,0.0
2025-12-02 03:00:00,41.2,32.4,982.0,41.0,14.7,33.0,86,15.6,80,7.9,0.0
2025-12-02 04:00:00,37.6,31.2,615.0,41.0,13.0,21.0,85,15.9,73,7.9,0.0
2025-12-02 05:00:00,39.2,33.4,441.0,45.6,15.5,13.0,85,15.8,71,7.6,0.0
2025-12-02 06:00:00,36.1,31.9,629.0,46.8,16.3,9.0,86,15.4,70,7.9,0.0
2025-12-02 07:00:00,40.5,36.7,1009.0,48.3,17.7,5.0,86,15.2,67,7.4,0.0
2025-12-02 08:00:00,47.6,44.9,1274.0,47.2,21.3,12.0,86,15.5,62,7.7,0.0
2025-12-02 09:00:00,43.9,40.6,1289.0,41.6,29.1,38.0,87,17.3,47,7.9,0.0
2025-12-02 10:00:00,40.0,33.9,1189.0,33.6,39.2,74.0,87,19.9,42,7.7,0.0
2025-12-02 11:00:00,42.7,30.9,1067.0,26.3,46.9,105.0,87,22.9,35,5.9,0.0
2025-12-02 12:00:00,48.3,29.8,918.0,20.5,50.3,125.0,88,24.8,31,4.2,0.0
2025-12-02 13:00:00,51.2,30.3,747.0,15.6,51.4,139.0,89,25.9,28,1.8,0.0
2025-12-02 14:00:00,49.6,30.5,661.0,12.8,51.6,148.0,90,26.6,24,1.0,0.0
2025-12-02 15:00:00,48.1,31.0,666.0,10.3,51.1,156.0,91,26.5,26,5.2,0.0
2025-12-02 16:00:00,47.1,31.5,756.0,10.0,49.7,159.0,92,25.4,34,8.8,0.0
2025-12-02 17:00:00,44.1,29.5,1022.0,18.0,52.6,151.0,93,25.1,37,8.7,0.0
2025-12-02 18:00:00,61.7,49.2,1707.0,48.1,52.5,111.0,95,23.9,44,7.3,0.0
2025-12-02 19:00:00,70.8,60.5,2568.0,89.0,52.1,56.0,99,22.7,51,5.2,0.0
2025-12-02 20:00:00,72.6,64.5,2966.0,116.3,50.6,17.0,99,21.7,56,3.6,0.0
2025-12-02 21:00:00,74.7,68.0,2460.0,118.2,47.6,7.0,103,21.0,59,2.2,0.0
2025-12-02 22:00:00,70.5,65.7,1491.0,106.4,43.4,12.0,106,19.1,70,5.1,0.0
2025-12-02 23:00:00,56.9,54.4,739.0,91.3,38.2,20.0,110,18.2,79,4.9,0.0
2025-12-03 00:00:00,45.9,44.4,494.0,74.2,31.0,30.0,111,17.3,83,6.0,0.0
2025-12-03 01:00:00,38.1,37.0,465.0,53.8,22.7,43.0,112,16.9,81,6.2,0.0
2025-12-03 02:00:00,32.9,32.0,461.0,36.6,16.3,55.0,113,16.5,79,7.2,0.0
2025-12-03 03:00:00,29.0,27.9,394.0,24.0,13.2,64.0,113,16.2,76,7.7,0.0
2025-12-03 04:00:00,25.5,24.3,351.0,14.6,12.0,71.0,112,16.0,74,8.2,0.0
2025-12-03 05:00:00,24.7,23.6,406.0,12.8,11.8,64.0,112,15.9,73,7.5,0.0
2025-12-03 06:00:00,23.4,22.2,657.0,21.5,12.7,56.0,111,15.6,73,7.7,0.0
2025-12-03 07:00:00,25.6,24.3,1006.0,33.2,14.0,46.0,110,15.3,71,7.2,0.0
2025-12-03 08:00:00,29.5,28.3,1226.0,39.1,15.2,46.0,108,15.5,68,8.2,0.0
2025-12-03 09:00:00,32.0,31.2,1207.0,33.8,16.2,67.0,106,17.4,51,9.5,0.0
2025-12-03 10:00:00,27.6,26.1,1059.0,22.8,17.1,98.0,106,19.7,47,9.2,0.0
2025-12-03 11:00:00,24.0,21.8,887.0,13.7,17.5,123.0,105,22.8,30,11.9,0.0
2025-12-03 12:00:00,21.6,19.2,688.0,9.3,17.0,135.0,104,25.0,22,14.8,0.0
2025-12-03 13:00:00,20.4,18.0,464.0,6.8,16.0,140.0,103,26.1,17,16.6,0.0
2025-12-03 14:00:00,19.6,17.5,335.0,6.0,15.2,142.0,101,26.8,16,16.8,0.0
2025-12-03 15:00:00,19.0,17.0,373.0,6.9,14.8,140.0,100,27.2,17,17.5,0.0
2025-12-03 16:00:00,18.7,16.9,505.0,9.5,14.7,135.0,99,27.1,17,18.2,0.0
2025-12-03 17:00:00,20.2,18.6,627.0,12.9,14.7,124.0,97,27.0,18,16.3,0.0
2025-12-03 18:00:00,26.7,25.6,719.0,18.6,14.6,109.0,97,25.2,25,13.0,0.0
2025-12-03 19:00:00,28.6,27.6,800.0,26.2,14.5,89.0,94,24.0,29,9.4,0.0
2025-12-03 20:00:00,28.6,27.5,829.0,30.9,14.4,74.0,91,22.4,34,11.0,0.0
2025-12-03 21:00:00,29.6,28.3,770.0,30.0,14.4,68.0,88,21.2,37,10.1,0.0
2025-12-03 22:00:00,30.9,29.4,658.0,26.0,14.5,68.0,85,20.0,41,10.0,0.0
2025-12-03 23:00:00,31.3,29.8,555.0,21.7,14.4,69.0,81,19.5,41,11.5,0.0
2025-12-04 00:00:00,31.1,29.4,475.0,17.5,13.9,73.0,79,18.9,44,10.8,0.0
2025-12-04 01:00:00,30.5,28.8,404.0,13.0,13.3,78.0,78,18.5,47,10.3,0.0
2025-12-04 02:00:00,30.2,28.5,356.0,9.5,13.0,83.0,77,18.0,50,9.8,0.0
2025-12-04 03:00:00,29.9,28.2,321.0,7.0,13.3,86.0,77,17.5,52,9.9,0.0
2025-12-04 04:00:00,29.6,28.0,310.0,5.5,13.9,87.0,77,17.2,53,10.0,0.0
2025-12-04 05:00:00,29.6,28.1,370.0,6.9,14.5,84.0,77,17.0,51,10.2,0.0
2025-12-04 06:00:00,29.8,28.4,578.0,12.8,15.9,78.0,78,16.9,51,10.0,0.0
2025-12-04 07:00:00,31.5,30.4,857.0,20.8,17.8,70.0,78,16.7,52,10.0,0.0
2025-12-04 08:00:00,33.6,32.6,1023.0,25.1,19.4,69.0,79,17.1,50,10.5,0.0
2025-12-04 09:00:00,33.9,33.1,974.0,22.2,20.6,80.0,79,18.7,42,13.0,0.0
2025-12-04 10:00:00,30.9,30.0,812.0,15.6,21.4,97.0,79,21.2,35,16.1,0.0
2025-12-04 11:00:00,25.4,24.8,665.0,10.2,21.7,113.0,80,24.1,28,16.6,0.0
2025-12-04 12:00:00,21.9,21.5,554.0,7.4,20.9,125.0,80,26.4,23,17.9,0.0
2025-12-04 13:00:00,20.8,20.4,457.0,5.7,19.4,135.0,80,27.7,21,15.8,0.0
2025-12-04 14:00:00,20.7,20.3,436.0,5.4,18.4,140.0,80,28.3,20,12.8,0.0
2025-12-04 15:00:00,20.8,20.4,529.0,5.9,18.4,140.0,81,28.5,20,11.5,0.0
2025-12-04 16:00:00,20.7,20.3,697.0,7.9,18.9,135.0,81,28.2,21,9.9,0.0
2025-12-04 17:00:00,15.7,15.6,883.0,13.8,21.4,124.0,81,27.9,22,7.6,0.0
2025-12-04 18:00:00,27.6,27.5,1120.0,29.0,20.7,99.0,81,26.3,33,3.4,0.0
2025-12-04 19:00:00,30.5,30.5,1376.0,49.4,19.6,64.0,82,24.5,44,2.5,0.0
2025-12-04 20:00:00,27.4,27.4,1495.0,61.1,18.3,41.0,81,22.8,51,3.8,0.0
2025-12-04 21:00:00,24.3,24.3,1371.0,55.6,16.6,42.0,81,21.1,55,5.2,0.0
2025-12-04 22:00:00,22.3,22.3,1110.0,41.3,14.8,54.0,81,20.2,55,5.8,0.0
2025-12-04 23:00:00,21.5,21.4,881.0,29.2,13.3,64.0,80,19.5,48,6.8,0.0
2025-12-05 00:00:00,21.0,20.9,741.0,23.2,12.5,66.0,80,18.6,51,6.9,0.0
2025-12-05 01:00:00,20.1,20.0,632.0,19.3,12.1,66.0,79,17.8,53,6.7,0.0
2025-12-05 02:00:00,19.2,19.0,547.0,16.5,11.9,65.0,78,17.1,57,6.5,0.0
2025-12-05 03:00:00,18.3,18.2,447.0,13.7,11.7,64.0,77,16.4,62,6.9,0.0
2025-12-05 04:00:00,17.6,17.4,372.0,12.0,11.7,61.0,76,15.9,65,7.4,0.0
2025-12-05 05:00:00,17.7,17.6,432.0,14.5,11.5,53.0,75,15.0,67,7.2,0.0
2025-12-05 06:00:00,18.5,18.4,762.0,24.6,12.8,40.0,74,14.8,66,7.7,0.0
2025-12-05 07:00:00,23.6,23.4,1227.0,38.1,14.7,24.0,74,14.6,64,7.7,0.0
2025-12-05 08:00:00,31.4,31.3,1540.0,45.2,17.4,21.0,73,15.1,61,7.9,0.0
2025-12-05 09:00:00,30.4,30.3,1570.0,39.9,21.6,45.0,73,17.3,44,8.4,0.0
2025-12-05 10:00:00,26.5,26.3,1447.0,28.2,26.5,82.0,73,20.2,39,7.9,0.0
2025-12-05 11:00:00,18.0,17.8,1275.0,18.3,29.7,113.0,72,23.6,29,6.9,0.0
2025-12-05 12:00:00,18.7,18.5,1019.0,12.9,29.9,131.0,72,26.1,23,7.4,0.0
2025-12-05 13:00:00,19.0,18.7,713.0,9.4,28.3,143.0,71,27.3,20,6.2,0.0
2025-12-05 14:00:00,18.4,18.0,562.0,7.9,26.4,149.0,71,28.1,19,5.4,0.0
2025-12-05 15:00:00,17.4,17.0,659.0,6.9,24.3,150.0,71,28.5,19,4.8,0.0
2025-12-05 16:00:00,16.4,16.0,911.0,7.9,21.9,144.0,71,28.3,22,4.3,0.0
2025-12-05 17:00:00,16.2,15.9,1241.0,15.8,21.1,126.0,70,28.4,22,1.8,0.0
2025-12-05 18:00:00,30.6,30.4,1769.0,33.9,19.9,98.0,87,26.6,33,4.3,0.0
2025-12-05 19:00:00,36.6,36.4,2375.0,58.3,18.3,59.0,91,24.2,49,4.3,0.0
2025-12-05 20:00:00,28.5,28.4,2623.0,71.9,16.6,34.0,79,22.7,60,1.5,0.0
2025-12-05 21:00:00,23.9,23.9,2190.0,64.6,14.9,35.0,71,22.0,59,4.1,0.0
2025-12-05 22:00:00,22.8,22.7,1398.0,46.6,13.1,50.0,71,21.2,55,5.6,0.0
2025-12-05 23:00:00,22.7,22.6,780.0,31.2,11.8,62.0,71,20.4,52,7.6,0.0
2025-12-06 00:00:00,22.4,22.3,563.0,23.5,11.1,65.0,71,19.6,53,7.2,0.0
2025-12-06 01:00:00,21.2,21.1,519.0,18.4,10.8,66.0,71,19.2,53,8.2,0.0
2025-12-06 02:00:00,19.6,19.4,495.0,14.6,10.7,67.0,72,18.9,54,6.2,0.0
2025-12-06 03:00:00,17.8,17.6,412.0,11.0,10.5,69.0,72,18.4,57,7.6,0.0
2025-12-06 04:00:00,16.4,16.2,348.0,8.7,10.4,72.0,72,18.5,56,7.3,0.0
2025-12-06 05:00:00,16.5,16.4,391.0,10.2,10.6,68.0,71,17.9,62,6.5,0.0
2025-12-06 06:00:00,16.5,16.4,648.0,17.2,11.5,62.0,71,17.7,63,7.1,0.0
2025-12-06 07:00:00,19.2,19.0,1011.0,26.7,12.9,54.0,71,17.5,63,7.9,0.0
2025-12-06 08:00:00,23.1,22.8,1239.0,32.3,14.0,52.0,71,18.0,59,7.7,0.0
2025-12-06 09:00:00,26.4,26.2,1210.0,30.5,14.7,60.0,70,19.6,50,8.2,0.0
2025-12-06 10:00:00,24.9,24.7,1046.0,24.7,15.1,74.0,70,21.4,41,10.2,0.0
2025-12-06 11:00:00,21.7,21.4,873.0,19.1,15.8,89.0,70,23.7,31,15.0,0.0
2025-12-06 12:00:00,17.1,16.9,704.0,14.1,17.1,105.0,70,25.8,26,18.0,0.0
2025-12-06 13:00:00,17.5,17.4,527.0,9.2,18.5,120.0,70,27.4,22,19.0,0.0
2025-12-06 14:00:00,18.7,18.6,428.0,7.0,19.4,130.0,70,28.3,21,18.7,0.0
2025-12-06 15:00:00,19.4,19.2,460.0,9.4,19.2,129.0,70,28.6,21,16.0,0.0
2025-12-06 16:00:00,19.8,19.6,571.0,14.5,18.4,122.0,70,28.4,21,15.1,0.0
2025-12-06 17:00:00,30.7,30.5,690.0,22.3,19.9,109.0,70,28.2,23,12.3,0.0
2025-12-06 18:00:00,38.6,38.4,822.0,28.4,18.8,95.0,71,26.5,31,9.0,0.0
2025-12-06 19:00:00,40.0,39.8,962.0,36.5,17.4,76.0,72,25.0,34,8.8,0.0
2025-12-06 20:00:00,38.5,38.3,1022.0,40.6,16.1,63.0,72,23.7,37,9.3,0.0
2025-12-06 21:00:00,38.0,37.7,939.0,37.0,15.4,61.0,73,22.6,40,8.3,0.0
2025-12-06 22:00:00,39.1,38.9,775.0,29.4,14.9,64.0,75,21.4,45,7.9,0.0
2025-12-06 23:00:00,41.6,41.2,632.0,22.8,14.4,66.0,76,20.1,48,9.0,0.0
2025-12-07 00:00:00,43.8,43.3,544.0,19.2,13.8,65.0,78,19.3,51,8.2,0.0
2025-12-07 01:00:00,45.4,45.1,476.0,16.7,13.1,64.0,80,18.7,53,7.7,0.0
2025-12-07 02:00:00,46.7,46.2,429.0,14.6,12.7,63.0,82,18.2,55,7.1,0.0
2025-12-07 03:00:00,47.5,46.9,378.0,12.0,12.5,63.0,84,17.8,57,7.1,0.0
2025-12-07 04:00:00,47.8,47.3,347.0,9.9,12.6,64.0,87,17.4,59,7.2,0.0
2025-12-07 05:00:00,47.8,47.3,410.0,11.6,12.9,59.0,89,16.6,61,7.3,0.0
2025-12-07 06:00:00,48.4,47.8,656.0,19.4,14.0,51.0,92,16.2,62,6.8,0.0
2025-12-07 07:00:00,51.6,51.0,996.0,30.0,15.5,41.0,95,15.9,65,6.6,0.0
2025-12-07 08:00:00,56.6,56.0,1229.0,35.9,17.0,40.0,98,15.9,65,6.6,0.0
2025-12-07 09:00:00,59.8,59.4,1269.0,33.0,18.2,55.0,101,18.3,58,6.1,0.0
2025-12-07 10:00:00,58.0,57.4,1203.0,25.4,19.4,78.0,104,21.2,42,6.4,0.0
2025-12-07 11:00:00,53.2,52.6,1091.0,18.6,20.5,99.0,108,24.1,30,7.1,0.0
2025-12-07 12:00:00,39.8,39.5,901.0,13.4,21.5,114.0,111,26.2,25,6.5,0.0
2025-12-07 13:00:00,31.7,31.4,666.0,8.9,22.4,126.0,113,27.6,22,4.9,0.0
2025-12-07 14:00:00,28.9,28.6,538.0,7.6,23.5,133.0,115,28.5,20,3.9,0.0
2025-12-07 15:00:00,28.1,27.9,603.0,9.1,24.8,134.0,116,28.6,22,7.8,0.0
2025-12-07 16:00:00,28.2,28.1,776.0,13.8,26.2,130.0,117,27.3,27,12.1,0.0
2025-12-07 17:00:00,20.7,20.7,958.0,22.7,27.7,120.0,118,26.8,29,10.5,0.0
2025-12-07 18:00:00,44.1,44.1,1132.0,46.1,31.9,90.0,117,24.8,39,9.0,0.0
2025-12-07 19:00:00,58.0,57.9,1315.0,77.9,37.4,48.0,117,23.8,46,5.2,0.0
2025-12-07 20:00:00,64.3,64.3,1462.0,98.8,39.8,18.0,119,22.7,52,3.9,0.0
2025-12-07 21:00:00,59.5,59.5,1584.0,99.1,36.5,10.0,122,21.0,59,4.5,0.0
2025-12-07 22:00:00,49.9,49.9,1670.0,88.4,30.1,14.0,124,19.4,66,5.2,0.0
2025-12-07 23:00:00,42.4,42.4,1641.0,76.6,24.3,19.0,125,18.0,73,6.0,0.0
2025-12-08 00:00:00,39.2,39.2,1413.0,66.2,20.3,23.0,125,17.3,74,5.4,0.0
2025-12-08 01:00:00,38.1,38.1,1071.0,54.6,16.9,29.0,125,16.7,74,5.0,0.0
2025-12-08 02:00:00,37.6,37.5,788.0,43.6,14.4,35.0,124,16.0,76,5.5,0.0
2025-12-08 03:00:00,36.7,36.6,599.0,32.2,13.1,42.0,123,15.3,77,5.6,0.0
2025-12-08 04:00:00,35.7,35.5,469.0,21.5,12.8,49.0,122,14.8,78,5.9,0.0
2025-12-08 05:00:00,34.3,34.2,469.0,14.6,12.6,53.0,121,14.2,88,5.9,0.0
2025-12-08 06:00:00,34.6,34.3,702.0,22.3,13.8,44.0,120,14.0,86,6.6,0.0
2025-12-08 07:00:00,38.1,37.7,1066.0,32.6,15.6,32.0,118,14.1,80,6.9,0.0
2025-12-08 08:00:00,43.7,43.4,1322.0,38.5,17.1,31.0,117,14.6,75,6.9,0.0
2025-12-08 09:00:00,44.4,43.9,1377.0,36.2,18.3,49.0,115,17.3,58,7.4,0.0
2025-12-08 10:00:00,43.9,43.3,1324.0,29.6,19.4,77.0,114,20.3,44,6.9,0.0
2025-12-08 11:00:00,34.6,33.6,1208.0,22.9,19.9,102.0,112,24.4,31,6.1,0.0
2025-12-08 12:00:00,22.3,21.7,980.0,16.5,19.6,120.0,110,27.0,21,5.9,0.0
2025-12-08 13:00:00,18.2,17.7,689.0,10.0,18.9,135.0,109,28.6,18,7.4,0.0
2025-12-08 14:00:00,16.8,16.3,518.0,6.8,18.1,142.0,107,29.6,17,10.0,0.0
2025-12-08 15:00:00,15.9,15.5,574.0,8.4,17.4,139.0,106,30.2,17,9.9,0.0
2025-12-08 16:00:00,16.0,15.5,750.0,13.4,16.7,127.0,105,30.4,18,9.0,0.0
2025-12-08 17:00:00,16.7,16.6,916.0,21.6,18.5,114.0,103,30.2,19,5.1,0.0
2025-12-08 18:00:00,26.9,26.8,1053.0,35.0,18.2,92.0,103,28.5,25,1.8,0.0
2025-12-08 19:00:00,29.5,29.5,1179.0,53.0,17.8,63.0,101,27.2,27,2.9,0.0
2025-12-08 20:00:00,25.5,25.4,1215.0,62.5,17.2,44.0,98,24.9,34,4.6,0.0
2025-12-08 21:00:00,24.6,24.4,1095.0,55.6,16.3,45.0,95,22.9,42,5.2,0.0
2025-12-08 22:00:00,25.4,25.1,885.0,40.3,15.2,57.0,92,21.4,48,5.0,0.0
2025-12-08 23:00:00,27.0,26.4,699.0,27.5,14.2,66.0,90,20.4,48,6.0,0.0
2025-12-09 00:00:00,28.1,27.3,577.0,21.5,13.1,67.0,88,19.3,51,5.7,0.0
2025-12-09 01:00:00,28.2,27.1,479.0,18.0,12.1,66.0,87,18.4,53,6.4,0.0
2025-12-09 02:00:00,27.6,26.3,405.0,15.4,11.4,65.0,86,17.7,55,6.6,0.0
2025-12-09 03:00:00,26.9,25.2,322.0,12.4,11.1,66.0,85,17.0,59,6.7,0.0
2025-12-09 04:00:00,26.1,24.2,263.0,10.3,11.1,67.0,84,16.2,62,6.6,0.0
2025-12-09 05:00:00,25.1,23.3,322.0,12.3,11.3,60.0,83,15.5,70,6.3,0.0
2025-12-09 06:00:00,25.3,23.3,599.0,20.1,12.6,50.0,82,15.5,70,6.3,0.0
2025-12-09 07:00:00,28.2,25.9,994.0,30.8,14.4,37.0,81,15.4,64,6.2,0.0
2025-12-09 08:00:00,34.0,31.5,1309.0,37.7,16.5,35.0,80,15.3,62,6.7,0.0
2025-12-09 09:00:00,38.9,36.8,1497.0,37.9,18.5,51.0,79,17.5,57,7.4,0.0
2025-12-09 10:00:00,41.1,38.4,1603.0,34.3,20.8,78.0,78,21.4,35,7.6,0.0
2025-12-09 11:00:00,35.4,31.1,1567.0,29.4,23.4,102.0,78,25.4,28,5.7,0.0
2025-12-09 12:00:00,26.7,23.5,1253.0,22.2,27.0,122.0,78,28.0,22,5.4,0.0
2025-12-09 13:00:00,20.4,18.6,797.0,13.6,31.0,140.0,78,29.5,19,3.1,0.0
2025-12-09 14:00:00,18.3,16.8,536.0,9.0,33.7,150.0,78,30.4,18,0.5,0.0
2025-12-09 15:00:00,17.6,16.2,633.0,9.6,34.3,150.0,78,30.2,18,3.6,0.0
2025-12-09 16:00:00,17.8,16.5,926.0,14.2,33.5,142.0,78,28.4,30,9.9,0.0
2025-12-09 17:00:00,12.8,12.8,1269.0,18.7,36.2,138.0,78,28.7,30,9.7,0.0
2025-12-09 18:00:00,27.5,27.5,1661.0,39.9,34.3,103.0,84,26.0,46,8.0,0.0
2025-12-09 19:00:00,32.0,32.0,2102.0,68.8,31.7,55.0,89,24.6,48,4.7,0.0
2025-12-09 20:00:00,34.1,34.0,2449.0,88.7,30.4,19.0,79,23.3,51,3.0,0.0
2025-12-09 21:00:00,38.0,37.8,2685.0,90.9,32.4,8.0,79,22.4,53,1.8,0.0
2025-12-09 22:00:00,43.5,43.3,2828.0,84.1,35.6,10.0,80,21.4,53,2.8,0.0
2025-12-09 23:00:00,47.8,47.6,2784.0,76.8,36.2,13.0,82,18.0,68,5.9,0.0
2025-12-10 00:00:00,46.7,46.4,2450.0,71.7,31.5,12.0,84,17.2,70,6.6,0.0
2025-12-10 01:00:00,45.2,44.7,1930.0,66.1,24.2,12.0,85,16.8,65,6.3,0.0
2025-12-10 02:00:00,40.9,40.4,1440.0,61.3,18.2,12.0,87,16.2,67,6.3,0.0
2025-12-10 03:00:00,35.5,35.3,971.0,57.7,14.9,11.0,88,15.7,71,6.1,0.0
2025-12-10 04:00:00,30.7,30.6,534.0,54.9,13.0,11.0,89,15.1,74,6.2,0.0
2025-12-10 05:00:00,23.7,23.6,373.0,53.9,14.6,11.0,90,14.2,81,6.5,0.0
2025-12-10 06:00:00,23.4,23.3,726.0,51.4,14.5,6.0,90,13.8,82,6.5,0.0
2025-12-10 07:00:00,29.0,28.9,1355.0,47.9,14.8,2.0,90,13.6,80,6.7,0.0
2025-12-10 08:00:00,41.9,41.7,1801.0,44.5,18.7,8.0,90,13.9,75,6.9,0.0
2025-12-10 09:00:00,40.0,39.9,1876.0,42.3,29.5,35.0,91,16.7,63,6.9,0.0
2025-12-10 10:00:00,28.8,28.8,1766.0,40.1,43.9,74.0,91,21.1,36,6.1,0.0
2025-12-10 11:00:00,21.9,21.8,1572.0,36.1,54.5,107.0,90,25.3,28,2.8,0.0
2025-12-10 12:00:00,21.0,20.9,1262.0,27.4,58.2,131.0,89,27.6,24,2.1,0.0
2025-12-10 13:00:00,18.7,18.6,868.0,16.9,58.2,150.0,89,28.7,22,8.0,0.0
2025-12-10 14:00:00,18.0,17.9,584.0,10.5,56.2,160.0,89,28.3,29,13.3,0.0
2025-12-10 15:00:00,18.0,17.9,475.0,10.0,52.1,158.0,89,27.5,34,14.5,0.0
2025-12-10 16:00:00,17.4,17.3,476.0,13.8,46.0,147.0,89,27.0,32,13.9,0.0
2025-12-10 17:00:00,14.8,14.6,586.0,19.4,34.5,128.0,89,26.8,34,12.6,0.0
2025-12-10 18:00:00,22.9,22.8,882.0,38.4,32.5,95.0,91,24.9,46,8.3,0.0
2025-12-10 19:00:00,29.7,29.5,1288.0,64.6,29.7,50.0,95,23.3,57,5.1,0.0
2025-12-10 20:00:00,34.6,34.0,1573.0,83.9,27.8,16.0,89,22.0,65,3.3,0.0
2025-12-10 21:00:00,38.6,37.5,1645.0,90.6,28.0,4.0,89,21.3,70,2.5,0.0
2025-12-10 22:00:00,40.4,39.0,1597.0,90.5,29.1,4.0,89,20.7,73,2.2,0.0
2025-12-10 23:00:00,40.9,39.1,1476.0,86.4,28.9,8.0,89,20.0,81,2.9,0.0
2025-12-11 00:00:00,38.8,36.6,1252.0,77.9,26.2,14.0,88,19.2,83,2.7,0.0
2025-12-11 01:00:00,34.2,31.8,954.0,65.5,22.2,24.0,87,17.7,86,4.4,0.0
2025-12-11 02:00:00,29.0,26.4,718.0,53.6,18.9,33.0,86,16.0,90,5.0,0.0
2025-12-11 03:00:00,24.7,21.9,511.0,41.6,16.6,41.0,85,15.0,91,5.2,0.0
2025-12-11 04:00:00,21.8,18.9,364.0,30.0,15.0,48.0,83,14.3,92,5.3,0.0
2025-12-11 05:00:00,25.9,22.4,510.0,31.8,17.4,44.0,82,13.8,93,4.9,0.0
2025-12-11 06:00:00,26.3,22.6,1291.0,40.5,19.7,32.0,82,13.4,94,5.4,0.0
2025-12-11 07:00:00,32.1,28.3,2363.0,51.9,23.0,18.0,82,13.1,96,5.9,0.0
2025-12-11 08:00:00,45.3,41.6,2932.0,56.7,26.2,17.0,82,13.3,96,6.4,0.0
2025-12-11 09:00:00,52.5,49.9,2500.0,48.8,29.0,43.0,82,16.2,84,6.1,0.0
2025-12-11 10:00:00,30.6,25.4,1564.0,34.2,31.7,83.0,83,21.5,63,5.1,0.0
2025-12-11 11:00:00,27.7,21.7,818.0,22.0,33.8,116.0,83,24.6,61,3.3,0.0
2025-12-11 12:00:00,23.9,17.9,540.0,15.1,35.1,134.0,83,26.2,54,8.0,0.0
2025-12-11 13:00:00,22.3,16.5,452.0,10.6,35.7,145.0,82,26.7,53,10.8,0.0
2025-12-11 14:00:00,22.1,16.4,413.0,8.5,35.5,149.0,82,26.6,53,12.8,0.0
2025-12-11 15:00:00,20.8,15.5,352.0,7.9,34.2,144.0,82,26.3,52,13.8,0.0
2025-12-11 16:00:00,19.7,14.6,339.0,9.7,32.2,132.0,82,25.5,56,15.2,0.0
2025-12-11 17:00:00,12.1,10.9,443.0,15.4,28.8,111.0,82,25.4,56,12.6,0.0
2025-12-11 18:00:00,20.1,18.9,762.0,31.9,27.1,84.0,82,24.1,67,9.6,0.0
2025-12-11 19:00:00,26.0,24.4,1198.0,54.7,24.9,46.0,82,23.0,77,6.8,0.0
2025-12-11 20:00:00,28.3,26.7,1530.0,71.7,23.6,18.0,81,22.2,81,5.6,0.0
2025-12-11 21:00:00,31.8,29.9,1687.0,77.4,24.6,8.0,80,21.8,82,5.1,0.0
2025-12-11 22:00:00,37.3,35.0,1740.0,77.4,26.6,6.0,79,21.3,82,3.5,0.0
2025-12-11 23:00:00,42.3,39.7,1683.0,75.7,27.3,7.0,79,20.3,84,3.1,0.0
2025-12-12 00:00:00,43.9,40.9,1464.0,74.5,25.6,7.0,79,19.3,87,3.6,0.0
2025-12-12 01:00:00,41.0,37.8,1134.0,71.6,22.6,9.0,79,18.1,91,4.2,0.0
2025-12-12 02:00:00,35.7,32.2,845.0,65.4,19.7,13.0,80,16.8,96,4.4,0.0
2025-12-12 03:00:00,32.6,28.5,607.0,51.9,16.8,23.0,80,15.8,99,4.9,0.0
2025-12-12 04:00:00,32.2,27.1,410.0,34.9,14.0,35.0,81,15.2,100,5.1,0.0
2025-12-12 05:00:00,36.9,34.1,367.0,32.5,13.4,33.0,82,14.8,100,5.7,0.0
2025-12-12 06:00:00,33.3,30.7,616.0,35.3,13.7,28.0,83,14.4,100,6.1,0.0
2025-12-12 07:00:00,38.3,35.5,1019.0,39.0,14.2,23.0,83,14.0,100,6.6,0.0
2025-12-12 08:00:00,40.4,37.1,1284.0,39.8,15.7,26.0,84,14.4,98,6.6,0.0
2025-12-12 09:00:00,41.0,38.1,1277.0,35.4,19.1,45.0,84,16.8,87,6.1,0.0
2025-12-12 10:00:00,30.4,26.8,1130.0,28.1,23.5,72.0,83,19.7,71,4.8,0.0
2025-12-12 11:00:00,27.9,23.5,950.0,21.4,26.9,96.0,83,23.4,66,2.2,0.0
2025-12-12 12:00:00,26.7,21.9,732.0,16.0,28.7,114.0,83,25.3,55,7.0,0.0
2025-12-12 13:00:00,24.1,19.2,480.0,11.2,29.6,128.0,83,26.1,54,11.3,0.0
2025-12-12 14:00:00,21.1,16.9,309.0,8.5,29.6,134.0,83,26.3,50,14.1,0.0
2025-12-12 15:00:00,18.2,14.8,251.0,7.1,28.6,130.0,84,25.8,50,15.4,0.0
2025-12-12 16:00:00,15.5,12.6,274.0,7.8,26.8,119.0,83,25.4,46,15.2,0.0
2025-12-12 17:00:00,11.3,9.7,398.0,13.2,24.8,101.0,83,25.1,52,11.9,0.0
2025-12-12 18:00:00,16.8,15.4,716.0,28.9,23.5,77.0,83,23.9,63,9.4,0.0
2025-12-12 19:00:00,22.8,21.4,1134.0,50.4,21.8,45.0,83,22.8,72,7.4,0.0
2025-12-12 20:00:00,26.4,24.7,1391.0,66.6,20.5,20.0,83,22.1,76,6.2,0.0
2025-12-12 21:00:00,29.2,27.4,1349.0,73.1,20.5,11.0,82,21.6,78,5.4,0.0
2025-12-12 22:00:00,32.1,29.9,1147.0,74.3,21.0,10.0,82,21.1,80,4.0,0.0
2025-12-12 23:00:00,33.4,30.9,939.0,71.1,20.6,13.0,82,20.8,78,3.6,0.0
2025-12-13 00:00:00,31.7,28.8,764.0,62.1,18.5,21.0,81,20.3,80,2.6,0.0
2025-12-13 01:00:00,28.7,25.6,583.0,48.7,15.7,33.0,80,19.9,81,2.5,0.0
2025-12-13 02:00:00,25.5,22.2,438.0,37.1,13.3,43.0,79,19.3,83,3.2,0.0
2025-12-13 03:00:00,23.0,19.5,270.0,28.0,11.8,50.0,78,18.4,85,3.6,0.0
2025-12-13 04:00:00,21.4,17.8,138.0,20.6,10.9,55.0,77,17.9,85,3.2,0.0
2025-12-13 05:00:00,28.6,23.6,262.0,21.9,11.1,48.0,76,17.8,84,3.7,0.0
2025-12-13 06:00:00,31.7,26.6,949.0,29.6,13.0,36.0,75,18.0,84,4.6,0.0
2025-12-13 07:00:00,39.3,34.7,1893.0,39.7,15.7,20.0,75,18.2,84,5.2,0.0
2025-12-13 08:00:00,51.1,48.4,2395.0,44.3,18.4,17.0,75,18.1,87,5.4,0.0
2025-12-13 09:00:00,45.1,43.7,2017.0,38.2,20.9,39.0,76,19.9,81,6.2,0.0
2025-12-13 10:00:00,33.8,32.1,1196.0,26.5,23.4,73.0,76,22.5,69,7.1,0.0
2025-12-13 11:00:00,20.1,17.0,550.0,16.8,25.4,102.0,77,24.8,53,11.0,0.0
2025-12-13 12:00:00,15.6,13.6,326.0,11.7,26.8,118.0,76,25.7,44,11.4,0.0
2025-12-13 13:00:00,14.6,13.3,276.0,8.5,27.7,129.0,76,26.2,40,12.5,0.0
2025-12-13 14:00:00,14.5,13.4,270.0,7.2,28.4,133.0,75,26.3,39,13.0,0.0
2025-12-13 15:00:00,14.3,13.3,240.0,6.5,28.9,132.0,75,26.0,42,13.4,0.0
2025-12-13 16:00:00,14.0,13.0,254.0,7.6,29.2,125.0,75,25.4,46,13.4,0.0
2025-12-13 17:00:00,8.1,8.1,392.0,13.2,28.3,109.0,75,25.0,55,12.8,0.0
2025-12-13 18:00:00,14.7,14.6,758.0,28.8,26.7,83.0,75,24.0,62,10.4,0.0
2025-12-13 19:00:00,21.6,20.9,1248.0,50.3,24.5,48.0,74,23.1,73,7.1,0.0
2025-12-13 20:00:00,24.0,23.2,1629.0,66.5,23.0,21.0,74,22.4,78,5.6,0.0
2025-12-13 21:00:00,26.0,25.1,1830.0,72.6,23.1,11.0,74,21.9,80,4.5,0.0
2025-12-13 22:00:00,29.2,28.1,1921.0,73.4,23.9,9.0,74,21.4,80,2.9,0.0
2025-12-13 23:00:00,32.4,31.0,1880.0,72.5,24.1,8.0,74,20.8,81,2.3,0.0
2025-12-14 00:00:00,34.3,32.9,1645.0,70.7,23.0,7.0,74,20.0,84,2.5,0.0
2025-12-14 01:00:00,34.0,32.5,1278.0,67.2,21.2,6.0,74,18.3,91,4.8,0.0
2025-12-14 02:00:00,31.7,30.0,946.0,62.6,19.4,7.0,75,16.8,96,6.0,0.0
2025-12-14 03:00:00,29.9,28.2,662.0,56.0,17.3,9.0,76,16.2,98,6.1,0.0
2025-12-14 04:00:00,30.2,28.3,413.0,48.4,15.2,11.0,76,16.1,97,6.4,0.0
2025-12-14 05:00:00,33.6,32.2,321.0,47.4,16.2,6.0,77,16.0,92,6.9,0.0
2025-12-14 06:00:00,32.5,31.8,526.0,47.0,16.6,4.0,78,16.0,88,7.4,0.0
2025-12-14 07:00:00,37.1,36.3,889.0,46.2,17.4,3.0,78,16.0,84,7.9,0.0
2025-12-14 08:00:00,45.9,45.2,1116.0,43.0,19.1,11.0,79,16.3,81,8.7,0.0
2025-12-14 09:00:00,34.9,34.1,1053.0,35.3,22.2,37.0,78,17.6,70,8.9,0.0
2025-12-14 10:00:00,22.5,20.4,853.0,25.3,26.3,72.0,78,20.6,61,8.4,0.0
2025-12-14 11:00:00,17.9,15.4,687.0,17.3,30.6,102.0,76,23.3,54,9.3,0.0
2025-12-14 12:00:00,16.9,14.6,596.0,12.8,35.2,121.0,76,24.9,52,6.6,0.0
2025-12-14 13:00:00,17.9,15.9,537.0,10.4,40.0,134.0,76,26.0,47,4.2,0.0
2025-12-14 14:00:00,19.4,17.5,556.0,9.6,43.9,143.0,77,26.6,42,1.6,0.0
2025-12-14 15:00:00,20.9,19.0,654.0,8.3,47.1,151.0,77,27.0,39,0.5,0.0
2025-12-14 16:00:00,22.2,20.4,829.0,8.8,49.4,155.0,78,26.7,42,6.1,0.0
2025-12-14 17:00:00,55.1,44.5,1118.0,18.5,51.7,144.0,78,26.4,43,6.4,0.0
2025-12-14 18:00:00,61.9,52.0,1703.0,43.3,49.7,108.0,84,24.2,61,8.6,0.0
2025-12-14 19:00:00,68.5,59.5,2401.0,77.0,46.9,58.0,92,22.7,70,5.8,0.0
2025-12-14 20:00:00,70.8,62.4,2705.0,99.8,43.7,22.0,88,21.8,74,1.5,0.0
2025-12-14 21:00:00,77.1,69.4,2248.0,102.6,40.5,10.0,92,20.5,76,6.0,0.0
2025-12-14 22:00:00,81.5,75.4,1396.0,94.4,37.0,12.0,96,20.4,68,8.2,0.0
2025-12-14 23:00:00,77.8,73.1,737.0,81.9,32.8,18.0,100,19.8,61,11.7,0.0
2025-12-15 00:00:00,78.0,73.3,519.0,64.5,26.8,29.0,104,19.1,65,10.0,0.0
2025-12-15 01:00:00,78.9,74.0,494.0,42.9,20.1,45.0,108,18.2,69,10.5,0.0
2025-12-15 02:00:00,78.7,73.6,500.0,25.7,15.1,58.0,113,17.6,72,10.4,0.0
2025-12-15 03:00:00,76.8,71.9,469.0,16.0,12.9,65.0,117,17.2,74,10.9,0.0
2025-12-15 04:00:00,73.6,68.9,470.0,10.6,12.4,70.0,122,16.8,76,10.9,0.0
2025-12-15 05:00:00,71.0,66.4,545.0,8.8,12.2,69.0,126,16.5,73,10.3,0.0
2025-12-15 06:00:00,68.7,64.0,763.0,15.1,13.2,63.0,129,16.4,74,9.5,0.0
2025-12-15 07:00:00,68.7,64.0,1056.0,23.6,14.6,55.0,133,16.1,77,8.4,0.0
2025-12-15 08:00:00,70.1,65.4,1265.0,28.7,16.2,55.0,136,16.1,78,7.9,0.0
2025-12-15 09:00:00,69.6,65.7,1328.0,27.3,17.8,69.0,138,17.7,66,9.3,0.0
2025-12-15 10:00:00,67.8,63.1,1308.0,22.4,19.5,91.0,141,20.0,56,11.3,0.0
2025-12-15 11:00:00,64.3,57.9,1228.0,17.6,21.2,112.0,146,22.3,47,11.0,0.0
2025-12-15 12:00:00,56.0,49.9,1046.0,13.4,23.3,130.0,150,24.6,38,9.7,0.0
2025-12-15 13:00:00,46.9,42.3,805.0,9.2,25.4,147.0,151,26.2,31,8.7,0.0
2025-12-15 14:00:00,41.8,38.0,660.0,7.1,26.8,157.0,151,27.1,27,7.2,0.0
2025-12-15 15:00:00,39.1,35.6,690.0,6.6,26.9,161.0,152,27.6,25,5.7,0.0
2025-12-15 16:00:00,38.0,34.8,816.0,8.2,26.1,158.0,152,27.6,25,4.1,0.0
2025-12-15 17:00:00,35.2,33.3,953.0,15.0,27.8,144.0,152,27.6,27,4.0,0.0
2025-12-15 18:00:00,51.9,50.3,1101.0,37.3,26.9,111.0,152,26.1,37,3.3,0.0
2025-12-15 19:00:00,63.1,61.5,1259.0,67.2,25.5,65.0,152,24.3,48,1.9,0.0
2025-12-15 20:00:00,57.5,56.3,1345.0,82.9,23.7,36.0,152,23.0,51,4.7,0.0
2025-12-15 21:00:00,56.0,54.6,1301.0,70.9,21.1,39.0,152,21.9,52,7.9,0.0
2025-12-15 22:00:00,58.1,56.1,1184.0,44.7,18.0,59.0,152,21.3,53,8.1,0.0
2025-12-15 23:00:00,60.1,57.5,1078.0,23.7,15.7,75.0,151,19.8,55,9.0,0.0
2025-12-16 00:00:00,60.5,57.6,1014.0,15.5,14.7,79.0,151,18.9,59,9.3,0.0
2025-12-16 01:00:00,59.6,56.6,962.0,12.5,14.5,80.0,151,18.3,60,9.7,0.0
2025-12-16 02:00:00,57.9,54.7,915.0,10.5,14.6,81.0,150,17.8,61,10.2,0.0
2025-12-16 03:00:00,55.9,52.7,852.0,7.9,14.7,84.0,149,17.4,63,10.2,0.0
2025-12-16 04:00:00,54.1,51.0,795.0,6.4,15.0,88.0,147,17.0,65,9.9,0.0
2025-12-16 05:00:00,53.2,50.1,804.0,7.1,15.1,87.0,146,16.5,65,10.0,0.0
2025-12-16 06:00:00,52.7,49.7,953.0,11.6,16.7,84.0,144,16.3,66,9.9,0.0
2025-12-16 07:00:00,54.5,51.7,1169.0,17.7,18.9,82.0,142,16.1,67,9.9,0.0
2025-12-16 08:00:00,57.6,54.8,1293.0,21.1,21.2,85.0,141,16.4,66,9.7,0.0
2025-12-16 09:00:00,59.8,57.5,1240.0,19.3,23.9,100.0,140,18.1,55,11.6,0.0
2025-12-16 10:00:00,61.2,58.3,1096.0,14.9,26.6,121.0,139,20.5,46,15.7,0.0
2025-12-16 11:00:00,57.4,53.9,957.0,11.0,28.0,138.0,139,23.1,40,17.2,0.0
2025-12-16 12:00:00,47.0,44.0,840.0,8.4,26.8,148.0,138,25.5,32,18.5,0.0
2025-12-16 13:00:00,38.0,35.7,729.0,6.4,24.2,153.0,138,27.3,27,18.4,0.0
2025-12-16 14:00:00,33.3,31.5,672.0,5.6,22.1,155.0,137,28.2,25,17.3,0.0
2025-12-16 15:00:00,30.7,29.3,701.0,6.4,21.3,154.0,136,28.5,25,16.3,0.0
2025-12-16 16:00:00,29.5,28.2,785.0,8.5,21.0,148.0,136,28.3,26,15.4,0.0
2025-12-16 17:00:00,48.2,45.8,878.0,12.3,21.8,139.0,135,27.7,29,14.4,0.0
2025-12-16 18:00:00,54.5,52.7,987.0,17.0,20.9,125.0,136,26.2,36,12.6,0.0
2025-12-16 19:00:00,57.2,55.5,1106.0,23.4,19.7,105.0,136,24.6,38,13.0,0.0
2025-12-16 20:00:00,58.1,56.2,1165.0,27.0,19.0,90.0,136,23.2,40,12.6,0.0
2025-12-16 21:00:00,60.1,58.0,1122.0,25.4,19.3,84.0,136,22.0,43,11.5,0.0
2025-12-16 22:00:00,62.4,60.1,1019.0,21.1,20.2,83.0,136,21.1,46,10.9,0.0
2025-12-16 23:00:00,64.3,61.7,918.0,17.0,21.1,84.0,137,20.2,47,11.3,0.0
2025-12-17 00:00:00,65.0,62.4,833.0,14.0,22.0,86.0,137,19.5,49,11.1,0.0
2025-12-17 01:00:00,64.7,62.2,749.0,11.2,22.9,90.0,138,19.0,49,10.8,0.0
2025-12-17 02:00:00,64.0,61.5,682.0,9.1,23.9,93.0,138,18.5,50,10.8,0.0
2025-12-17 03:00:00,62.9,60.5,609.0,7.3,24.7,94.0,139,18.1,51,10.7,0.0
2025-12-17 04:00:00,62.2,59.8,553.0,6.2,25.4,95.0,140,17.7,52,10.4,0.0
2025-12-17 05:00:00,60.8,58.6,595.0,7.1,24.9,92.0,141,16.8,56,9.7,0.0
2025-12-17 06:00:00,61.0,58.8,841.0,11.7,26.8,90.0,141,16.6,56,9.5,0.0
2025-12-17 07:00:00,62.6,60.5,1186.0,17.8,29.3,88.0,142,16.5,56,9.3,0.0
2025-12-17 08:00:00,65.0,63.1,1398.0,21.2,31.1,91.0,143,16.8,55,9.6,0.0
2025-12-17 09:00:00,65.7,64.3,1356.0,19.4,31.7,103.0,144,18.7,44,11.3,0.0
2025-12-17 10:00:00,63.6,61.9,1182.0,14.9,31.5,120.0,145,21.1,36,15.0,0.0
2025-12-17 11:00:00,49.5,47.7,1007.0,11.0,30.5,135.0,145,23.8,32,16.4,0.0
2025-12-17 12:00:00,35.0,33.4,851.0,8.4,28.1,145.0,145,26.2,29,17.5,0.0
2025-12-17 13:00:00,32.5,30.2,694.0,6.4,24.8,152.0,143,27.4,29,16.7,0.0
2025-12-17 14:00:00,32.7,29.9,615.0,5.8,22.7,155.0,143,27.9,29,14.7,0.0
2025-12-17 15:00:00,32.7,29.9,632.0,4.9,22.6,158.0,143,27.9,30,13.1,0.0
2025-12-17 16:00:00,32.9,30.0,725.0,5.4,23.5,157.0,143,27.5,32,11.2,0.0
2025-12-17 17:00:00,38.3,34.9,920.0,13.3,22.9,136.0,143,27.0,38,9.7,0.0
2025-12-17 18:00:00,51.1,48.5,1340.0,35.7,24.5,102.0,142,25.6,47,5.4,0.0
2025-12-17 19:00:00,63.1,60.8,1860.0,65.8,26.6,55.0,141,24.3,55,2.5,0.0
2025-12-17 20:00:00,62.9,61.0,2130.0,83.7,27.0,24.0,142,23.4,58,3.7,0.0
2025-12-17 21:00:00,50.8,49.5,1923.0,77.9,24.1,24.0,142,22.0,59,7.4,0.0
2025-12-17 22:00:00,40.9,39.8,1467.0,59.7,19.5,39.0,142,21.4,56,8.0,0.0
2025-12-17 23:00:00,34.5,33.5,1092.0,43.1,15.8,53.0,139,20.2,58,9.2,0.0
2025-12-18 00:00:00,30.6,29.7,932.0,32.4,14.0,60.0,137,19.4,61,8.9,0.0
2025-12-18 01:00:00,28.6,27.8,855.0,23.3,13.2,65.0,133,18.7,62,8.4,0.0
2025-12-18 02:00:00,28.0,27.1,793.0,16.6,13.0,68.0,130,18.2,64,7.4,0.0
2025-12-18 03:00:00,28.2,27.2,699.0,12.3,13.4,69.0,126,17.6,66,7.2,0.0
2025-12-18 04:00:00,28.9,27.8,621.0,10.5,14.3,68.0,122,17.1,68,7.2,0.0
2025-12-18 05:00:00,28.2,27.1,634.0,13.3,13.9,59.0,119,16.3,70,7.2,0.0
2025-12-18 06:00:00,29.8,28.6,812.0,22.0,15.3,49.0,116,16.0,70,7.2,0.0
2025-12-18 07:00:00,34.0,32.5,1082.0,33.8,17.3,36.0,113,15.7,69,7.5,0.0
2025-12-18 08:00:00,41.1,39.5,1300.0,40.9,20.0,34.0,110,15.9,68,7.0,0.0
2025-12-18 09:00:00,44.8,43.1,1440.0,39.2,23.5,52.0,107,17.7,54,8.2,0.0
2025-12-18 10:00:00,45.9,43.9,1529.0,32.9,27.7,82.0,105,19.9,48,7.9,0.0
2025-12-18 11:00:00,39.2,35.6,1506.0,26.4,32.1,109.0,103,23.3,37,6.0,0.0
2025-12-18 12:00:00,40.3,35.7,1260.0,20.4,37.0,132.0,102,25.8,29,5.7,0.0
2025-12-18 13:00:00,42.6,37.3,901.0,14.3,42.2,152.0,102,27.1,27,4.0,0.0
2025-12-18 14:00:00,44.2,38.4,700.0,11.0,46.5,167.0,103,28.0,26,2.3,0.0
2025-12-18 15:00:00,45.1,39.3,811.0,9.1,49.9,177.0,104,28.3,26,2.2,0.0
2025-12-18 16:00:00,46.1,40.7,1079.0,9.9,52.4,181.0,105,27.9,30,5.8,0.0
2025-12-18 17:00:00,50.1,45.6,1316.0,20.7,59.9,171.0,106,26.8,40,8.1,0.0
2025-12-18 18:00:00,68.2,65.0,1452.0,49.7,56.4,129.0,116,24.3,56,9.1,0.0
2025-12-18 19:00:00,74.3,71.7,1556.0,89.2,51.3,70.0,126,23.0,61,5.6,0.0
2025-12-18 20:00:00,73.1,70.8,1642.0,115.7,46.4,26.0,117,22.3,61,4.1,0.0
2025-12-18 21:00:00,71.9,70.1,1753.0,117.7,42.4,11.0,111,21.3,64,4.2,0.0
2025-12-18 22:00:00,71.9,70.3,1845.0,106.8,38.6,10.0,113,20.3,69,4.3,0.0
2025-12-18 23:00:00,67.8,66.6,1805.0,94.0,34.2,13.0,116,18.5,80,5.5,0.0
2025-12-19 00:00:00,59.4,58.1,1522.0,82.4,28.4,16.0,120,17.9,84,5.9,0.0
2025-12-19 01:00:00,51.2,49.7,1106.0,68.9,22.0,23.0,123,17.8,82,6.2,0.0
2025-12-19 02:00:00,45.3,43.5,776.0,55.8,17.2,30.0,125,17.7,78,6.9,0.0
2025-12-19 03:00:00,41.8,40.0,592.0,42.1,14.7,39.0,127,17.8,73,7.4,0.0
2025-12-19 04:00:00,40.0,38.2,495.0,28.7,13.7,49.0,128,17.7,70,7.1,0.0
2025-12-19 05:00:00,38.4,36.6,522.0,22.0,13.2,52.0,129,18.3,66,6.9,0.0
2025-12-19 06:00:00,38.9,37.0,748.0,26.1,14.5,48.0,130,18.4,63,7.4,0.0
2025-12-19 07:00:00,41.8,39.8,1099.0,31.6,16.3,44.0,131,18.4,60,7.1,0.0
2025-12-19 08:00:00,46.8,44.8,1390.0,34.3,18.3,48.0,132,18.6,59,6.9,0.0
2025-12-19 09:00:00,50.9,49.2,1581.0,31.6,20.0,68.0,132,20.2,49,7.8,0.0
2025-12-19 10:00:00,50.6,48.4,1712.0,26.1,21.9,97.0,133,22.8,41,8.8,0.0
2025-12-19 11:00:00,46.7,43.4,1724.0,20.9,25.0,123.0,133,25.3,34,8.7,0.0
2025-12-19 12:00:00,43.1,39.2,1508.0,16.4,30.7,142.0,134,27.2,29,9.5,0.0
2025-12-19 13:00:00,42.7,38.8,1173.0,12.2,37.6,157.0,135,28.3,28,9.8,0.0
2025-12-19 14:00:00,41.9,38.3,984.0,10.5,42.6,166.0,135,28.8,28,9.2,0.0
2025-12-19 15:00:00,40.7,37.5,989.0,11.4,44.3,170.0,135,28.7,30,9.4,0.0
2025-12-19 16:00:00,41.1,38.2,1140.0,14.7,44.0,169.0,135,27.8,35,9.4,0.0
2025-12-19 17:00:00,43.9,41.3,1556.0,19.9,47.8,168.0,134,26.9,40,7.7,0.0
2025-12-19 18:00:00,61.0,59.0,2539.0,42.2,44.2,135.0,134,25.8,46,6.2,0.0
2025-12-19 19:00:00,67.1,65.4,3787.0,73.1,39.3,88.0,133,24.8,54,3.7,0.0
2025-12-19 20:00:00,69.4,67.5,4515.0,98.3,36.8,51.0,133,24.0,58,2.3,0.0
2025-12-19 21:00:00,72.9,71.2,4283.0,113.3,39.7,32.0,132,23.3,61,2.2,0.0
2025-12-19 22:00:00,79.2,77.1,3530.0,122.6,44.9,21.0,132,22.0,67,3.6,0.0
2025-12-19 23:00:00,86.8,84.8,2787.0,124.7,47.0,15.0,133,20.6,73,4.1,0.0
2025-12-20 00:00:00,87.5,85.7,2189.0,116.6,42.8,12.0,135,20.3,74,3.6,0.0
2025-12-20 01:00:00,81.0,79.4,1600.0,101.3,35.5,13.0,138,20.1,74,3.5,0.0
2025-12-20 02:00:00,73.6,71.9,1143.0,87.3,29.0,14.0,141,19.6,76,3.8,0.0
2025-12-20 03:00:00,67.5,66.1,812.0,76.7,24.2,15.0,144,19.1,77,4.2,0.0
2025-12-20 04:00:00,61.9,60.3,613.0,67.4,20.3,16.0,147,18.7,75,4.7,0.0
2025-12-20 05:00:00,63.1,61.5,684.0,65.3,18.6,13.0,149,18.5,75,4.8,0.0
2025-12-20 06:00:00,60.5,58.6,1277.0,64.1,18.9,10.0,150,18.4,75,5.0,0.0
2025-12-20 07:00:00,63.1,61.0,2140.0,62.2,19.8,7.0,151,18.1,78,5.0,0.0
2025-12-20 08:00:00,73.8,71.9,2653.0,58.4,23.8,17.0,151,18.1,78,5.1,0.0
2025-12-20 09:00:00,76.4,75.0,2462.0,51.8,34.7,52.0,152,19.7,72,5.1,0.0
2025-12-20 10:00:00,61.0,58.3,1921.0,43.4,48.8,99.0,152,23.0,50,4.4,0.0
2025-12-20 11:00:00,58.0,54.9,1477.0,34.9,57.5,136.0,153,26.0,39,2.3,0.0
2025-12-20 12:00:00,48.2,45.8,1309.0,25.6,56.0,154.0,153,27.5,36,2.5,0.0
2025-12-20 13:00:00,41.1,39.0,1237.0,16.2,49.1,162.0,153,28.0,37,6.5,0.0
2025-12-20 14:00:00,38.2,36.4,1167.0,10.8,42.7,164.0,153,27.9,39,8.4,0.0
2025-12-20 15:00:00,36.8,35.2,1038.0,10.7,38.8,161.0,153,27.5,42,8.4,0.0
2025-12-20 16:00:00,37.4,35.6,912.0,14.5,35.5,152.0,153,26.8,46,8.4,0.0
2025-12-20 17:00:00,51.3,48.9,876.0,21.3,43.6,162.0,153,26.4,50,8.7,0.0
2025-12-20 18:00:00,59.1,57.3,966.0,35.0,40.5,133.0,153,25.1,57,6.2,0.0
2025-12-20 19:00:00,63.8,61.9,1146.0,53.9,36.2,94.0,153,24.1,63,4.5,0.0
2025-12-20 20:00:00,65.2,63.1,1398.0,68.6,32.6,61.0,153,23.2,67,3.4,0.0
2025-12-20 21:00:00,65.9,63.8,1854.0,76.1,31.0,42.0,153,22.4,72,3.3,0.0
2025-12-20 22:00:00,67.1,65.0,2382.0,79.4,30.2,31.0,153,21.7,77,4.1,0.0
2025-12-20 23:00:00,68.9,66.6,2567.0,77.5,28.6,26.0,152,21.4,85,4.0,0.0
2025-12-21 00:00:00,66.4,64.0,2088.0,67.7,25.1,30.0,152,21.1,88,4.2,0.0
2025-12-21 01:00:00,59.5,57.2,1265.0,52.7,20.8,41.0,152,21.0,90,3.3,0.0
2025-12-21 02:00:00,52.5,50.1,646.0,39.5,17.2,50.0,151,20.8,91,3.1,0.0
2025-12-21 03:00:00,48.8,45.9,402.0,29.0,14.8,57.0,151,20.5,93,2.9,0.0
2025-12-21 04:00:00,44.7,41.9,361.0,20.3,13.2,63.0,150,20.0,94,3.0,0.0
2025-12-21 05:00:00,40.3,37.5,556.0,17.1,11.5,63.0,149,19.7,94,3.3,0.0
2025-12-21 06:00:00,40.9,38.1,1225.0,28.9,13.0,47.0,146,19.6,94,3.3,0.0
2025-12-21 07:00:00,48.4,45.5,2130.0,44.6,15.1,26.0,144,19.9,93,3.3,0.0
2025-12-21 08:00:00,61.2,58.3,2593.0,52.3,17.4,18.0,142,20.2,92,3.2,0.0
2025-12-21 09:00:00,56.9,54.5,2181.0,44.3,20.0,36.0,141,21.6,88,3.8,0.0
2025-12-21 10:00:00,44.0,39.3,1326.0,28.3,22.6,68.0,139,23.9,77,5.1,0.0
2025-12-21 11:00:00,38.0,25.1,654.0,15.5,24.3,92.0,137,24.9,70,7.8,0.0
2025-12-21 12:00:00,40.9,20.4,417.0,10.2,24.1,101.0,134,25.7,67,9.8,0.0
2025-12-21 13:00:00,45.5,19.4,362.0,8.1,22.9,102.0,131,25.8,67,11.9,0.0
2025-12-21 14:00:00,45.6,18.5,351.0,7.7,22.0,101.0,129,25.9,63,12.3,0.0
2025-12-21 15:00:00,43.8,17.3,330.0,7.7,22.0,98.0,127,25.6,61,13.0,0.0
2025-12-21 16:00:00,40.9,16.5,354.0,9.5,22.4,93.0,125,25.3,61,13.8,0.0
2025-12-21 17:00:00,41.1,18.3,445.0,14.5,23.8,88.0,123,24.9,59,11.9,0.0
2025-12-21 18:00:00,36.3,22.8,683.0,28.6,22.9,69.0,120,24.1,64,9.8,0.0
2025-12-21 19:00:00,35.6,25.9,989.0,47.7,21.6,43.0,117,23.4,68,6.5,0.0
2025-12-21 20:00:00,34.3,26.7,1150.0,60.0,20.2,26.0,113,22.8,69,5.4,0.0
2025-12-21 21:00:00,32.5,25.7,1035.0,59.6,18.6,25.0,109,22.1,70,5.1,0.0
2025-12-21 22:00:00,30.5,24.4,774.0,52.5,16.9,32.0,105,21.6,70,4.1,0.0
2025-12-21 23:00:00,28.3,22.4,548.0,44.5,15.1,40.0,101,20.9,71,5.2,0.0
2025-12-22 00:00:00,25.6,19.6,415.0,36.6,13.0,46.0,97,20.4,74,4.6,0.0
2025-12-22 01:00:00,23.2,17.3,316.0,27.7,10.8,53.0,93,19.8,78,4.7,0.0
2025-12-22 02:00:00,21.8,16.1,252.0,21.0,9.3,57.0,89,19.2,83,5.1,0.0
2025-12-22 03:00:00,20.7,15.3,204.0,16.9,8.7,57.0,86,18.7,86,4.7,0.0
2025-12-22 04:00:00,19.2,14.5,191.0,14.8,8.8,54.0,84,17.9,89,4.9,0.0
2025-12-22 05:00:00,18.7,16.0,268.0,19.4,9.8,42.0,81,17.5,90,4.5,0.0
2025-12-22 06:00:00,18.7,15.7,513.0,27.6,11.2,33.0,79,16.7,93,5.2,0.0
2025-12-22 07:00:00,23.1,19.6,849.0,38.4,13.3,21.0,77,16.1,95,6.0,0.0
2025-12-22 08:00:00,31.4,27.2,1099.0,43.6,15.4,20.0,75,16.3,93,6.3,0.0
2025-12-22 09:00:00,33.3,27.9,1196.0,37.7,17.7,40.0,72,18.4,82,6.9,0.0
2025-12-22 10:00:00,34.6,25.8,1208.0,26.1,20.2,71.0,70,20.8,61,8.7,0.0
2025-12-22 11:00:00,43.3,28.2,1159.0,16.4,21.9,97.0,69,22.6,46,6.2,0.0
2025-12-22 12:00:00,50.4,27.7,1019.0,11.1,22.2,111.0,69,24.7,34,4.9,0.0
2025-12-22 13:00:00,51.5,27.8,818.0,7.7,21.9,119.0,70,26.0,32,4.0,0.0
2025-12-22 14:00:00,49.4,28.0,672.0,6.3,22.1,124.0,70,26.8,31,4.6,0.0
2025-12-22 15:00:00,48.0,28.5,613.0,5.3,23.5,131.0,71,26.8,33,6.9,0.0
2025-12-22 16:00:00,47.5,29.8,609.0,6.3,25.5,135.0,72,25.9,38,8.7,0.0
2025-12-22 17:00:00,66.4,42.3,675.0,14.8,32.3,130.0,73,25.7,38,9.7,0.0
2025-12-22 18:00:00,75.2,57.5,876.0,40.6,32.4,95.0,75,24.3,44,9.7,0.0
2025-12-22 19:00:00,75.9,63.1,1148.0,75.9,32.5,48.0,79,23.0,51,5.6,0.0
2025-12-22 20:00:00,77.1,66.1,1317.0,99.2,32.2,15.0,82,22.2,55,3.5,0.0
2025-12-22 21:00:00,82.2,72.9,1291.0,101.1,31.6,9.0,85,20.9,63,4.6,0.0
2025-12-22 22:00:00,85.2,79.4,1161.0,91.0,30.6,17.0,90,20.4,63,4.7,0.0
2025-12-22 23:00:00,84.8,81.0,1031.0,76.5,29.1,30.0,94,20.7,68,6.2,0.0
2025-12-23 00:00:00,86.8,84.1,923.0,56.3,26.5,49.0,100,20.0,75,6.9,0.0
2025-12-23 01:00:00,86.6,83.6,815.0,31.6,23.3,74.0,106,19.6,76,7.1,0.0
2025-12-23 02:00:00,83.4,79.9,742.0,13.2,21.3,92.0,113,19.2,76,7.7,0.0
2025-12-23 03:00:00,78.9,75.4,710.0,5.7,21.4,100.0,120,19.0,75,9.0,0.0
2025-12-23 04:00:00,74.7,71.5,714.0,4.5,22.6,101.0,126,18.9,72,10.1,0.0
2025-12-23 05:00:00,72.6,69.4,773.0,6.4,23.7,98.0,132,18.4,73,9.7,0.0
2025-12-23 06:00:00,69.8,66.8,952.0,12.8,25.1,90.0,138,18.4,70,9.7,0.0
2025-12-23 07:00:00,69.2,65.9,1186.0,21.4,27.0,80.0,143,18.3,69,9.7,0.0
2025-12-23 08:00:00,69.6,66.4,1300.0,26.4,28.7,77.0,148,18.4,67,10.0,0.0
2025-12-23 09:00:00,68.2,65.0,1186.0,24.5,30.5,89.0,150,19.5,62,12.0,0.0
2025-12-23 10:00:00,65.0,60.5,951.0,19.0,32.0,108.0,151,21.4,54,14.7,0.0
2025-12-23 11:00:00,58.4,52.0,748.0,13.9,31.9,123.0,152,23.4,45,15.9,0.0
2025-12-23 12:00:00,48.1,39.7,620.0,10.2,28.4,129.0,152,25.2,37,18.2,0.0
2025-12-23 13:00:00,41.1,32.7,523.0,6.9,23.2,131.0,153,26.2,31,17.3,0.0
2025-12-23 14:00:00,38.2,30.4,476.0,5.4,19.6,131.0,153,26.9,27,15.8,0.0
2025-12-23 15:00:00,37.5,29.9,499.0,4.7,19.1,132.0,153,27.1,26,15.3,0.0
2025-12-23 16:00:00,37.4,30.2,571.0,5.9,20.2,131.0,153,27.0,27,14.6,0.0
2025-12-23 17:00:00,29.7,25.4,653.0,12.4,20.8,119.0,153,26.7,29,13.5,0.0
2025-12-23 18:00:00,43.0,39.1,751.0,28.4,20.6,94.0,153,25.7,32,11.8,0.0
2025-12-23 19:00:00,49.5,46.2,859.0,49.8,20.3,60.0,152,24.0,39,12.9,0.0
2025-12-23 20:00:00,47.6,43.8,913.0,61.7,19.4,38.0,152,22.8,43,14.2,0.0
2025-12-23 21:00:00,46.2,41.4,877.0,54.8,17.5,38.0,151,22.0,48,12.1,0.0
2025-12-23 22:00:00,45.3,39.3,788.0,38.4,15.1,50.0,151,21.0,55,10.2,0.0
2025-12-23 23:00:00,44.9,37.8,693.0,24.9,12.9,59.0,149,20.1,59,9.9,0.0
2025-12-24 00:00:00,44.1,36.4,598.0,19.2,11.2,61.0,144,19.2,62,9.2,0.0
2025-12-24 01:00:00,42.4,34.5,496.0,16.4,9.8,62.0,139,18.5,64,9.2,0.0
2025-12-24 02:00:00,40.4,32.2,417.0,14.3,8.8,62.0,134,17.9,64,9.7,0.0
2025-12-24 03:00:00,38.6,30.4,347.0,11.2,8.2,64.0,129,17.5,65,10.2,0.0
2025-12-24 04:00:00,37.1,29.0,300.0,8.7,8.0,67.0,124,17.1,66,10.5,0.0
2025-12-24 05:00:00,35.6,28.0,347.0,9.8,8.0,65.0,120,16.8,63,10.7,0.0
2025-12-24 06:00:00,35.3,28.0,573.0,18.5,9.1,54.0,116,16.5,65,9.6,0.0
2025-12-24 07:00:00,38.1,30.9,892.0,30.2,10.8,40.0,112,16.2,66,8.2,0.0
2025-12-24 08:00:00,43.1,36.1,1119.0,36.8,12.8,36.0,108,16.0,68,7.7,0.0
2025-12-24 09:00:00,45.3,40.0,1179.0,33.5,15.3,51.0,105,17.7,58,8.0,0.0
2025-12-24 10:00:00,43.8,36.0,1148.0,25.1,18.2,77.0,102,19.8,47,8.5,0.0
2025-12-24 11:00:00,42.1,33.3,1061.0,17.7,20.6,99.0,100,22.1,37,9.9,0.0
2025-12-24 12:00:00,36.9,29.2,879.0,13.1,22.2,114.0,98,24.0,31,10.5,0.0
2025-12-24 13:00:00,34.9,27.4,642.0,9.6,23.5,125.0,97,25.3,27,9.4,0.0
2025-12-24 14:00:00,34.3,27.1,508.0,8.0,24.8,133.0,97,26.2,24,7.9,0.0
2025-12-24 15:00:00,34.0,27.0,566.0,6.1,26.3,140.0,96,26.7,22,6.3,0.0
2025-12-24 16:00:00,34.3,27.4,727.0,6.2,27.9,142.0,96,26.4,26,7.4,0.0
2025-12-24 17:00:00,33.2,27.3,879.0,16.2,35.5,138.0,96,25.4,36,9.4,0.0
2025-12-24 18:00:00,53.6,48.4,973.0,43.4,35.2,102.0,96,23.4,44,9.5,0.0
2025-12-24 19:00:00,62.2,57.6,1058.0,80.5,35.0,52.0,97,22.2,49,7.4,0.0
2025-12-24 20:00:00,62.6,58.1,1174.0,105.8,35.1,16.0,98,21.6,51,4.8,0.0
2025-12-24 21:00:00,64.7,59.8,1402.0,108.3,36.8,6.0,99,20.6,57,2.6,0.0
2025-12-24 22:00:00,68.9,63.8,1660.0,98.9,39.0,10.0,101,18.9,68,3.5,0.0
2025-12-24 23:00:00,68.7,64.3,1740.0,89.1,38.7,14.0,104,16.9,77,4.3,0.0
2025-12-25 00:00:00,64.5,61.2,1487.0,82.3,33.6,13.0,106,16.4,77,4.8,0.0
2025-12-25 01:00:00,58.0,54.8,1056.0,75.0,26.0,13.0,109,16.2,75,5.4,0.0
2025-12-25 02:00:00,52.2,49.1,710.0,68.3,19.8,12.0,111,15.6,76,5.3,0.0
2025-12-25 03:00:00,48.3,45.2,509.0,62.5,16.3,11.0,113,15.0,76,5.3,0.0
2025-12-25 04:00:00,45.4,42.4,391.0,57.2,14.2,11.0,114,14.3,77,5.4,0.0
2025-12-25 05:00:00,42.5,39.5,436.0,52.6,13.1,11.0,116,13.9,81,6.4,0.0
2025-12-25 06:00:00,41.2,38.4,779.0,53.0,13.7,8.0,117,13.5,84,7.1,0.0
2025-12-25 07:00:00,45.6,42.8,1285.0,53.3,15.1,5.0,118,13.7,85,7.1,0.0
2025-12-25 08:00:00,55.4,52.6,1624.0,51.7,19.6,11.0,119,14.0,82,6.9,0.0
2025-12-25 09:00:00,54.6,51.8,1641.0,47.3,30.2,34.0,121,15.8,68,6.9,0.0
2025-12-25 10:00:00,48.7,45.1,1491.0,41.0,44.0,67.0,122,18.0,52,6.7,0.0
2025-12-25 11:00:00,42.5,37.4,1307.0,34.3,54.9,96.0,123,21.5,40,3.9,0.0
2025-12-25 12:00:00,40.9,36.1,1103.0,26.5,60.2,118.0,124,23.6,33,1.1,0.0
2025-12-25 13:00:00,38.4,34.7,865.0,18.2,62.6,136.0,124,24.5,35,3.5,0.0
2025-12-25 14:00:00,39.1,35.5,687.0,13.1,63.9,148.0,125,25.0,36,5.4,0.0
2025-12-25 15:00:00,40.5,36.9,600.0,12.1,65.2,155.0,126,24.9,39,9.4,0.0
2025-12-25 16:00:00,41.8,38.3,573.0,14.3,65.4,157.0,127,24.2,45,12.4,0.0
2025-12-25 17:00:00,40.4,37.4,607.0,17.7,56.5,150.0,128,23.4,54,12.3,0.0
2025-12-25 18:00:00,50.4,48.1,737.0,32.4,50.5,120.0,129,22.5,62,9.6,0.0
2025-12-25 19:00:00,51.8,49.6,928.0,52.6,42.1,77.0,129,21.9,72,6.4,0.0
2025-12-25 20:00:00,49.6,47.1,1076.0,66.6,34.8,45.0,128,21.7,74,5.8,0.0
2025-12-25 21:00:00,47.6,45.2,1137.0,68.7,30.1,32.0,127,21.0,77,3.1,0.0
2025-12-25 22:00:00,46.4,43.9,1156.0,64.6,26.5,29.0,126,20.5,79,0.8,0.0
2025-12-25 23:00:00,46.0,43.3,1163.0,59.8,23.4,27.0,123,19.8,83,1.5,0.0
2025-12-26 00:00:00,45.6,43.0,1192.0,56.1,20.6,24.0,121,19.0,86,3.2,0.0
2025-12-26 01:00:00,44.9,42.1,1209.0,51.8,18.3,23.0,119,18.5,87,3.3,0.0
2025-12-26 02:00:00,42.8,40.2,1149.0,46.5,16.5,24.0,118,17.2,94,5.4,0.0
2025-12-26 03:00:00,39.9,37.4,902.0,38.5,15.3,28.0,117,16.2,98,5.8,0.0
2025-12-26 04:00:00,36.7,34.2,577.0,29.6,14.6,34.0,116,16.0,96,6.1,0.0
2025-12-26 05:00:00,36.8,34.5,435.0,28.0,14.2,29.0,115,15.1,97,5.4,0.0
2025-12-26 06:00:00,35.6,33.5,678.0,33.5,14.5,20.0,115,14.8,94,5.9,0.0
2025-12-26 07:00:00,40.0,38.1,1105.0,40.7,15.4,8.0,114,14.7,90,6.6,0.0
2025-12-26 08:00:00,50.2,48.5,1368.0,43.5,19.7,10.0,114,15.0,85,7.2,0.0
2025-12-26 09:00:00,48.5,46.6,1285.0,37.7,31.0,36.0,114,16.5,70,8.3,0.0
2025-12-26 10:00:00,40.9,37.6,1038.0,27.5,45.6,75.0,113,18.8,62,7.1,0.0
2025-12-26 11:00:00,36.2,32.7,834.0,18.9,55.7,108.0,112,21.8,54,6.5,0.0
2025-12-26 12:00:00,36.4,33.3,741.0,14.0,57.1,129.0,112,23.4,52,3.3,0.0
2025-12-26 13:00:00,36.4,33.6,690.0,10.8,54.0,144.0,111,24.3,45,5.6,0.0
2025-12-26 14:00:00,37.1,34.6,677.0,9.5,50.9,153.0,111,24.4,45,9.0,0.0
2025-12-26 15:00:00,37.6,35.2,705.0,9.2,50.0,157.0,111,23.7,51,11.4,0.0
2025-12-26 16:00:00,38.1,35.5,770.0,10.7,49.2,156.0,111,23.2,50,12.1,0.0
2025-12-26 17:00:00,35.9,33.1,857.0,15.9,47.4,140.0,111,23.0,50,11.0,0.0
2025-12-26 18:00:00,47.1,44.9,984.0,33.6,43.1,108.0,110,22.4,54,9.4,0.0
2025-12-26 19:00:00,49.9,47.7,1131.0,58.0,37.0,63.0,110,21.5,64,6.2,0.0
2025-12-26 20:00:00,48.7,46.1,1228.0,75.5,32.0,28.0,110,20.8,68,4.2,0.0
2025-12-26 21:00:00,49.0,46.1,1245.0,79.8,29.3,14.0,110,19.9,75,3.4,0.0
2025-12-26 22:00:00,50.9,47.7,1210.0,77.2,27.7,10.0,110,18.7,83,4.6,0.0
2025-12-26 23:00:00,53.7,50.6,1137.0,73.6,26.1,8.0,110,17.7,90,5.2,0.0
2025-12-27 00:00:00,55.6,52.9,1009.0,71.0,24.1,6.0,111,17.1,92,5.3,0.0
2025-12-27 01:00:00,55.9,53.6,843.0,67.4,22.0,6.0,112,16.7,90,5.4,0.0
2025-12-27 02:00:00,54.4,52.4,698.0,62.4,20.4,9.0,113,16.4,89,6.2,0.0
2025-12-27 03:00:00,52.3,50.4,563.0,54.4,19.2,15.0,114,16.2,90,6.9,0.0
2025-12-27 04:00:00,49.8,48.1,449.0,45.0,18.4,24.0,116,16.0,89,7.4,0.0
2025-12-27 05:00:00,47.5,45.4,454.0,41.2,17.9,26.0,117,15.8,82,7.4,0.0
2025-12-27 06:00:00,46.1,44.2,684.0,45.2,18.2,22.0,118,15.5,74,8.0,0.0
2025-12-27 07:00:00,49.6,47.7,1032.0,50.3,18.8,17.0,119,15.3,70,7.9,0.0
2025-12-27 08:00:00,56.3,54.7,1279.0,51.2,21.1,24.0,120,15.4,69,8.4,0.0
2025-12-27 09:00:00,54.6,53.0,1336.0,44.0,26.8,53.0,121,16.9,59,8.9,0.0
2025-12-27 10:00:00,49.8,47.5,1291.0,32.5,34.2,94.0,122,19.0,53,8.7,0.0
2025-12-27 11:00:00,42.8,39.5,1188.0,22.7,39.6,128.0,123,21.7,41,8.2,0.0
2025-12-27 12:00:00,42.3,38.6,989.0,16.4,40.8,148.0,124,23.8,36,8.9,0.0
2025-12-27 13:00:00,41.3,37.8,732.0,11.8,40.0,162.0,124,25.1,32,7.6,0.0
2025-12-27 14:00:00,41.2,37.8,579.0,9.5,39.7,171.0,125,25.6,30,4.4,0.0
2025-12-27 15:00:00,41.7,38.3,617.0,7.9,41.1,179.0,125,25.7,31,4.8,0.0
2025-12-27 16:00:00,42.4,39.1,759.0,8.6,43.0,182.0,125,25.3,34,7.0,0.0
2025-12-27 17:00:00,29.5,28.1,908.0,16.4,39.9,165.0,126,25.0,38,8.7,0.0
2025-12-27 18:00:00,53.1,51.7,1051.0,52.4,41.4,122.0,128,23.2,50,10.5,0.0
2025-12-27 19:00:00,63.6,62.4,1200.0,101.6,43.4,63.0,134,22.0,60,6.8,0.0
2025-12-27 20:00:00,65.7,64.3,1302.0,135.0,44.4,20.0,127,21.2,63,5.0,0.0
2025-12-27 21:00:00,67.8,66.1,1347.0,138.5,43.9,7.0,129,20.6,66,4.2,0.0
2025-12-27 22:00:00,68.5,67.1,1343.0,126.3,42.4,10.0,131,19.2,73,5.6,0.0
2025-12-27 23:00:00,65.2,64.5,1261.0,112.1,39.3,13.0,133,18.1,80,6.4,0.0
2025-12-28 00:00:00,55.1,54.6,1042.0,99.8,33.5,12.0,135,17.4,81,5.9,0.0
2025-12-28 01:00:00,45.4,45.2,744.0,85.6,26.2,13.0,135,17.1,80,5.6,0.0
2025-12-28 02:00:00,38.1,37.8,514.0,71.9,20.5,15.0,134,16.6,79,5.8,0.0
2025-12-28 03:00:00,32.8,32.6,385.0,58.2,17.7,21.0,132,16.2,78,6.4,0.0
2025-12-28 04:00:00,29.3,29.2,323.0,45.1,16.6,29.0,131,15.9,75,7.0,0.0
2025-12-28 05:00:00,28.1,27.9,377.0,49.5,15.8,19.0,129,15.3,73,7.5,0.0
2025-12-28 06:00:00,27.4,27.2,624.0,49.4,16.6,16.0,127,15.2,73,7.5,0.0
2025-12-28 07:00:00,31.3,31.1,987.0,49.0,17.9,14.0,125,15.1,70,7.6,0.0
2025-12-28 08:00:00,39.2,39.0,1274.0,46.3,20.3,21.0,123,15.3,69,7.9,0.0
2025-12-28 09:00:00,42.0,41.7,1435.0,39.4,24.6,46.0,122,17.1,59,8.4,0.0
2025-12-28 10:00:00,42.5,42.0,1521.0,30.3,30.0,81.0,121,19.1,51,8.9,0.0
2025-12-28 11:00:00,35.0,33.9,1496.0,22.5,34.3,110.0,120,21.9,43,8.8,0.0
2025-12-28 12:00:00,29.7,28.5,1277.0,16.9,36.2,128.0,119,24.0,36,8.2,0.0
2025-12-28 13:00:00,27.7,26.5,948.0,12.7,37.1,139.0,118,25.2,31,6.8,0.0
2025-12-28 14:00:00,29.0,27.6,721.0,10.7,38.6,148.0,117,25.8,29,3.6,0.0
2025-12-28 15:00:00,31.3,29.9,696.0,10.0,42.2,157.0,116,26.1,28,1.8,0.0
2025-12-28 16:00:00,33.6,32.4,775.0,11.6,46.5,162.0,115,25.9,30,3.5,0.0
2025-12-28 17:00:00,32.4,31.5,871.0,17.8,49.0,159.0,115,25.7,35,6.3,0.0
2025-12-28 18:00:00,50.6,50.1,967.0,39.1,48.9,129.0,115,23.6,51,8.7,0.0
2025-12-28 19:00:00,59.0,58.6,1081.0,68.3,48.6,88.0,115,22.2,59,7.2,0.0
2025-12-28 20:00:00,61.7,61.2,1186.0,88.6,48.0,56.0,114,21.3,63,4.0,0.0
2025-12-28 21:00:00,64.5,64.0,1307.0,91.7,47.1,44.0,114,20.6,66,3.1,0.0
2025-12-28 22:00:00,68.0,67.3,1420.0,86.0,45.9,43.0,114,19.2,72,4.8,0.0
2025-12-28 23:00:00,68.9,68.2,1424.0,78.9,43.3,41.0,114,17.7,78,6.6,0.0
2025-12-29 00:00:00,67.1,66.4,1232.0,72.7,38.4,35.0,114,17.3,78,6.1,0.0
2025-12-29 01:00:00,62.2,61.5,933.0,65.3,32.2,30.0,115,17.1,76,5.6,0.0
2025-12-29 02:00:00,56.3,55.8,690.0,57.9,26.8,26.0,117,16.6,77,6.0,0.0
2025-12-29 03:00:00,51.6,51.0,528.0,49.7,22.7,25.0,119,16.1,77,6.2,0.0
2025-12-29 04:00:00,47.7,47.3,422.0,41.6,19.4,27.0,121,15.7,77,6.6,0.0
2025-12-29 05:00:00,42.7,42.1,471.0,33.5,18.2,28.0,123,15.2,81,6.6,0.0
2025-12-29 06:00:00,41.7,41.2,804.0,38.5,18.5,21.0,124,14.9,82,7.1,0.0
2025-12-29 07:00:00,44.8,44.2,1291.0,45.1,19.1,13.0,126,14.9,81,6.9,0.0
2025-12-29 08:00:00,52.0,51.5,1636.0,48.0,20.4,17.0,127,15.1,79,6.9,0.0
2025-12-29 09:00:00,51.1,50.5,1719.0,44.0,22.6,41.0,128,16.9,69,7.0,0.0
2025-12-29 10:00:00,47.8,47.1,1661.0,36.3,25.7,77.0,129,19.5,55,7.1,0.0
2025-12-29 11:00:00,41.0,39.9,1524.0,28.7,29.8,110.0,130,22.5,42,8.3,0.0
2025-12-29 12:00:00,39.5,38.3,1273.0,21.7,36.1,136.0,130,24.3,38,8.1,0.0
2025-12-29 13:00:00,39.9,38.6,944.0,14.9,43.6,158.0,131,25.1,37,8.2,0.0
2025-12-29 14:00:00,42.6,41.0,711.0,10.8,48.9,173.0,133,25.3,38,8.4,0.0
2025-12-29 15:00:00,45.2,43.4,643.0,10.2,50.9,180.0,134,25.0,39,9.2,0.0
2025-12-29 16:00:00,46.7,44.8,672.0,12.4,50.8,179.0,136,24.6,40,9.8,0.0
2025-12-29 17:00:00,39.7,38.4,763.0,15.4,54.4,177.0,137,24.1,43,9.4,0.0
2025-12-29 18:00:00,49.5,48.5,963.0,26.7,50.5,150.0,138,23.1,52,8.2,0.0
2025-12-29 19:00:00,50.5,49.7,1227.0,42.2,44.9,112.0,137,22.0,63,6.0,0.0
2025-12-29 20:00:00,47.7,46.8,1382.0,51.9,39.3,83.0,136,21.1,70,4.3,0.0
2025-12-29 21:00:00,45.6,44.6,1318.0,50.8,34.1,71.0,135,20.5,74,3.6,0.0
2025-12-29 22:00:00,44.7,43.4,1147.0,44.1,28.9,68.0,133,20.0,77,2.7,0.0
2025-12-29 23:00:00,44.8,43.4,1027.0,37.5,24.5,66.0,130,19.3,80,2.6,0.0
2025-12-30 00:00:00,44.9,43.5,1054.0,32.9,21.1,63.0,128,18.7,83,2.5,0.0
2025-12-30 01:00:00,44.4,43.0,1133.0,28.5,18.4,62.0,125,17.6,86,3.8,0.0
2025-12-30 02:00:00,43.5,42.1,1143.0,24.6,16.5,61.0,124,16.2,92,5.1,0.0
2025-12-30 03:00:00,43.0,41.4,964.0,19.8,15.4,63.0,122,15.5,93,5.9,0.0
2025-12-30 04:00:00,42.3,40.7,716.0,15.5,15.1,66.0,121,15.6,90,6.4,0.0
2025-12-30 05:00:00,45.9,44.4,632.0,19.4,14.6,52.0,120,15.4,89,5.7,0.0
2025-12-30 06:00:00,47.8,46.4,898.0,30.0,15.6,37.0,121,15.4,86,6.4,0.0
2025-12-30 07:00:00,55.3,53.8,1328.0,44.2,17.3,17.0,121,15.4,85,6.9,0.0
2025-12-30 08:00:00,70.5,69.2,1597.0,51.2,20.4,13.0,122,15.6,84,6.9,0.0
2025-12-30 09:00:00,73.6,72.2,1546.0,44.4,27.0,41.0,124,17.3,72,6.7,0.0
2025-12-30 10:00:00,62.9,59.6,1333.0,30.5,35.2,85.0,126,19.7,61,5.3,0.0
2025-12-30 11:00:00,57.4,52.9,1111.0,18.9,39.4,119.0,128,23.1,54,2.9,0.0
2025-12-30 12:00:00,54.9,50.6,898.0,12.9,36.3,134.0,129,24.3,54,4.7,0.0
2025-12-30 13:00:00,51.9,47.8,675.0,9.2,29.3,140.0,130,24.6,55,10.8,0.0
2025-12-30 14:00:00,50.4,46.1,537.0,7.2,23.6,141.0,131,24.4,58,12.4,0.0
2025-12-30 15:00:00,50.3,45.9,507.0,6.3,21.3,139.0,132,24.2,60,13.2,0.0
2025-12-30 16:00:00,49.9,46.1,561.0,7.2,20.2,133.0,132,23.7,65,16.6,0.0
2025-12-30 17:00:00,41.8,38.6,721.0,11.0,16.0,112.0,132,23.6,71,15.1,0.0
2025-12-30 18:00:00,40.9,38.8,1089.0,22.6,16.0,93.0,132,22.9,76,14.1,0.0
2025-12-30 19:00:00,41.8,39.8,1563.0,38.5,15.9,68.0,131,22.6,79,11.7,0.0
2025-12-30 20:00:00,43.3,41.3,1863.0,49.6,15.6,49.0,130,22.4,80,10.0,0.0
2025-12-30 21:00:00,42.7,40.7,1868.0,52.2,15.1,42.0,130,22.0,84,8.2,0.0
2025-12-30 22:00:00,39.3,37.3,1699.0,50.0,14.3,42.0,129,21.6,86,5.1,0.2
2025-12-30 23:00:00,35.0,32.8,1441.0,44.9,13.1,46.0,128,21.6,86,3.4,0.0
2025-12-31 00:00:00,28.8,26.5,1040.0,35.6,10.9,55.0,127,21.3,88,4.1,0.0
2025-12-31 01:00:00,25.0,21.5,550.0,23.5,8.2,67.0,126,21.0,89,3.9,0.5
2025-12-31 02:00:00,21.0,15.5,220.0,14.7,6.6,75.0,123,20.8,90,5.2,0.1
2025-12-31 03:00:00,19.9,13.3,185.0,11.1,6.8,75.0,121,20.9,88,5.5,0.0
2025-12-31 04:00:00,20.8,13.6,310.0,10.8,8.1,71.0,118,20.9,88,6.4,0.0
2025-12-31 05:00:00,24.4,14.4,444.0,11.9,8.1,66.0,115,20.3,88,3.4,0.0
2025-12-31 06:00:00,27.2,17.1,569.0,25.8,11.0,48.0,112,20.2,89,3.6,0.1
2025-12-31 07:00:00,34.2,24.2,702.0,44.4,14.9,25.0,109,20.1,89,3.3,0.0
2025-12-31 08:00:00,45.6,35.7,744.0,53.7,18.2,15.0,106,20.0,89,5.9,0.3
2025-12-31 09:00:00,44.7,33.8,613.0,44.8,20.2,33.0,102,20.6,85,10.1,0.4
2025-12-31 10:00:00,43.5,23.1,392.0,26.6,21.5,64.0,98,21.1,80,14.9,0.4
2025-12-31 11:00:00,43.8,20.0,229.0,12.2,21.8,90.0,95,22.3,73,15.5,0.1
2025-12-31 12:00:00,39.9,18.0,191.0,6.8,20.5,103.0,92,23.3,62,18.1,0.0
2025-12-31 13:00:00,34.9,16.2,212.0,5.1,18.2,110.0,89,23.9,47,18.6,0.0
2025-12-31 14:00:00,29.9,14.3,241.0,4.8,16.3,113.0,87,23.8,46,19.1,0.0
2025-12-31 15:00:00,26.5,12.7,233.0,4.4,15.6,111.0,84,23.4,51,18.4,0.0
2025-12-31 16:00:00,25.2,11.9,234.0,5.3,15.3,105.0,81,23.1,52,18.1,0.0
2025-12-31 17:00:00,26.5,13.1,333.0,10.2,18.4,98.0,78,22.6,55,15.7,0.0
2025-12-31 18:00:00,27.1,16.8,616.0,21.5,17.7,80.0,75,22.0,54,13.3,0.0
2025-12-31 19:00:00,30.0,20.7,997.0,37.2,16.8,56.0,74,21.4,62,7.3,0.0
2025-12-31 20:00:00,31.8,22.6,1304.0,49.7,16.4,36.0,72,20.8,68,3.4,0.0
2025-12-31 21:00:00,32.9,24.1,1491.0,56.2,16.9,26.0,70,20.0,74,2.6,0.0
2025-12-31 22:00:00,35.4,26.1,1605.0,59.5,17.9,22.0,69,19.4,77,2.6,0.0
2025-12-31 23:00:00,40.3,29.7,1615.0,60.3,18.4,20.0,68,18.0,78,3.8,0.0
2026-01-01 00:00:00,42.6,31.4,1477.0,58.1,18.0,21.0,67,16.8,86,4.1,0.0
2026-01-01 01:00:00,41.1,30.3,1236.0,53.3,17.2,24.0,68,16.1,89,5.2,0.0
2026-01-01 02:00:00,39.9,29.2,987.0,48.1,16.1,26.0,69,16.1,89,6.3,0.0
2026-01-01 03:00:00,37.7,27.9,702.0,42.0,14.5,26.0,70,16.5,86,7.2,0.0
2026-01-01 04:00:00,31.4,24.4,411.0,35.4,12.7,25.0,71,16.5,84,8.3,0.0
2026-01-01 05:00:00,22.9,21.2,299.0,35.1,13.1,23.0,72,16.0,84,7.6,0.0
2026-01-01 06:00:00,25.1,22.2,533.0,35.9,13.8,24.0,73,15.9,85,7.7,0.0
2026-01-01 07:00:00,40.5,34.7,946.0,36.7,14.9,27.0,73,15.8,85,7.1,0.0
2026-01-01 08:00:00,61.9,53.4,1221.0,35.2,16.4,37.0,74,15.8,87,6.7,0.0
2026-01-01 09:00:00,77.3,67.5,1211.0,29.4,18.9,59.0,76,16.9,82,7.4,0.0
2026-01-01 10:00:00,90.8,77.1,1064.0,21.3,21.8,88.0,79,19.1,71,8.6,0.0
2026-01-01 11:00:00,90.6,74.0,905.0,14.6,23.7,112.0,83,20.8,61,12.3,0.0
2026-01-01 12:00:00,75.0,57.0,752.0,10.3,23.5,125.0,88,22.3,55,8.7,0.0
2026-01-01 13:00:00,63.3,46.1,588.0,7.4,22.3,132.0,92,23.3,49,7.1,0.0
2026-01-01 14:00:00,59.8,41.1,484.0,6.3,21.9,137.0,94,24.0,46,3.7,0.0
2026-01-01 15:00:00,60.8,40.4,463.0,3.9,22.8,143.0,97,24.5,43,2.6,0.0
2026-01-01 16:00:00,61.9,41.0,504.0,3.3,24.4,147.0,99,24.3,43,7.4,0.0
2026-01-01 17:00:00,65.4,43.2,610.0,13.5,23.8,126.0,102,24.1,45,8.7,0.0
2026-01-01 18:00:00,74.0,53.1,814.0,41.7,29.8,93.0,105,22.7,52,9.4,0.0
2026-01-01 19:00:00,93.4,72.9,1085.0,80.1,37.9,49.0,109,21.6,60,7.8,0.0
2026-01-01 20:00:00,106.6,87.1,1332.0,105.1,42.9,16.0,114,21.0,63,3.1,0.0
2026-01-01 21:00:00,108.3,90.1,1574.0,104.0,42.3,7.0,121,20.1,68,6.8,0.0
2026-01-01 22:00:00,98.3,82.4,1792.0,89.4,38.7,11.0,128,20.0,65,7.4,0.0
2026-01-01 23:00:00,85.0,73.3,1843.0,75.9,33.9,15.0,134,19.3,65,6.4,0.0
2026-01-02 00:00:00,74.3,63.8,1601.0,69.4,27.8,15.0,138,18.5,69,7.1,0.0
2026-01-02 01:00:00,67.5,56.5,1193.0,63.8,20.6,15.0,142,17.8,71,7.6,0.0
2026-01-02 02:00:00,64.5,51.8,853.0,55.7,15.2,19.0,145,17.4,72,8.0,0.0
2026-01-02 03:00:00,63.3,49.2,646.0,40.7,13.0,31.0,147,16.9,74,8.7,0.0
2026-01-02 04:00:00,63.1,47.7,508.0,23.1,12.7,46.0,149,16.4,75,8.6,0.0
2026-01-02 05:00:00,64.3,49.5,484.0,23.1,13.0,40.0,150,15.8,77,7.9,0.0
2026-01-02 06:00:00,65.2,48.9,663.0,28.3,14.2,35.0,151,15.4,79,7.9,0.0
2026-01-02 07:00:00,68.9,51.8,955.0,35.1,15.9,28.0,152,15.1,80,7.6,0.0
2026-01-02 08:00:00,74.7,56.8,1137.0,37.8,17.6,30.0,152,15.1,80,7.4,0.0
2026-01-02 09:00:00,73.8,59.0,1100.0,32.6,19.4,47.0,152,16.4,70,8.4,0.0
2026-01-02 10:00:00,75.2,52.4,953.0,23.4,21.2,71.0,152,18.7,63,8.8,0.0
2026-01-02 11:00:00,73.6,42.0,802.0,15.6,22.7,94.0,151,21.1,52,11.6,0.0
2026-01-02 12:00:00,77.3,42.0,657.0,11.0,23.5,113.0,151,22.9,45,10.3,0.0
2026-01-02 13:00:00,76.1,44.0,507.0,7.9,24.0,129.0,150,23.8,41,6.4,0.0
2026-01-02 14:00:00,75.2,44.2,427.0,6.6,24.6,140.0,150,24.4,37,5.3,0.0
2026-01-02 15:00:00,74.5,44.2,447.0,4.7,25.1,146.0,150,24.7,36,3.7,0.0
2026-01-02 16:00:00,73.8,44.2,537.0,4.7,25.9,147.0,150,24.6,37,1.8,0.0
2026-01-02 17:00:00,69.6,43.2,674.0,14.7,29.1,139.0,150,24.3,39,4.4,0.0
2026-01-02 18:00:00,73.1,48.0,850.0,47.7,35.5,104.0,150,22.7,52,7.7,0.0
2026-01-02 19:00:00,93.6,68.7,1074.0,92.8,44.2,55.0,150,21.3,64,7.4,0.0
2026-01-02 20:00:00,111.1,86.4,1351.0,123.2,50.4,19.0,150,20.6,67,2.9,0.0
2026-01-02 21:00:00,119.7,95.9,1797.0,125.5,52.6,9.0,150,20.0,70,2.4,0.0
2026-01-02 22:00:00,112.0,90.6,2297.0,113.1,52.4,12.0,150,18.6,79,5.5,0.0
2026-01-02 23:00:00,96.6,79.9,2507.0,100.0,49.2,15.0,150,17.9,71,6.7,0.0
2026-01-03 00:00:00,80.6,68.7,2180.0,90.1,41.4,14.0,151,17.5,63,6.6,0.0
2026-01-03 01:00:00,69.4,58.9,1563.0,79.4,30.6,14.0,151,16.9,62,6.3,0.0
2026-01-03 02:00:00,61.5,51.5,1058.0,70.1,22.0,14.0,151,16.1,66,6.2,0.0
2026-01-03 03:00:00,55.8,45.6,779.0,62.9,17.4,15.0,151,15.4,70,6.4,0.0
2026-01-03 04:00:00,52.3,41.7,611.0,57.1,14.9,16.0,151,14.9,73,6.5,0.0
2026-01-03 05:00:00,48.8,38.9,612.0,49.6,13.9,17.0,151,14.4,77,6.4,0.0
2026-01-03 06:00:00,48.0,38.0,910.0,50.1,14.2,12.0,150,14.1,78,6.3,0.0
2026-01-03 07:00:00,53.0,43.1,1378.0,50.5,15.1,7.0,150,13.9,80,6.0,0.0
2026-01-03 08:00:00,64.5,55.1,1687.0,48.2,18.8,12.0,150,13.9,80,5.8,0.0
2026-01-03 09:00:00,61.2,51.1,1689.0,41.3,28.2,36.0,149,15.4,67,6.8,0.0
2026-01-03 10:00:00,52.4,40.2,1534.0,31.7,40.3,71.0,149,17.6,59,7.2,0.0
2026-01-03 11:00:00,53.2,36.9,1341.0,23.3,48.6,104.0,147,20.2,54,6.6,0.0
2026-01-03 12:00:00,63.6,43.3,1117.0,17.0,49.8,132.0,147,21.7,47,4.9,0.0
2026-01-03 13:00:00,67.3,46.1,857.0,11.9,47.1,157.0,147,22.5,47,5.3,0.0
2026-01-03 14:00:00,68.2,47.5,662.0,8.9,44.2,173.0,147,22.8,49,8.0,0.0
2026-01-03 15:00:00,67.5,48.1,546.0,7.5,42.3,180.0,147,22.9,51,9.6,0.0
2026-01-03 16:00:00,66.4,48.0,496.0,8.2,40.2,177.0,148,22.6,55,10.2,0.0
2026-01-03 17:00:00,81.3,57.5,575.0,13.9,35.9,161.0,148,21.9,64,11.2,0.0
2026-01-03 18:00:00,81.0,64.0,876.0,33.6,33.7,126.0,150,21.1,71,9.8,0.0
2026-01-03 19:00:00,84.3,70.3,1307.0,60.7,30.6,78.0,150,20.6,77,6.5,0.0
2026-01-03 20:00:00,85.2,71.7,1649.0,80.6,28.1,40.0,150,20.0,81,3.9,0.0
2026-01-03 21:00:00,86.1,71.9,1829.0,87.0,27.1,23.0,150,19.3,85,3.7,0.0
2026-01-03 22:00:00,86.8,71.2,1921.0,86.2,26.7,17.0,148,18.6,89,3.7,0.0
2026-01-03 23:00:00,89.6,71.7,1930.0,82.6,25.8,15.0,146,17.7,92,3.3,0.0
2026-01-04 00:00:00,92.2,72.4,1849.0,77.2,23.7,15.0,145,16.6,97,4.8,0.0
2026-01-04 01:00:00,92.4,71.0,1685.0,69.1,21.0,18.0,145,15.7,99,5.9,0.0
2026-01-04 02:00:00,90.1,67.5,1467.0,60.0,18.5,22.0,146,15.2,100,6.4,0.0
2026-01-04 03:00:00,84.1,62.9,1115.0,48.6,16.1,26.0,148,15.0,98,6.4,0.0
2026-01-04 04:00:00,77.5,58.3,709.0,36.4,13.8,31.0,150,14.9,94,5.9,0.0
2026-01-04 05:00:00,77.8,58.9,519.0,34.1,13.7,28.0,150,14.2,94,5.6,0.0
2026-01-04 06:00:00,77.5,59.4,756.0,37.3,13.6,19.0,151,14.0,91,6.6,0.0
2026-01-04 07:00:00,83.4,65.4,1209.0,41.6,13.8,8.0,151,13.9,89,6.6,0.0
2026-01-04 08:00:00,95.5,77.3,1514.0,42.9,16.0,9.0,152,13.9,89,6.6,0.0
2026-01-04 09:00:00,94.5,74.3,1506.0,39.0,21.4,32.0,152,15.5,75,7.1,0.0
2026-01-04 10:00:00,101.3,57.5,1351.0,32.2,28.9,66.0,153,17.9,65,6.7,0.0
2026-01-04 11:00:00,123.4,54.7,1184.0,25.8,36.1,97.0,153,20.4,57,8.8,0.0
2026-01-04 12:00:00,129.5,53.4,1028.0,20.2,43.1,120.0,153,22.0,50,8.4,0.0
2026-01-04 13:00:00,121.5,52.9,860.0,15.1,49.8,139.0,154,22.8,48,7.9,0.0
2026-01-04 14:00:00,112.2,51.0,746.0,12.1,54.4,153.0,154,23.0,49,8.0,0.0
2026-01-04 15:00:00,108.5,52.4,720.0,11.2,56.3,162.0,154,22.9,50,8.8,0.0
2026-01-04 16:00:00,106.9,53.8,747.0,12.6,56.1,165.0,154,22.5,52,9.0,0.0
2026-01-04 17:00:00,96.6,48.4,791.0,16.1,47.9,145.0,154,22.3,54,9.5,0.0
2026-01-04 18:00:00,92.7,54.9,823.0,31.2,42.9,115.0,154,21.6,60,9.0,0.0
2026-01-04 19:00:00,91.5,57.5,872.0,52.1,35.9,73.0,154,20.7,74,7.6,0.0
2026-01-04 20:00:00,93.1,57.7,990.0,67.8,30.2,40.0,153,20.2,80,5.8,0.0
2026-01-04 21:00:00,93.4,58.0,1283.0,73.8,27.4,25.0,153,19.6,84,4.8,0.0
2026-01-04 22:00:00,96.2,59.6,1645.0,74.6,25.8,19.0,153,19.0,86,4.2,0.0
2026-01-04 23:00:00,99.7,61.2,1813.0,72.4,24.2,16.0,153,17.9,87,5.0,0.0
2026-01-05 00:00:00,100.6,61.0,1616.0,67.1,21.7,16.0,152,17.0,91,5.2,0.0
2026-01-05 01:00:00,93.1,57.6,1223.0,58.8,19.1,19.0,152,16.2,93,5.6,0.0
2026-01-05 02:00:00,84.1,52.2,883.0,50.5,17.1,22.0,152,15.7,93,6.0,0.0
2026-01-05 03:00:00,84.8,49.6,641.0,41.9,15.8,25.0,151,15.3,93,6.4,0.0
2026-01-05 04:00:00,84.1,48.8,450.0,33.2,15.0,29.0,151,15.0,93,6.7,0.0
2026-01-05 05:00:00,85.2,49.8,420.0,33.7,14.6,22.0,151,14.9,92,5.6,0.0
2026-01-05 06:00:00,82.2,48.7,688.0,36.6,15.4,16.0,151,14.6,93,5.8,0.0
2026-01-05 07:00:00,82.9,51.5,1116.0,40.4,16.8,8.0,151,14.1,94,6.1,0.0
2026-01-05 08:00:00,89.9,59.1,1403.0,41.4,19.5,13.0,150,13.8,94,6.6,0.0
2026-01-05 09:00:00,85.7,59.6,1404.0,37.4,24.8,39.0,149,15.5,86,7.0,0.0
2026-01-05 10:00:00,86.1,53.3,1262.0,30.7,31.5,76.0,148,17.8,71,7.2,0.0
2026-01-05 11:00:00,81.5,43.8,1110.0,24.2,36.8,111.0,147,20.3,63,8.3,0.0
2026-01-05 12:00:00,72.4,41.7,968.0,18.3,39.7,139.0,146,22.3,55,9.4,0.0
2026-01-05 13:00:00,67.8,42.6,815.0,12.6,41.3,164.0,145,23.6,50,9.4,0.0
2026-01-05 14:00:00,64.3,42.0,715.0,9.2,42.0,181.0,144,24.5,46,8.0,0.0
2026-01-05 15:00:00,61.9,41.6,682.0,6.2,41.9,192.0,143,25.0,43,7.6,0.0
2026-01-05 16:00:00,61.0,41.6,703.0,5.5,40.9,195.0,142,24.8,44,6.7,0.0
2026-01-05 17:00:00,86.1,53.4,798.0,14.3,34.3,173.0,141,24.4,48,5.4,0.0
2026-01-05 18:00:00,96.4,65.4,1043.0,48.7,37.8,129.0,141,23.4,55,7.1,0.0
2026-01-05 19:00:00,118.7,86.1,1363.0,95.6,42.4,69.0,142,22.1,67,8.3,0.0
2026-01-05 20:00:00,123.4,90.8,1551.0,125.9,44.2,25.0,145,21.2,75,3.2,0.0
2026-01-05 21:00:00,121.1,90.8,1500.0,125.7,41.0,13.0,149,20.6,73,4.1,0.0
2026-01-05 22:00:00,103.8,83.4,1317.0,108.9,35.0,17.0,150,19.6,64,7.4,0.0
2026-01-05 23:00:00,78.5,67.5,1120.0,88.9,28.8,26.0,151,18.6,64,6.7,0.0
2026-01-06 00:00:00,61.7,54.5,926.0,67.1,22.5,39.0,151,17.7,67,6.3,0.0
2026-01-06 01:00:00,53.8,46.7,718.0,42.0,16.0,56.0,151,17.1,68,5.4,0.0
2026-01-06 02:00:00,50.5,42.5,562.0,22.6,11.3,71.0,151,16.7,70,5.8,0.0
2026-01-06 03:00:00,48.8,39.8,460.0,12.5,9.6,80.0,150,16.3,71,6.3,0.0
2026-01-06 04:00:00,47.7,38.1,410.0,8.1,9.7,86.0,150,16.1,70,6.6,0.0
2026-01-06 05:00:00,46.4,37.1,471.0,8.4,10.1,84.0,150,15.5,72,6.4,0.0
2026-01-06 06:00:00,46.9,37.3,753.0,14.4,11.2,77.0,149,15.4,72,6.4,0.0
2026-01-06 07:00:00,49.4,39.8,1146.0,22.5,12.7,69.0,148,15.3,72,6.4,0.0
2026-01-06 08:00:00,52.2,43.3,1376.0,26.8,14.1,68.0,147,15.3,73,6.6,0.0
2026-01-06 09:00:00,51.6,44.4,1293.0,23.8,15.4,81.0,145,16.7,70,6.6,0.0
2026-01-06 10:00:00,50.1,41.4,1047.0,17.0,16.7,101.0,143,19.6,52,7.0,0.0
2026-01-06 11:00:00,43.8,35.5,819.0,11.3,17.1,117.0,142,20.3,50,8.4,0.0
2026-01-06 12:00:00,37.0,28.2,656.0,8.1,16.0,125.0,141,22.0,49,12.0,0.0
2026-01-06 13:00:00,30.4,22.6,511.0,6.0,14.0,129.0,140,23.6,45,12.2,0.0
2026-01-06 14:00:00,27.4,20.3,424.0,5.1,12.7,131.0,138,24.6,40,9.5,0.0
2026-01-06 15:00:00,27.2,20.1,417.0,5.4,12.7,132.0,135,25.0,36,3.5,0.0
2026-01-06 16:00:00,28.2,20.8,467.0,6.9,13.2,131.0,133,25.0,34,7.8,0.0
2026-01-06 17:00:00,41.7,30.9,545.0,11.2,15.3,126.0,131,23.4,46,11.5,0.0
2026-01-06 18:00:00,47.0,39.7,674.0,19.5,15.3,110.0,129,22.1,54,9.7,0.0
2026-01-06 19:00:00,50.6,44.6,831.0,30.8,15.2,88.0,126,21.4,59,2.6,0.0
2026-01-06 20:00:00,50.8,44.7,923.0,37.3,15.1,72.0,122,21.1,60,8.0,0.0
2026-01-06 21:00:00,52.2,45.3,898.0,34.7,14.9,69.0,117,20.7,53,10.0,0.0
2026-01-06 22:00:00,54.9,47.1,807.0,27.4,14.7,73.0,112,19.7,59,10.0,0.0
2026-01-06 23:00:00,58.1,49.4,718.0,20.7,14.5,77.0,108,19.1,62,10.5,0.0
2026-01-07 00:00:00,60.1,50.9,647.0,16.4,14.1,80.0,106,18.4,66,10.0,0.0
2026-01-07 01:00:00,61.0,51.5,577.0,12.8,13.7,84.0,106,18.1,69,9.8,0.0
2026-01-07 02:00:00,61.5,52.0,521.0,10.0,13.6,87.0,107,17.8,71,9.3,0.0
2026-01-07 03:00:00,61.2,52.5,468.0,7.4,13.8,91.0,108,17.5,72,8.9,0.0
2026-01-07 04:00:00,60.1,52.7,430.0,5.7,14.3,95.0,109,17.2,73,8.7,0.0
2026-01-07 05:00:00,58.8,52.9,456.0,6.6,14.7,92.0,110,16.6,70,9.5,0.0
2026-01-07 06:00:00,56.8,52.2,615.0,12.4,15.4,85.0,112,16.2,71,9.5,0.0
2026-01-07 07:00:00,56.6,52.9,839.0,20.2,16.4,77.0,114,15.8,71,9.5,0.0
2026-01-07 08:00:00,57.7,54.6,968.0,24.5,17.4,76.0,115,15.5,71,9.7,0.0
2026-01-07 09:00:00,57.3,54.8,915.0,21.9,18.8,90.0,116,16.2,66,11.2,0.0
2026-01-07 10:00:00,55.4,52.2,768.0,15.8,20.2,111.0,117,17.9,59,15.1,0.0
2026-01-07 11:00:00,49.0,44.6,635.0,10.5,20.4,128.0,118,20.4,50,16.4,0.0
2026-01-07 12:00:00,36.7,32.0,546.0,7.5,18.2,134.0,119,22.2,42,18.5,0.0
2026-01-07 13:00:00,29.4,24.6,472.0,5.4,14.7,135.0,120,23.4,37,17.4,0.0
2026-01-07 14:00:00,27.5,22.5,432.0,4.5,12.1,135.0,120,24.1,31,16.4,0.0
2026-01-07 15:00:00,27.1,22.2,436.0,4.7,11.3,135.0,120,24.3,28,15.8,0.0
2026-01-07 16:00:00,26.8,22.2,475.0,6.0,11.3,133.0,120,24.1,27,16.5,0.0
2026-01-07 17:00:00,31.7,27.6,543.0,9.9,12.5,128.0,121,23.5,29,17.1,0.0
2026-01-07 18:00:00,37.0,33.8,669.0,16.8,12.7,113.0,120,22.6,32,16.9,0.0
2026-01-07 19:00:00,40.3,37.4,823.0,26.1,12.9,93.0,120,21.1,40,16.9,0.0
2026-01-07 20:00:00,39.6,36.6,914.0,32.2,13.0,77.0,119,19.8,48,16.8,0.0
2026-01-07 21:00:00,39.2,36.2,890.0,32.3,12.9,71.0,118,18.5,55,15.3,0.0
2026-01-07 22:00:00,39.8,36.9,803.0,29.1,12.8,69.0,117,17.6,63,13.4,0.0
2026-01-07 23:00:00,40.7,38.0,714.0,25.0,12.6,71.0,116,16.4,67,15.1,0.0
2026-01-08 00:00:00,40.9,38.4,637.0,20.2,12.4,77.0,115,15.9,71,13.0,0.0
2026-01-08 01:00:00,40.3,38.1,557.0,14.5,12.3,87.0,113,15.5,72,12.2,0.0
2026-01-08 02:00:00,39.2,37.4,496.0,10.0,12.3,94.0,112,15.1,72,11.9,0.0
2026-01-08 03:00:00,38.2,36.7,448.0,7.2,12.6,96.0,111,14.9,72,12.6,0.0
2026-01-08 04:00:00,37.6,36.2,418.0,5.6,13.1,96.0,109,14.7,71,13.2,0.0
2026-01-08 05:00:00,39.1,38.0,443.0,6.1,14.7,95.0,107,14.3,67,14.7,0.0
2026-01-08 06:00:00,39.7,38.3,579.0,10.8,15.0,88.0,106,14.1,69,16.0,0.0
2026-01-08 07:00:00,41.3,39.9,771.0,17.1,15.5,78.0,104,13.9,70,17.8,0.0
2026-01-08 08:00:00,44.0,42.6,886.0,20.5,15.9,76.0,103,13.8,70,19.9,0.0
2026-01-08 09:00:00,44.9,43.4,855.0,18.1,16.4,88.0,102,15.0,64,19.0,0.0
2026-01-08 10:00:00,42.3,40.6,748.0,12.7,16.8,107.0,100,17.4,52,20.2,0.0
2026-01-08 11:00:00,35.2,33.8,645.0,8.3,16.6,123.0,99,19.6,41,23.2,0.0
2026-01-08 12:00:00,28.1,27.1,563.0,6.2,15.3,130.0,98,21.6,33,20.9,0.0
2026-01-08 13:00:00,23.5,22.6,484.0,5.0,13.5,134.0,98,22.9,24,20.8,0.0
2026-01-08 14:00:00,21.1,20.3,440.0,4.8,12.2,135.0,98,23.4,19,19.0,0.0
2026-01-08 15:00:00,20.1,19.3,431.0,4.9,11.8,135.0,98,23.6,19,17.3,0.0
2026-01-08 16:00:00,20.1,19.3,457.0,6.0,12.0,133.0,97,23.4,19,15.8,0.0
2026-01-08 17:00:00,11.9,11.7,544.0,9.9,12.6,124.0,97,22.9,22,15.1,0.0
2026-01-08 18:00:00,18.2,17.9,757.0,19.7,12.8,106.0,96,22.1,25,14.3,0.0
2026-01-08 19:00:00,24.0,23.6,1031.0,33.0,13.0,82.0,94,20.6,30,14.3,0.0
2026-01-08 20:00:00,24.0,23.6,1199.0,41.5,13.1,64.0,93,19.4,31,15.6,0.0
2026-01-08 21:00:00,23.8,23.2,1170.0,40.9,13.0,59.0,92,18.4,37,14.6,0.0
2026-01-08 22:00:00,24.6,23.8,1034.0,35.4,12.8,60.0,91,17.5,42,12.4,0.0
2026-01-08 23:00:00,25.9,25.0,901.0,29.7,12.5,62.0,90,16.3,47,14.2,0.0
2026-01-09 00:00:00,26.9,25.8,800.0,25.0,12.0,64.0,88,15.7,51,12.7,0.0
2026-01-09 01:00:00,26.9,25.8,700.0,20.1,11.5,68.0,87,15.1,54,11.8,0.0
2026-01-09 02:00:00,26.7,25.4,620.0,15.9,11.2,72.0,86,14.7,57,11.0,0.0
2026-01-09 03:00:00,26.7,25.3,534.0,11.7,11.4,77.0,85,14.1,59,10.0,0.0
2026-01-09 04:00:00,27.0,25.5,467.0,8.2,11.9,83.0,84,13.7,61,9.2,0.0
2026-01-09 05:00:00,26.1,24.7,511.0,8.0,11.9,84.0,83,13.3,62,9.9,0.0
2026-01-09 06:00:00,26.9,25.5,779.0,15.0,13.0,76.0,82,13.2,63,8.7,0.0
2026-01-09 07:00:00,29.6,28.2,1159.0,24.4,14.5,65.0,81,12.9,67,7.9,0.0
2026-01-09 08:00:00,34.3,32.9,1402.0,29.7,16.0,63.0,80,12.9,68,7.7,0.0
2026-01-09 09:00:00,36.4,35.2,1389.0,27.0,17.4,76.0,79,14.3,55,8.3,0.0
2026-01-09 10:00:00,33.1,31.5,1240.0,20.2,18.7,98.0,78,16.5,44,7.7,0.0
2026-01-09 11:00:00,27.0,25.4,1063.0,14.2,19.7,117.0,77,18.7,34,8.7,0.0
2026-01-09 12:00:00,24.1,22.4,860.0,10.5,20.1,130.0,77,20.7,26,6.7,0.0
2026-01-09 13:00:00,24.0,21.7,629.0,7.7,20.1,140.0,76,22.1,23,3.6,0.0
2026-01-09 14:00:00,25.0,21.8,476.0,6.3,20.1,146.0,76,22.9,24,4.1,0.0
2026-01-09 15:00:00,25.1,21.6,420.0,5.2,20.2,149.0,76,22.8,27,10.1,0.0
2026-01-09 16:00:00,24.8,21.3,443.0,5.5,20.3,148.0,76,22.1,32,12.9,0.0
2026-01-09 17:00:00,11.3,10.6,593.0,11.5,21.2,136.0,80,21.7,34,13.2,0.0
2026-01-09 18:00:00,20.7,20.3,1019.0,34.5,20.8,103.0,93,20.8,37,12.0,0.0
2026-01-09 19:00:00,33.5,33.2,1573.0,65.4,20.2,58.0,94,19.8,47,9.4,0.0
2026-01-09 20:00:00,25.4,25.3,1860.0,82.2,19.0,29.0,81,19.3,49,5.9,0.0
2026-01-09 21:00:00,18.2,18.0,1626.0,71.4,16.6,34.0,78,17.4,60,9.1,0.0
2026-01-09 22:00:00,14.8,14.6,1124.0,46.5,13.5,55.0,77,17.5,46,12.7,0.0
2026-01-09 23:00:00,13.8,13.4,721.0,26.4,11.3,72.0,77,17.2,40,10.9,0.0
2026-01-10 00:00:00,14.2,13.8,566.0,18.5,10.7,76.0,75,16.4,46,10.9,0.0
2026-01-10 01:00:00,15.3,14.7,511.0,15.3,10.9,77.0,74,15.6,51,10.3,0.0
2026-01-10 02:00:00,16.5,15.5,472.0,13.1,11.4,77.0,73,14.8,56,9.8,0.0
2026-01-10 03:00:00,17.6,16.4,400.0,10.0,12.1,80.0,73,14.0,61,10.0,0.0
2026-01-10 04:00:00,18.6,17.4,345.0,7.9,13.1,84.0,72,13.5,63,9.4,0.0
2026-01-10 05:00:00,21.0,19.7,377.0,8.8,14.1,82.0,71,13.3,60,9.8,0.0
2026-01-10 06:00:00,22.7,21.4,583.0,15.1,15.3,75.0,71,13.2,61,9.8,0.0
2026-01-10 07:00:00,26.1,24.8,877.0,23.5,17.1,67.0,70,13.1,62,8.9,0.0
2026-01-10 08:00:00,31.4,30.3,1066.0,28.2,19.1,66.0,70,13.2,64,8.4,0.0
2026-01-10 09:00:00,33.9,32.7,1058.0,25.7,21.7,80.0,70,14.9,51,8.7,0.0
2026-01-10 10:00:00,32.7,31.2,946.0,19.6,24.4,102.0,69,16.8,42,10.4,0.0
2026-01-10 11:00:00,32.6,30.4,820.0,14.1,26.1,121.0,69,18.7,37,10.3,0.0
2026-01-10 12:00:00,30.9,28.0,688.0,10.6,25.7,133.0,70,20.9,31,7.9,0.0
2026-01-10 13:00:00,28.7,25.7,542.0,7.7,24.1,142.0,70,22.2,31,6.1,0.0
2026-01-10 14:00:00,28.2,25.1,449.0,6.4,23.0,147.0,71,22.9,31,8.9,0.0
2026-01-10 15:00:00,28.5,25.1,368.0,4.3,22.9,152.0,71,22.8,34,11.3,0.0
2026-01-10 16:00:00,28.9,25.6,340.0,3.7,23.2,153.0,71,22.4,37,12.5,0.0
2026-01-10 17:00:00,26.0,24.6,556.0,12.1,25.8,143.0,86,21.9,39,11.5,0.0
2026-01-10 18:00:00,35.3,34.1,1315.0,39.1,28.3,106.0,99,20.9,45,11.9,0.0
2026-01-10 19:00:00,55.6,54.7,2317.0,75.4,31.5,55.0,100,19.9,55,10.0,0.0
2026-01-10 20:00:00,58.4,57.7,2856.0,97.0,32.3,21.0,86,19.3,58,6.5,0.0
2026-01-10 21:00:00,46.9,46.3,2486.0,90.2,28.5,21.0,79,18.2,61,10.8,0.0
2026-01-10 22:00:00,40.2,39.6,1653.0,68.6,22.4,37.0,81,17.9,55,12.6,0.0
2026-01-10 23:00:00,37.6,36.7,990.0,48.5,17.3,53.0,84,16.8,57,12.1,0.0
2026-01-11 00:00:00,37.1,35.9,755.0,34.6,14.6,62.0,86,16.0,60,10.8,0.0
2026-01-11 01:00:00,37.3,35.6,690.0,22.3,13.0,70.0,88,15.4,60,9.8,0.0
2026-01-11 02:00:00,37.4,35.5,648.0,13.3,12.1,76.0,90,14.6,65,8.8,0.0
2026-01-11 03:00:00,38.0,35.9,556.0,8.6,11.9,79.0,91,13.9,71,7.7,0.0
2026-01-11 04:00:00,38.6,36.6,488.0,7.3,12.5,79.0,93,13.4,74,7.5,0.0
2026-01-11 05:00:00,39.9,37.8,516.0,10.2,13.2,70.0,95,12.7,71,7.9,0.0
2026-01-11 06:00:00,41.1,39.0,735.0,16.3,14.1,63.0,96,12.3,74,8.3,0.0
2026-01-11 07:00:00,43.8,41.6,1050.0,24.5,15.3,55.0,98,12.0,76,8.0,0.0
2026-01-11 08:00:00,48.3,46.1,1253.0,29.1,16.8,55.0,99,12.1,75,8.4,0.0
2026-01-11 09:00:00,50.4,48.4,1249.0,26.9,18.9,71.0,101,13.6,61,9.4,0.0
2026-01-11 10:00:00,46.7,44.0,1134.0,21.2,21.3,96.0,103,15.8,50,11.8,0.0
2026-01-11 11:00:00,44.4,41.0,985.0,15.9,22.5,116.0,104,18.2,41,10.7,0.0
2026-01-11 12:00:00,39.6,36.1,790.0,11.9,21.7,128.0,105,20.6,36,9.4,0.0
2026-01-11 13:00:00,33.8,30.3,562.0,8.2,19.7,136.0,106,22.1,35,10.2,0.0
2026-01-11 14:00:00,29.7,26.6,418.0,6.2,17.8,140.0,106,23.1,25,11.7,0.0
2026-01-11 15:00:00,27.1,24.2,416.0,5.7,16.1,140.0,107,23.6,17,12.3,0.0
2026-01-11 16:00:00,25.3,22.7,499.0,6.9,14.4,136.0,106,23.7,16,14.2,0.0
2026-01-11 17:00:00,24.9,22.7,612.0,11.3,13.2,127.0,106,23.4,18,13.0,0.0
2026-01-11 18:00:00,31.9,30.5,775.0,22.6,12.8,107.0,106,22.4,23,12.8,0.0
2026-01-11 19:00:00,37.5,36.4,967.0,37.0,12.8,82.0,106,20.7,30,12.5,0.0
2026-01-11 20:00:00,36.6,35.6,1073.0,45.3,12.9,65.0,104,19.5,33,12.1,0.0
2026-01-11 21:00:00,36.6,35.4,1020.0,41.7,13.0,63.0,101,18.5,35,10.5,0.0
2026-01-11 22:00:00,38.1,36.8,880.0,31.9,13.2,70.0,100,17.1,41,9.2,0.0
2026-01-11 23:00:00,40.3,38.9,757.0,23.5,13.1,75.0,100,15.5,43,9.4,0.0
2026-01-12 00:00:00,42.1,40.5,690.0,19.4,12.6,76.0,100,14.7,47,9.3,0.0
2026-01-12 01:00:00,43.1,41.3,640.0,16.6,11.9,76.0,101,14.1,50,9.0,0.0
2026-01-12 02:00:00,43.3,41.4,594.0,14.4,11.3,76.0,101,13.6,52,7.7,0.0
2026-01-12 03:00:00,43.2,41.3,504.0,11.3,10.8,78.0,102,13.1,57,6.6,0.0
2026-01-12 04:00:00,42.5,40.6,418.0,8.6,10.5,80.0,102,12.4,63,7.0,0.0
2026-01-12 05:00:00,42.5,40.4,466.0,9.2,10.2,79.0,103,11.5,69,7.4,0.0
2026-01-12 06:00:00,43.5,41.3,769.0,18.6,11.2,67.0,103,11.0,73,7.0,0.0
2026-01-12 07:00:00,46.9,44.6,1205.0,31.3,12.6,51.0,103,10.8,74,6.8,0.0
2026-01-12 08:00:00,54.4,52.2,1540.0,39.2,14.1,46.0,104,10.9,73,6.5,0.0
2026-01-12 09:00:00,59.4,57.4,1700.0,37.8,15.1,60.0,104,12.9,63,6.6,0.0
2026-01-12 10:00:00,57.4,54.5,1758.0,31.6,16.1,85.0,105,15.4,46,6.9,0.0
2026-01-12 11:00:00,58.2,54.1,1698.0,25.5,18.7,109.0,106,18.7,33,6.5,0.0
2026-01-12 12:00:00,54.4,50.2,1441.0,20.5,24.1,130.0,108,20.9,27,4.4,0.0
2026-01-12 13:00:00,49.8,46.1,1065.0,15.6,31.0,150.0,109,22.7,23,0.7,0.0
2026-01-12 14:00:00,48.1,44.5,790.0,12.8,36.7,165.0,111,23.5,23,4.8,0.0
2026-01-12 15:00:00,47.5,43.9,683.0,9.6,40.1,177.0,113,23.2,28,9.8,0.0
2026-01-12 16:00:00,47.3,43.7,678.0,8.6,42.3,183.0,115,21.9,39,13.6,0.0
2026-01-12 17:00:00,28.5,27.4,794.0,17.2,38.6,168.0,117,20.8,50,12.0,0.0
2026-01-12 18:00:00,43.8,42.6,1070.0,50.5,38.5,124.0,117,20.2,53,9.2,0.0
2026-01-12 19:00:00,59.8,58.7,1468.0,96.0,38.3,64.0,123,19.6,62,5.1,0.0
2026-01-12 20:00:00,68.5,67.1,1891.0,126.7,38.8,20.0,121,19.0,69,3.2,0.0
2026-01-12 21:00:00,78.7,77.1,2433.0,128.8,41.3,8.0,124,18.5,72,1.1,0.0
2026-01-12 22:00:00,80.6,79.2,3000.0,116.2,44.4,12.0,129,17.7,75,3.1,0.0
2026-01-12 23:00:00,72.4,71.5,3219.0,103.8,44.3,16.0,133,16.7,83,3.1,0.0
2026-01-13 00:00:00,63.1,62.9,2811.0,97.8,37.9,15.0,136,14.8,92,4.6,0.0
2026-01-13 01:00:00,54.1,53.9,2054.0,92.0,28.3,15.0,139,14.0,95,5.9,0.0
2026-01-13 02:00:00,47.5,47.4,1410.0,82.7,20.8,18.0,140,13.6,94,6.4,0.0
2026-01-13 03:00:00,43.5,43.3,1010.0,65.5,17.7,29.0,141,13.7,92,6.7,0.0
2026-01-13 04:00:00,41.1,41.0,723.0,44.9,16.6,43.0,141,13.8,90,6.6,0.0
2026-01-13 05:00:00,39.0,38.8,620.0,32.8,16.4,51.0,141,13.3,85,6.0,0.0
2026-01-13 06:00:00,36.8,36.6,820.0,34.8,17.0,49.0,141,13.1,85,6.4,0.0
2026-01-13 07:00:00,36.8,36.6,1203.0,37.2,17.8,46.0,140,12.8,81,6.6,0.0
2026-01-13 08:00:00,39.6,39.2,1481.0,37.1,19.0,51.0,139,12.8,78,7.1,0.0
2026-01-13 09:00:00,39.8,39.6,1549.0,32.3,20.7,69.0,138,14.4,64,7.7,0.0
2026-01-13 10:00:00,32.1,31.7,1512.0,25.1,22.7,94.0,136,17.1,54,7.5,0.0
2026-01-13 11:00:00,28.3,27.5,1393.0,18.6,24.4,116.0,134,19.8,38,10.8,0.0
2026-01-13 12:00:00,26.8,25.3,1135.0,13.7,25.4,131.0,131,21.9,33,10.4,0.0
2026-01-13 13:00:00,27.4,24.6,796.0,9.7,26.0,143.0,128,23.2,29,8.0,0.0
2026-01-13 14:00:00,28.8,25.0,571.0,7.5,26.6,150.0,126,24.1,26,5.8,0.0
2026-01-13 15:00:00,30.2,25.7,498.0,4.4,26.7,154.0,124,24.6,26,4.1,0.0
2026-01-13 16:00:00,31.3,26.7,541.0,3.2,26.8,153.0,122,24.6,27,4.6,0.0
2026-01-13 17:00:00,31.4,27.4,781.0,13.2,28.7,138.0,121,24.3,33,5.4,0.0
2026-01-13 18:00:00,42.4,38.9,1379.0,38.7,31.0,105.0,121,22.7,42,8.9,0.0
2026-01-13 19:00:00,59.6,56.6,2176.0,73.4,34.1,58.0,120,21.1,55,8.5,0.0
2026-01-13 20:00:00,65.7,63.1,2776.0,96.7,36.6,24.0,120,20.2,63,4.7,0.0
2026-01-13 21:00:00,70.8,68.7,3022.0,97.6,38.4,13.0,120,19.6,65,3.3,0.0
2026-01-13 22:00:00,75.2,73.3,3071.0,87.0,39.6,15.0,119,18.8,69,4.5,0.0
2026-01-13 23:00:00,75.9,74.5,3002.0,76.8,38.5,16.0,118,18.0,63,4.5,0.0
2026-01-14 00:00:00,72.2,71.2,2813.0,70.9,33.6,14.0,118,17.6,63,2.9,0.0
2026-01-14 01:00:00,68.0,67.1,2505.0,65.3,26.4,12.0,119,17.0,62,1.8,0.0
2026-01-14 02:00:00,64.7,63.6,2160.0,59.8,20.6,11.0,121,16.4,65,2.3,0.0
2026-01-14 03:00:00,62.2,61.0,1678.0,53.4,17.1,11.0,122,14.9,75,4.3,0.0
2026-01-14 04:00:00,59.6,58.6,1159.0,46.9,15.0,11.0,124,13.7,82,5.2,0.0
2026-01-14 05:00:00,56.0,54.7,985.0,46.0,15.8,13.0,126,13.1,79,5.3,0.0
2026-01-14 06:00:00,55.4,54.1,1527.0,47.3,17.5,9.0,128,12.9,75,4.5,0.0
2026-01-14 07:00:00,59.0,57.6,2413.0,48.7,19.9,5.0,129,13.0,73,4.6,0.0
2026-01-14 08:00:00,70.5,69.2,2917.0,47.4,22.4,13.0,132,13.3,73,4.6,0.0
2026-01-14 09:00:00,71.2,69.8,2647.0,41.4,25.2,42.0,135,15.0,70,3.9,0.0
2026-01-14 10:00:00,51.3,48.1,1993.0,32.6,28.1,83.0,138,19.5,49,1.9,0.0
2026-01-14 11:00:00,40.2,32.2,1402.0,24.6,29.6,115.0,140,22.3,46,1.4,0.0
2026-01-14 12:00:00,37.8,26.3,1001.0,17.9,28.5,130.0,140,23.4,57,6.5,0.0
2026-01-14 13:00:00,38.0,24.2,663.0,11.9,26.0,136.0,140,24.1,58,10.4,0.0
2026-01-14 14:00:00,37.5,23.0,443.0,8.3,23.9,137.0,140,24.2,59,14.4,0.0
2026-01-14 15:00:00,36.6,21.9,358.0,6.8,23.0,134.0,140,23.9,61,14.6,0.0
2026-01-14 16:00:00,35.2,21.1,392.0,7.8,22.6,127.0,140,23.7,63,14.6,0.0
2026-01-14 17:00:00,32.5,19.6,557.0,12.9,20.8,106.0,139,23.6,68,14.6,0.0
2026-01-14 18:00:00,32.5,22.2,962.0,28.4,20.0,82.0,138,22.6,76,11.3,0.0
2026-01-14 19:00:00,37.4,28.5,1498.0,49.7,19.0,49.0,136,21.6,86,6.7,0.0
2026-01-14 20:00:00,39.3,30.7,1849.0,64.8,18.1,24.0,133,20.9,90,3.7,0.0
2026-01-14 21:00:00,40.3,31.9,1866.0,68.7,17.7,16.0,130,20.3,92,2.2,0.0
2026-01-14 22:00:00,40.4,32.2,1698.0,66.4,17.6,17.0,126,19.8,94,2.1,0.0
2026-01-14 23:00:00,40.9,31.7,1482.0,61.4,16.9,21.0,122,19.3,94,2.4,0.0
2026-01-15 00:00:00,40.0,30.2,1225.0,53.4,15.3,28.0,118,19.1,94,2.2,0.0
2026-01-15 01:00:00,37.8,28.1,919.0,42.6,13.3,37.0,113,18.8,95,2.3,0.0
2026-01-15 02:00:00,35.6,26.1,674.0,33.5,11.5,45.0,109,18.6,95,2.0,0.0
2026-01-15 03:00:00,36.1,26.4,442.0,26.7,10.0,50.0,105,18.0,97,2.3,0.0
2026-01-15 04:00:00,38.0,27.8,271.0,21.7,8.7,53.0,102,17.5,99,2.9,0.0
2026-01-15 05:00:00,41.4,31.9,419.0,18.9,7.9,53.0,99,16.6,100,3.2,0.0
2026-01-15 06:00:00,45.5,36.2,1247.0,25.3,9.9,39.0,97,16.5,99,4.2,0.0
2026-01-15 07:00:00,52.6,45.8,2394.0,34.1,12.7,20.0,95,16.1,100,5.0,0.0
2026-01-15 08:00:00,68.0,62.4,3028.0,40.7,15.6,13.0,94,15.9,100,5.0,0.0
2026-01-15 09:00:00,72.6,67.8,2656.0,44.3,18.5,29.0,93,17.7,93,4.6,0.0
2026-01-15 10:00:00,69.4,64.7,1772.0,45.6,21.4,57.0,93,21.3,78,2.5,0.0
2026-01-15 11:00:00,47.7,41.2,1030.0,42.9,23.9,82.0,95,23.7,64,11.3,0.0
2026-01-15 12:00:00,34.7,26.0,666.0,32.6,26.0,102.0,96,24.3,62,15.5,0.0
2026-01-15 13:00:00,28.3,21.1,444.0,18.2,27.5,120.0,96,24.4,62,18.3,0.0
2026-01-15 14:00:00,24.9,18.7,309.0,8.0,27.9,130.0,95,24.5,59,18.3,0.0
2026-01-15 15:00:00,23.5,17.3,218.0,3.9,26.2,130.0,95,24.4,59,18.6,0.0
2026-01-15 16:00:00,22.6,16.0,215.0,3.9,23.2,121.0,94,24.0,61,17.5,0.0
2026-01-15 17:00:00,17.1,12.3,377.0,10.0,18.5,104.0,94,24.5,61,14.2,0.0
2026-01-15 18:00:00,19.8,15.5,807.0,28.3,18.6,78.0,93,23.5,67,12.6,0.0
2026-01-15 19:00:00,29.5,25.4,1403.0,53.4,18.8,43.0,93,22.6,74,9.0,0.0
2026-01-15 20:00:00,36.3,32.0,1938.0,72.3,20.1,16.0,92,21.9,78,6.2,0.0
2026-01-15 21:00:00,44.7,39.3,2381.0,78.6,23.5,7.0,93,21.2,81,4.5,0.0
2026-01-15 22:00:00,53.1,46.8,2762.0,78.5,27.8,6.0,93,20.7,83,3.6,0.0
2026-01-15 23:00:00,59.3,52.3,2953.0,77.6,30.7,6.0,95,20.2,83,3.7,0.0
2026-01-16 00:00:00,62.9,55.3,2863.0,77.5,30.8,5.0,96,19.9,84,2.9,0.0
2026-01-16 01:00:00,63.6,55.5,2583.0,76.7,29.3,5.0,99,19.6,85,1.9,0.0
2026-01-16 02:00:00,63.6,55.1,2247.0,75.6,27.7,6.0,101,19.4,85,2.1,0.0
2026-01-16 03:00:00,61.7,53.0,1795.0,74.6,26.0,8.0,104,18.9,86,2.2,0.0
2026-01-16 04:00:00,58.8,49.4,1287.0,73.4,24.2,12.0,107,18.2,89,1.9,0.0
2026-01-16 05:00:00,59.8,48.9,1046.0,56.2,16.4,26.0,109,16.8,94,2.8,0.0
2026-01-16 06:00:00,66.1,54.7,1353.0,57.1,18.3,19.0,111,16.5,96,3.4,0.0
2026-01-16 07:00:00,73.6,63.3,1927.0,58.1,20.9,11.0,113,16.3,97,4.5,0.0
2026-01-16 08:00:00,85.4,76.8,2240.0,56.6,23.7,13.0,115,16.5,97,4.8,0.0
2026-01-16 09:00:00,81.5,74.0,2019.0,51.2,27.0,33.0,116,18.1,89,4.7,0.0
2026-01-16 10:00:00,74.5,66.6,1538.0,43.3,30.5,62.0,117,21.2,71,4.4,0.0
2026-01-16 11:00:00,53.9,37.8,1092.0,34.7,31.7,87.0,117,23.3,62,6.2,0.0
2026-01-16 12:00:00,38.5,24.6,757.0,24.6,28.9,103.0,117,24.8,52,12.8,0.0
2026-01-16 13:00:00,32.9,21.7,456.0,13.8,23.9,114.0,117,25.0,55,17.3,0.0
2026-01-16 14:00:00,28.5,19.5,259.0,6.6,20.1,119.0,117,24.8,55,17.6,0.0
2026-01-16 15:00:00,25.8,18.0,182.0,3.7,19.0,118.0,117,24.7,56,17.6,0.0
2026-01-16 16:00:00,24.0,16.6,208.0,4.4,19.1,110.0,117,24.3,58,17.0,0.0
2026-01-16 17:00:00,22.7,14.9,352.0,9.8,17.2,94.0,117,24.6,60,15.2,0.0
2026-01-16 18:00:00,24.2,17.1,729.0,23.5,16.9,75.0,117,23.6,67,13.6,0.0
2026-01-16 19:00:00,29.9,23.1,1225.0,42.4,16.4,48.0,117,22.7,75,9.9,0.0
2026-01-16 20:00:00,34.3,27.1,1508.0,56.1,16.0,28.0,117,22.1,78,8.0,0.0
2026-01-16 21:00:00,37.8,29.7,1386.0,60.4,15.9,22.0,117,21.6,83,6.7,0.0
2026-01-16 22:00:00,41.3,31.7,1051.0,59.5,15.8,22.0,116,21.3,83,5.7,0.0
2026-01-16 23:00:00,44.4,32.9,754.0,55.7,15.2,26.0,114,21.3,84,6.5,0.0
2026-01-17 00:00:00,46.2,33.1,577.0,48.5,13.5,32.0,112,21.1,86,6.6,0.0
2026-01-17 01:00:00,44.7,31.2,437.0,38.4,11.3,42.0,110,21.4,85,6.9,0.0
2026-01-17 02:00:00,44.1,29.5,333.0,29.5,9.5,50.0,107,21.8,83,7.6,0.0
2026-01-17 03:00:00,45.5,28.4,252.0,21.7,8.5,58.0,104,22.0,83,10.4,0.0
2026-01-17 04:00:00,44.4,26.8,207.0,15.1,8.0,65.0,102,21.7,86,10.6,0.0
2026-01-17 05:00:00,42.4,25.9,239.0,14.9,8.4,64.0,100,21.6,84,10.6,0.0
2026-01-17 06:00:00,41.6,25.3,427.0,25.7,9.4,51.0,98,21.4,85,10.3,0.0
2026-01-17 07:00:00,45.6,28.9,691.0,40.1,10.9,35.0,95,21.2,85,9.0,0.0
2026-01-17 08:00:00,53.8,37.6,836.0,46.9,12.7,30.0,92,20.9,88,7.4,0.0
2026-01-17 09:00:00,54.1,41.6,740.0,38.7,15.4,49.0,88,21.5,86,7.9,0.0
2026-01-17 10:00:00,55.4,33.3,525.0,23.0,18.5,80.0,86,22.8,76,8.7,0.0
2026-01-17 11:00:00,80.6,30.7,352.0,10.6,20.2,105.0,83,23.4,67,11.4,0.0
2026-01-17 12:00:00,82.2,29.9,284.0,6.0,19.4,116.0,82,24.1,65,14.4,0.0
2026-01-17 13:00:00,80.1,29.6,258.0,4.7,17.2,121.0,82,24.4,63,18.0,0.0
2026-01-17 14:00:00,80.3,29.4,253.0,4.6,15.5,122.0,83,24.5,61,19.9,0.0
2026-01-17 15:00:00,79.9,28.8,233.0,4.3,15.1,119.0,84,24.3,61,20.3,0.0
2026-01-17 16:00:00,77.1,27.6,234.0,5.1,15.2,113.0,85,24.0,61,20.5,0.0
2026-01-17 17:00:00,73.1,26.6,336.0,9.6,17.7,104.0,86,23.6,64,18.8,0.0
2026-01-17 18:00:00,59.0,24.9,636.0,18.6,17.1,89.0,87,22.7,70,17.2,0.0
2026-01-17 19:00:00,48.5,26.0,1037.0,31.0,16.4,68.0,88,22.2,73,13.9,0.0
2026-01-17 20:00:00,44.1,26.8,1333.0,40.9,15.8,52.0,88,21.7,76,11.2,0.0
2026-01-17 21:00:00,41.1,27.4,1417.0,45.9,15.7,44.0,88,21.4,76,9.8,0.0
2026-01-17 22:00:00,39.3,27.8,1396.0,48.3,15.7,40.0,88,21.3,76,9.2,0.0
2026-01-17 23:00:00,38.2,28.2,1381.0,48.8,15.5,38.0,87,20.9,77,7.2,0.0
2026-01-18 00:00:00,37.6,28.1,1443.0,47.1,14.6,38.0,87,20.6,80,5.8,0.0
2026-01-18 01:00:00,38.1,28.1,1512.0,43.5,13.3,39.0,87,20.3,80,5.2,0.0
2026-01-18 02:00:00,38.9,28.1,1488.0,39.8,12.4,40.0,86,20.1,80,4.2,0.0
2026-01-18 03:00:00,39.1,27.9,1252.0,35.9,12.1,39.0,86,19.8,79,3.3,0.0
2026-01-18 04:00:00,38.8,27.6,922.0,31.9,12.2,36.0,86,19.4,79,2.2,0.0
2026-01-18 05:00:00,47.0,33.9,754.0,35.8,13.1,23.0,86,17.7,85,2.6,0.0
2026-01-18 06:00:00,49.1,35.6,925.0,37.9,13.0,15.0,87,16.8,89,3.3,0.0
2026-01-18 07:00:00,56.0,42.5,1258.0,40.4,13.2,5.0,88,15.5,96,4.6,0.0
2026-01-18 08:00:00,72.4,56.2,1473.0,39.9,16.0,7.0,89,14.8,99,6.1,0.0
2026-01-18 09:00:00,70.8,56.2,1449.0,33.6,24.5,33.0,91,16.8,91,6.6,0.0
2026-01-18 10:00:00,68.7,44.0,1309.0,24.2,35.6,72.0,92,20.5,71,6.5,0.0
2026-01-18 11:00:00,69.6,33.5,1138.0,16.4,42.7,104.0,93,22.6,61,4.7,0.0
2026-01-18 12:00:00,77.1,32.8,937.0,11.8,42.0,122.0,93,23.8,57,3.6,0.0
2026-01-18 13:00:00,72.4,31.3,707.0,8.9,37.3,133.0,93,24.3,55,7.1,0.0
2026-01-18 14:00:00,67.5,29.5,535.0,7.4,33.3,139.0,94,24.4,55,10.3,0.0
2026-01-18 15:00:00,61.0,27.9,446.0,7.0,32.4,143.0,94,24.1,59,15.3,0.0
2026-01-18 16:00:00,55.5,26.7,415.0,8.0,32.2,143.0,93,23.7,61,16.1,0.0
2026-01-18 17:00:00,61.7,30.2,462.0,11.4,31.2,134.0,93,23.7,62,14.4,0.0
2026-01-18 18:00:00,48.4,28.5,605.0,19.5,27.7,112.0,94,22.9,66,13.2,0.0
2026-01-18 19:00:00,43.0,27.8,825.0,30.7,22.9,82.0,94,22.3,72,10.0,0.0
2026-01-18 20:00:00,44.1,27.5,1083.0,39.8,19.1,58.0,94,21.9,75,8.3,0.0
2026-01-18 21:00:00,49.5,29.5,1427.0,44.7,17.4,45.0,94,21.5,77,6.2,0.0
2026-01-18 22:00:00,56.2,32.4,1809.0,47.4,16.8,38.0,94,21.0,79,3.0,0.0
2026-01-18 23:00:00,63.8,35.3,2047.0,49.2,16.3,33.0,95,20.5,82,1.9,0.0
2026-01-19 00:00:00,74.0,38.8,2052.0,50.4,15.7,29.0,95,19.9,85,2.4,0.0
2026-01-19 01:00:00,84.5,41.8,1914.0,50.6,15.3,27.0,96,18.7,92,4.1,0.0
2026-01-19 02:00:00,90.6,43.1,1717.0,49.5,14.9,25.0,98,17.8,96,4.6,0.0
2026-01-19 03:00:00,92.2,43.4,1402.0,46.0,14.5,24.0,99,17.4,97,4.7,0.0
2026-01-19 04:00:00,88.5,42.0,1028.0,41.3,14.1,23.0,100,17.1,96,4.3,0.0
2026-01-19 05:00:00,104.5,44.0,858.0,36.8,16.2,30.0,102,16.9,97,3.6,0.0
2026-01-19 06:00:00,95.0,44.0,1109.0,40.7,16.3,21.0,103,16.7,98,3.6,0.0
2026-01-19 07:00:00,89.9,47.3,1565.0,45.6,16.7,9.0,104,16.6,97,4.0,0.0
2026-01-19 08:00:00,97.3,58.4,1840.0,46.4,18.5,9.0,104,16.5,97,4.6,0.0
2026-01-19 09:00:00,95.2,57.6,1739.0,39.3,23.4,29.0,105,17.9,91,3.9,0.0
2026-01-19 10:00:00,109.4,47.6,1456.0,28.0,29.6,60.0,105,21.6,73,3.9,0.0
2026-01-19 11:00:00,114.6,40.0,1189.0,18.4,33.2,88.0,105,23.1,66,5.0,0.0
2026-01-19 12:00:00,105.5,39.6,998.0,12.4,31.5,109.0,106,24.4,56,7.6,0.0
2026-01-19 13:00:00,95.0,39.1,824.0,8.2,27.2,127.0,106,25.0,52,10.1,0.0
2026-01-19 14:00:00,89.6,38.1,683.0,5.8,23.9,138.0,107,25.1,50,11.7,0.0
2026-01-19 15:00:00,86.1,37.1,549.0,4.7,23.5,142.0,108,24.9,49,12.1,0.0
2026-01-19 16:00:00,85.0,37.0,449.0,5.6,24.2,139.0,109,24.5,48,12.5,0.0
2026-01-19 17:00:00,75.9,34.2,481.0,9.9,25.0,129.0,110,24.2,46,12.3,0.0
2026-01-19 18:00:00,70.5,35.5,773.0,20.8,23.0,103.0,111,22.9,55,11.9,0.0
2026-01-19 19:00:00,70.3,37.4,1198.0,35.7,20.2,67.0,111,21.6,69,10.5,0.0
2026-01-19 20:00:00,70.1,37.0,1467.0,46.4,17.9,40.0,112,21.0,74,9.2,0.0
2026-01-19 21:00:00,69.4,36.9,1414.0,49.2,16.8,31.0,113,20.7,75,7.7,0.0
2026-01-19 22:00:00,68.2,36.9,1206.0,47.8,16.2,30.0,114,20.4,76,6.7,0.0
2026-01-19 23:00:00,66.1,36.0,1057.0,44.8,15.3,32.0,115,20.0,78,5.5,0.0
2026-01-20 00:00:00,63.8,34.5,1080.0,40.2,13.7,35.0,115,19.6,79,3.8,0.0
2026-01-20 01:00:00,61.2,33.1,1162.0,34.0,11.8,39.0,114,19.1,79,2.3,0.0
2026-01-20 02:00:00,57.6,31.0,1180.0,28.4,10.4,43.0,113,17.9,83,3.1,0.0
2026-01-20 03:00:00,54.9,29.0,1011.0,23.2,9.7,45.0,112,16.4,91,4.0,0.0
2026-01-20 04:00:00,53.6,27.6,779.0,18.6,9.5,46.0,111,15.2,96,4.6,0.0
2026-01-20 05:00:00,58.0,28.6,731.0,19.6,10.4,43.0,109,14.4,96,5.1,0.0
2026-01-20 06:00:00,56.3,29.2,1099.0,27.5,11.8,31.0,107,14.2,96,6.1,0.0
2026-01-20 07:00:00,57.6,33.3,1652.0,38.0,14.0,14.0,106,14.7,91,6.7,0.0
2026-01-20 08:00:00,66.1,44.7,1943.0,42.7,16.9,11.0,104,15.6,84,7.0,0.0
2026-01-20 09:00:00,68.7,45.2,1705.0,36.0,21.5,31.0,103,17.5,73,7.4,0.0
2026-01-20 10:00:00,74.7,38.3,1205.0,23.5,26.7,64.0,102,19.8,62,6.3,0.0
2026-01-20 11:00:00,74.3,29.3,796.0,13.4,30.0,92.0,101,22.6,53,6.5,0.0
2026-01-20 12:00:00,76.4,31.9,614.0,8.9,29.6,110.0,100,23.9,45,3.2,0.0
2026-01-20 13:00:00,75.9,33.8,522.0,6.8,27.1,124.0,99,24.3,43,7.1,0.0
2026-01-20 14:00:00,71.5,33.2,463.0,6.0,24.9,131.0,99,24.4,44,9.9,0.0
2026-01-20 15:00:00,66.4,31.7,372.0,4.9,23.7,132.0,98,24.1,45,12.6,0.0
2026-01-20 16:00:00,62.4,30.3,314.0,5.1,22.8,127.0,98,23.7,45,13.4,0.0
2026-01-20 17:00:00,52.4,25.3,430.0,9.1,20.4,117.0,97,23.4,50,12.5,0.0
2026-01-20 18:00:00,49.7,26.7,841.0,22.2,19.6,94.0,96,22.6,55,11.0,0.0
2026-01-20 19:00:00,52.2,31.1,1426.0,40.3,18.4,61.0,95,21.9,62,7.4,0.0
2026-01-20 20:00:00,54.1,33.9,1958.0,54.4,17.6,36.0,95,21.1,65,6.5,0.0
2026-01-20 21:00:00,55.9,36.1,2442.0,61.4,17.7,24.0,95,20.5,66,5.4,0.0
2026-01-20 22:00:00,57.3,38.1,2873.0,64.4,18.2,18.0,95,20.1,68,4.3,0.0
2026-01-20 23:00:00,55.4,37.0,3009.0,63.1,18.0,17.0,95,19.7,71,2.6,0.0
2026-01-21 00:00:00,51.6,33.6,2648.0,55.6,16.2,22.0,95,19.2,73,2.4,0.0
2026-01-21 01:00:00,47.5,30.4,1992.0,43.8,13.7,31.0,95,18.3,77,3.3,0.0
2026-01-21 02:00:00,44.6,28.0,1401.0,33.9,11.7,38.0,94,17.2,84,3.9,0.0
2026-01-21 03:00:00,42.3,26.3,954.0,27.1,10.7,41.0,94,16.2,90,4.8,0.0
2026-01-21 04:00:00,39.6,24.6,573.0,22.2,10.2,42.0,94,15.7,92,5.4,0.0
2026-01-21 05:00:00,39.9,25.1,378.0,23.9,10.6,35.0,94,15.2,94,5.2,0.0
2026-01-21 06:00:00,39.5,25.4,512.0,30.4,11.2,26.0,93,15.2,92,5.9,0.0
2026-01-21 07:00:00,42.0,28.5,834.0,38.9,12.3,15.0,93,15.2,89,6.4,0.0
2026-01-21 08:00:00,49.2,36.7,1039.0,42.4,15.2,15.0,93,15.4,88,6.9,0.0
2026-01-21 09:00:00,49.9,38.5,983.0,36.2,21.9,36.0,92,17.1,80,7.6,0.0
2026-01-21 10:00:00,48.2,30.0,811.0,25.0,30.5,69.0,91,19.6,70,6.6,0.0
2026-01-21 11:00:00,44.8,24.3,653.0,15.7,36.0,98.0,91,22.1,58,3.5,0.0
2026-01-21 12:00:00,42.8,24.5,545.0,10.9,36.0,119.0,90,23.8,45,2.3,0.0
2026-01-21 13:00:00,42.8,26.6,452.0,8.1,33.0,135.0,89,24.3,44,9.4,0.0
2026-01-21 14:00:00,41.9,27.0,396.0,6.8,30.0,145.0,89,24.2,45,12.7,0.0
2026-01-21 15:00:00,41.1,26.6,374.0,5.9,28.1,146.0,88,24.0,44,13.5,0.0
2026-01-21 16:00:00,40.2,26.1,389.0,6.5,26.3,141.0,88,23.6,45,14.5,0.0
2026-01-21 17:00:00,45.1,27.0,473.0,10.8,25.7,123.0,87,23.1,53,14.7,0.0
2026-01-21 18:00:00,43.2,27.8,691.0,24.2,24.4,97.0,88,22.1,61,14.1,0.0
2026-01-21 19:00:00,45.1,31.1,977.0,42.8,22.6,60.0,88,21.4,67,8.1,0.0
2026-01-21 20:00:00,46.3,32.9,1165.0,57.2,21.1,31.0,88,20.7,72,5.2,0.0
2026-01-21 21:00:00,49.0,35.2,1176.0,64.0,20.5,17.0,88,20.1,75,5.7,0.0
2026-01-21 22:00:00,51.8,37.5,1088.0,66.6,20.2,12.0,88,19.8,76,7.4,0.0
2026-01-21 23:00:00,52.7,37.8,976.0,66.5,19.4,10.0,87,19.2,81,6.6,0.0
2026-01-22 00:00:00,52.6,37.0,825.0,63.1,17.4,12.0,88,18.9,83,5.1,0.0
2026-01-22 01:00:00,52.4,35.5,649.0,56.9,15.0,18.0,88,18.7,83,3.4,0.0
2026-01-22 02:00:00,52.9,33.9,563.0,50.8,13.4,24.0,88,18.5,82,1.5,0.0
2026-01-22 03:00:00,53.7,32.2,598.0,44.1,13.3,31.0,89,17.8,84,1.8,0.0
2026-01-22 04:00:00,55.1,31.9,723.0,37.4,14.0,38.0,89,16.3,91,3.6,0.0
2026-01-22 05:00:00,58.4,34.1,964.0,39.9,16.3,34.0,90,14.8,98,5.1,0.0
2026-01-22 06:00:00,60.5,35.5,1499.0,48.7,19.3,25.0,91,14.3,100,4.6,0.0
2026-01-22 07:00:00,71.5,46.0,2150.0,60.1,23.2,13.0,92,14.2,100,3.7,0.0
2026-01-22 08:00:00,82.7,56.9,2402.0,63.1,25.0,13.0,93,14.4,99,2.2,0.0
2026-01-22 09:00:00,66.6,50.2,1870.0,49.6,22.8,35.0,95,17.1,89,3.2,0.0
2026-01-22 10:00:00,52.9,27.9,940.0,27.7,18.5,69.0,96,21.5,73,10.8,0.0
2026-01-22 11:00:00,51.5,22.8,252.0,11.0,14.8,94.0,96,23.3,62,24.4,0.0
2026-01-22 12:00:00,47.7,21.7,91.0,5.5,12.3,101.0,96,23.3,64,23.7,0.0
2026-01-22 13:00:00,45.4,20.8,171.0,5.3,10.4,99.0,95,23.4,64,31.5,0.0
2026-01-22 14:00:00,43.1,20.5,280.0,6.1,9.6,95.0,95,22.9,68,32.9,0.3
2026-01-22 15:00:00,34.7,18.1,366.0,6.6,10.5,92.0,94,22.6,72,33.4,1.1
2026-01-22 16:00:00,36.8,17.3,481.0,8.2,12.5,88.0,94,21.6,76,29.2,3.0
2026-01-22 17:00:00,39.5,19.2,564.0,13.1,14.7,77.0,93,21.0,68,20.6,0.0
2026-01-22 18:00:00,42.8,21.7,594.0,21.8,15.9,66.0,92,20.0,54,20.9,0.0
2026-01-22 19:00:00,57.5,28.0,592.0,33.4,17.5,52.0,92,19.5,58,14.0,0.0
2026-01-22 20:00:00,85.9,30.9,557.0,39.0,18.3,45.0,91,19.8,47,16.1,0.0
2026-01-22 21:00:00,109.4,31.5,470.0,32.9,17.6,53.0,91,19.4,44,24.9,0.0
2026-01-22 22:00:00,97.8,28.2,350.0,20.8,16.1,69.0,91,16.9,37,29.3,0.0
2026-01-22 23:00:00,72.9,25.4,258.0,11.3,14.5,80.0,90,16.2,38,27.9,0.0
2026-01-23 00:00:00,58.6,23.5,219.0,8.0,12.9,82.0,89,15.1,41,26.6,0.0
2026-01-23 01:00:00,50.5,21.3,207.0,7.4,11.3,80.0,88,14.4,39,26.5,0.0
2026-01-23 02:00:00,46.0,19.8,202.0,7.1,10.3,77.0,86,13.8,39,25.5,0.0
2026-01-23 03:00:00,42.6,18.5,188.0,5.9,10.2,75.0,85,13.3,40,25.2,0.0
2026-01-23 04:00:00,46.6,18.3,180.0,5.1,10.6,72.0,84,12.8,41,23.1,0.0
2026-01-23 05:00:00,65.2,20.1,210.0,6.0,11.1,68.0,83,12.4,44,23.5,0.0
2026-01-23 06:00:00,111.3,27.5,320.0,11.5,11.2,60.0,82,12.0,46,20.8,0.0
2026-01-23 07:00:00,161.1,37.3,466.0,19.0,11.4,49.0,81,11.8,47,18.6,0.0
2026-01-23 08:00:00,195.6,47.3,549.0,23.2,12.1,44.0,80,11.8,49,17.7,0.0
2026-01-23 09:00:00,235.6,53.7,505.0,21.0,13.5,52.0,79,12.7,45,17.9,0.0
2026-01-23 10:00:00,247.7,52.7,397.0,15.6,15.3,66.0,80,13.8,37,20.8,0.0
2026-01-23 11:00:00,214.2,47.7,312.0,11.1,17.1,79.0,82,15.3,34,21.1,0.0
2026-01-23 12:00:00,173.7,41.2,282.0,9.0,18.9,90.0,84,16.2,31,21.9,0.0
2026-01-23 13:00:00,143.9,36.4,274.0,7.9,20.8,101.0,86,17.2,28,20.1,0.0
2026-01-23 14:00:00,124.3,33.1,282.0,7.8,22.5,108.0,87,17.8,28,18.4,0.0
2026-01-23 15:00:00,118.0,32.2,299.0,7.6,24.2,110.0,88,18.1,29,16.8,0.0
2026-01-23 16:00:00,115.7,32.0,332.0,8.3,25.6,109.0,89,18.2,29,15.6,0.0
2026-01-23 17:00:00,115.3,32.6,388.0,12.4,25.1,102.0,91,18.5,30,14.9,0.0
2026-01-23 18:00:00,98.3,35.3,492.0,23.5,23.1,83.0,92,18.0,30,13.8,0.0
2026-01-23 19:00:00,85.2,37.3,620.0,38.9,20.3,56.0,93,17.4,34,11.7,0.0
2026-01-23 20:00:00,74.7,36.2,708.0,50.7,18.4,35.0,94,16.5,40,9.4,0.0
2026-01-23 21:00:00,71.2,35.5,728.0,55.7,18.4,25.0,94,15.7,44,6.5,0.0
2026-01-23 22:00:00,74.5,37.6,708.0,57.1,19.2,20.0,95,14.7,51,5.4,0.0
2026-01-23 23:00:00,81.3,41.4,667.0,57.1,19.4,17.0,96,13.6,56,5.9,0.0
2026-01-24 00:00:00,88.2,44.2,601.0,56.5,18.1,14.0,97,12.5,62,5.9,0.0
2026-01-24 01:00:00,90.1,44.1,513.0,54.5,16.1,12.0,99,12.0,62,6.8,0.0
2026-01-24 02:00:00,88.0,41.9,433.0,50.3,14.4,13.0,101,11.7,61,7.3,0.0
2026-01-24 03:00:00,87.3,38.8,346.0,41.9,13.4,19.0,103,11.2,63,8.2,0.0
2026-01-24 04:00:00,88.2,35.9,267.0,31.2,12.7,27.0,105,10.7,65,8.4,0.0
2026-01-24 05:00:00,89.4,33.5,266.0,27.3,11.8,27.0,107,10.3,66,7.9,0.0
2026-01-24 06:00:00,87.8,32.0,421.0,28.4,12.3,26.0,109,10.2,63,9.2,0.0
2026-01-24 07:00:00,83.8,32.7,655.0,29.7,12.9,27.0,109,10.5,61,9.7,0.0
2026-01-24 08:00:00,74.5,34.9,807.0,29.1,13.2,33.0,109,10.9,57,12.5,0.0
2026-01-24 09:00:00,58.0,35.0,798.0,24.8,12.9,51.0,107,12.5,47,15.7,0.0
2026-01-24 10:00:00,50.8,29.0,706.0,18.6,12.2,76.0,105,15.1,38,20.8,0.0
2026-01-24 11:00:00,46.8,22.8,606.0,13.2,11.4,96.0,103,17.5,35,20.3,0.0
2026-01-24 12:00:00,37.5,17.2,503.0,9.5,10.4,109.0,100,19.6,31,22.4,0.0
2026-01-24 13:00:00,32.8,14.9,391.0,6.6,9.3,118.0,98,21.0,25,23.2,0.0
2026-01-24 14:00:00,33.2,15.3,330.0,5.1,8.7,123.0,96,21.5,23,24.2,0.0
2026-01-24 15:00:00,34.1,16.2,354.0,5.2,8.9,124.0,95,21.5,22,24.6,0.0
2026-01-24 16:00:00,34.8,16.9,429.0,6.8,9.7,122.0,93,21.2,23,25.1,0.0
2026-01-24 17:00:00,33.8,17.2,506.0,9.7,10.5,112.0,92,20.5,24,22.0,0.0
2026-01-24 18:00:00,29.6,18.8,586.0,14.6,10.7,99.0,91,19.7,26,20.7,0.0
2026-01-24 19:00:00,28.5,19.6,669.0,21.2,11.0,82.0,89,18.7,30,16.9,0.0
2026-01-24 20:00:00,25.3,17.9,703.0,24.9,11.1,69.0,88,17.6,35,15.8,0.0
2026-01-24 21:00:00,21.7,16.1,647.0,22.9,10.8,66.0,86,16.6,41,15.4,0.0
2026-01-24 22:00:00,18.7,14.8,543.0,17.9,10.2,67.0,84,15.5,47,16.5,0.0
2026-01-24 23:00:00,17.0,14.1,458.0,13.4,9.7,70.0,82,14.7,46,19.8,0.0
2026-01-25 00:00:00,16.6,14.0,420.0,10.4,9.1,73.0,80,14.2,49,20.6,0.0
2026-01-25 01:00:00,17.2,14.6,402.0,7.9,8.5,76.0,77,14.0,49,21.7,0.0
2026-01-25 02:00:00,18.2,15.9,393.0,6.0,8.2,79.0,74,14.0,47,23.0,0.0
2026-01-25 03:00:00,19.3,17.4,381.0,4.7,8.3,81.0,72,13.6,47,23.1,0.0
2026-01-25 04:00:00,20.9,18.9,379.0,4.1,8.7,82.0,70,13.1,49,24.8,0.0
2026-01-25 05:00:00,22.8,20.0,414.0,4.6,9.0,83.0,69,12.4,51,19.7,0.0
2026-01-25 06:00:00,25.1,21.7,528.0,7.7,9.5,79.0,68,12.1,54,20.0,0.0
2026-01-25 07:00:00,28.1,24.2,679.0,11.9,10.1,73.0,67,11.9,55,19.8,0.0
2026-01-25 08:00:00,31.1,26.7,769.0,14.3,10.7,72.0,66,11.9,55,20.4,0.0
2026-01-25 09:00:00,32.2,27.6,744.0,13.1,11.1,77.0,65,12.9,50,23.2,0.0
2026-01-25 10:00:00,32.2,26.1,658.0,10.2,11.4,86.0,65,14.8,42,28.4,0.0
2026-01-25 11:00:00,28.7,22.4,578.0,7.7,11.6,96.0,64,17.0,34,30.4,0.0
2026-01-25 12:00:00,25.2,19.7,517.0,6.3,11.4,107.0,64,18.7,30,31.9,0.0
2026-01-25 13:00:00,22.2,17.6,463.0,5.5,11.1,118.0,64,20.0,28,31.4,0.0
2026-01-25 14:00:00,20.5,16.5,440.0,5.4,10.9,125.0,65,20.7,27,30.3,0.0
2026-01-25 15:00:00,19.7,16.2,464.0,6.0,11.0,127.0,65,21.1,27,28.4,0.0
2026-01-25 16:00:00,19.2,15.8,520.0,7.4,11.3,124.0,65,21.0,27,27.5,0.0
2026-01-25 17:00:00,20.6,18.5,591.0,11.1,12.5,117.0,65,21.0,26,25.1,0.0
2026-01-25 18:00:00,23.6,21.8,697.0,17.1,12.6,103.0,65,20.1,30,22.6,0.0
2026-01-25 19:00:00,25.6,23.9,819.0,25.2,12.7,84.0,65,19.2,34,17.6,0.0
2026-01-25 20:00:00,24.6,22.9,882.0,30.2,12.9,70.0,65,18.3,38,15.0,0.0
2026-01-25 21:00:00,23.4,21.7,840.0,29.2,13.2,65.0,66,17.5,42,14.5,0.0
2026-01-25 22:00:00,23.2,21.5,738.0,25.0,13.7,66.0,66,16.7,45,14.7,0.0
2026-01-25 23:00:00,23.9,22.1,638.0,20.7,14.2,68.0,67,15.7,50,14.8,0.0
2026-01-26 00:00:00,24.8,22.9,552.0,17.1,14.8,71.0,68,15.2,54,14.4,0.0
2026-01-26 01:00:00,25.3,23.2,467.0,13.4,15.4,76.0,68,14.8,56,13.9,0.0
2026-01-26 02:00:00,25.8,23.7,406.0,10.3,16.1,81.0,69,14.6,57,14.2,0.0
2026-01-26 03:00:00,26.3,24.3,374.0,7.7,17.0,86.0,70,14.5,56,14.3,0.0
2026-01-26 04:00:00,26.6,24.8,366.0,5.8,17.9,90.0,71,14.4,54,14.3,0.0
2026-01-26 05:00:00,25.3,24.3,395.0,6.1,17.9,89.0,71,14.0,54,13.2,0.0
2026-01-26 06:00:00,25.5,24.7,494.0,11.0,18.2,82.0,71,14.0,53,13.5,0.0
2026-01-26 07:00:00,26.5,26.0,630.0,17.6,18.7,72.0,72,14.1,52,15.2,0.0
2026-01-26 08:00:00,29.2,28.7,710.0,21.2,19.3,70.0,72,14.2,51,17.6,0.0
2026-01-26 09:00:00,30.0,29.5,681.0,19.1,20.2,81.0,72,15.1,47,18.5,0.0
2026-01-26 10:00:00,26.0,25.2,597.0,14.0,21.2,99.0,72,16.6,42,20.1,0.0
2026-01-26 11:00:00,22.9,21.4,528.0,9.9,21.5,115.0,72,18.5,36,22.2,0.0
2026-01-26 12:00:00,22.2,19.0,494.0,7.9,20.2,128.0,72,19.9,32,24.8,0.0
2026-01-26 13:00:00,22.4,18.9,474.0,6.8,18.2,139.0,72,20.6,30,22.9,0.0
2026-01-26 14:00:00,23.0,20.0,476.0,6.7,17.2,146.0,72,21.3,29,22.1,0.0
2026-01-26 15:00:00,24.2,21.5,507.0,6.9,18.2,151.0,72,21.8,28,19.5,0.0
2026-01-26 16:00:00,25.0,22.6,559.0,8.1,20.1,153.0,73,21.8,27,18.2,0.0
2026-01-26 17:00:00,22.4,19.6,623.0,13.6,23.1,147.0,82,21.8,27,15.4,0.0
2026-01-26 18:00:00,33.8,31.8,717.0,39.0,24.5,110.0,96,21.1,30,14.9,0.0
2026-01-26 19:00:00,53.2,52.0,823.0,73.0,26.4,60.0,98,20.0,36,11.9,0.0
2026-01-26 20:00:00,46.7,46.4,870.0,90.5,27.2,28.0,86,18.9,40,11.2,0.0
2026-01-26 21:00:00,29.3,29.3,815.0,75.6,25.9,33.0,79,18.2,42,10.0,0.0
2026-01-26 22:00:00,19.0,18.9,702.0,44.2,23.6,57.0,80,17.2,48,9.5,0.0
2026-01-26 23:00:00,14.6,13.9,589.0,19.7,21.3,75.0,80,16.8,47,10.2,0.0
2026-01-27 00:00:00,13.4,11.9,490.0,11.7,19.5,77.0,79,16.3,48,11.8,0.0
2026-01-27 01:00:00,14.0,11.2,392.0,10.6,17.7,74.0,78,15.9,49,10.5,0.0
2026-01-27 02:00:00,15.6,11.5,317.0,10.1,16.3,71.0,77,15.5,52,9.7,0.0
2026-01-27 03:00:00,18.0,12.5,255.0,7.7,15.1,72.0,76,15.4,53,10.2,0.0
2026-01-27 04:00:00,20.4,13.7,215.0,6.1,14.3,74.0,75,15.5,54,10.2,0.0
2026-01-27 05:00:00,21.1,14.5,249.0,8.0,14.5,69.0,74,15.4,54,8.4,0.0
2026-01-27 06:00:00,22.7,15.8,422.0,15.6,15.0,59.0,73,15.0,55,9.7,0.0
2026-01-27 07:00:00,25.5,18.6,669.0,26.0,16.0,45.0,72,14.7,56,6.8,0.0
2026-01-27 08:00:00,31.2,24.8,841.0,32.2,18.1,42.0,71,14.5,58,7.1,0.0
2026-01-27 09:00:00,32.6,26.3,877.0,30.6,22.4,57.0,71,15.6,49,7.2,0.0
2026-01-27 10:00:00,30.6,24.1,838.0,25.0,27.9,83.0,71,17.4,42,7.9,0.0
2026-01-27 11:00:00,26.9,21.6,757.0,19.4,32.5,105.0,71,19.3,34,6.2,0.0
2026-01-27 12:00:00,21.9,17.2,612.0,14.9,35.6,122.0,71,21.3,28,7.6,0.0
2026-01-27 13:00:00,23.6,17.5,425.0,10.5,37.7,135.0,70,22.3,28,11.2,0.0
2026-01-27 14:00:00,26.4,18.8,300.0,7.7,38.3,143.0,70,22.6,29,15.0,0.0
2026-01-27 15:00:00,27.5,19.3,258.0,5.8,36.7,144.0,70,22.5,30,15.8,0.0
2026-01-27 16:00:00,27.2,18.8,277.0,5.5,33.6,139.0,70,22.2,33,14.5,0.0
2026-01-27 17:00:00,14.2,12.9,399.0,10.6,33.3,135.0,70,21.8,37,14.2,0.0
2026-01-27 18:00:00,18.3,16.5,678.0,24.6,31.9,110.0,81,21.0,41,12.0,0.0
2026-01-27 19:00:00,26.4,24.7,1059.0,43.8,29.8,76.0,86,20.2,50,8.7,0.0
2026-01-27 20:00:00,27.2,25.3,1421.0,57.8,28.0,50.0,80,19.7,56,5.6,0.0
2026-01-27 21:00:00,27.2,24.9,1765.0,61.1,26.8,42.0,65,19.0,62,4.3,0.0
2026-01-27 22:00:00,29.7,26.9,2090.0,59.1,25.9,42.0,63,18.3,66,3.0,0.0
2026-01-27 23:00:00,33.4,30.0,2275.0,57.9,24.7,40.0,64,17.8,72,3.3,0.0
2026-01-28 00:00:00,37.6,33.2,2272.0,60.9,23.1,32.0,65,17.4,74,2.9,0.0
2026-01-28 01:00:00,42.8,37.3,2130.0,64.5,21.3,23.0,67,16.8,77,3.1,0.0
2026-01-28 02:00:00,44.8,40.6,1873.0,64.3,19.7,17.0,69,14.9,86,6.0,0.0
2026-01-28 03:00:00,42.0,39.9,1387.0,56.4,18.3,18.0,72,13.9,88,8.4,0.0
2026-01-28 04:00:00,40.4,38.3,786.0,44.7,17.1,23.0,74,14.8,73,9.1,0.0
2026-01-28 05:00:00,41.1,39.6,436.0,41.8,16.9,21.0,77,14.7,67,8.3,0.0
2026-01-28 06:00:00,40.7,38.6,584.0,42.4,17.3,20.0,79,14.7,67,7.8,0.0
2026-01-28 07:00:00,42.7,40.3,982.0,42.8,17.9,20.0,81,14.3,69,6.9,0.0
2026-01-28 08:00:00,47.3,44.6,1253.0,40.4,19.4,28.0,83,14.2,70,7.2,0.0
2026-01-28 09:00:00,47.1,45.1,1233.0,32.7,22.6,52.0,85,15.6,59,8.6,0.0
2026-01-28 10:00:00,34.9,32.1,1085.0,22.1,26.5,84.0,86,17.9,53,9.3,0.0
2026-01-28 11:00:00,25.3,21.5,922.0,13.8,29.0,110.0,87,20.7,42,13.0,0.0
2026-01-28 12:00:00,25.7,19.5,753.0,9.6,28.6,124.0,87,22.5,33,12.6,0.0
2026-01-28 13:00:00,25.3,19.3,570.0,7.5,26.7,131.0,87,23.4,29,9.0,0.0
2026-01-28 14:00:00,25.7,20.4,459.0,6.8,25.6,136.0,87,24.0,28,6.0,0.0
2026-01-28 15:00:00,26.4,21.5,459.0,4.3,26.2,144.0,87,24.2,28,4.3,0.0
2026-01-28 16:00:00,27.2,22.5,530.0,3.2,27.5,150.0,88,23.9,31,5.7,0.0
2026-01-28 17:00:00,17.1,16.5,648.0,11.5,29.9,142.0,88,23.1,39,11.9,0.0
2026-01-28 18:00:00,20.7,19.2,841.0,36.9,29.6,108.0,88,21.4,47,13.7,0.0
2026-01-28 19:00:00,41.1,38.8,1080.0,71.7,29.2,60.0,89,20.7,48,10.2,0.0
2026-01-28 20:00:00,47.4,43.8,1247.0,96.7,29.4,25.0,90,20.2,53,6.5,0.0
2026-01-28 21:00:00,52.5,47.6,1293.0,102.7,31.4,13.0,91,19.5,58,4.6,0.0
2026-01-28 22:00:00,60.5,54.4,1266.0,98.9,34.0,14.0,93,18.7,64,3.7,0.0
2026-01-28 23:00:00,64.3,59.8,1194.0,92.8,34.3,15.0,96,17.3,70,4.5,0.0
2026-01-29 00:00:00,56.5,53.8,1065.0,86.8,30.2,14.0,98,15.8,78,5.4,0.0
2026-01-29 01:00:00,48.4,46.0,892.0,78.7,23.8,13.0,100,15.2,81,6.8,0.0
2026-01-29 02:00:00,42.1,39.7,736.0,69.2,18.5,15.0,101,15.3,79,6.6,0.0
2026-01-29 03:00:00,37.5,34.6,585.0,56.8,15.6,21.0,101,15.1,79,6.6,0.0
2026-01-29 04:00:00,34.2,30.9,452.0,43.1,13.8,29.0,101,14.6,79,6.6,0.0
2026-01-29 05:00:00,32.0,28.6,436.0,34.4,12.9,34.0,100,13.9,77,6.6,0.0
2026-01-29 06:00:00,30.7,27.0,655.0,37.1,13.1,29.0,99,13.6,77,6.9,0.0
2026-01-29 07:00:00,32.1,27.9,991.0,40.5,13.5,24.0,98,13.3,75,7.5,0.0
2026-01-29 08:00:00,36.4,32.0,1196.0,40.1,14.0,28.0,97,13.5,72,7.8,0.0
2026-01-29 09:00:00,35.5,32.0,1140.0,32.3,14.7,49.0,96,15.3,59,8.7,0.0
2026-01-29 10:00:00,29.2,22.9,953.0,20.8,15.5,79.0,94,17.5,51,10.0,0.0
2026-01-29 11:00:00,35.3,17.4,772.0,11.7,16.1,104.0,94,20.4,40,12.9,0.0
2026-01-29 12:00:00,38.5,16.3,625.0,7.5,16.1,118.0,93,22.3,35,16.1,0.0
2026-01-29 13:00:00,36.8,16.5,483.0,5.7,15.9,128.0,93,23.6,31,15.6,0.0
2026-01-29 14:00:00,34.6,16.7,402.0,5.2,15.7,133.0,93,24.2,30,13.8,0.0
2026-01-29 15:00:00,32.0,16.7,407.0,5.0,15.7,136.0,92,24.6,29,11.9,0.0
2026-01-29 16:00:00,29.6,16.6,472.0,6.0,15.8,135.0,92,24.5,30,10.4,0.0
2026-01-29 17:00:00,28.0,16.1,573.0,9.7,15.4,130.0,91,24.4,30,12.4,0.0
2026-01-29 18:00:00,26.2,18.5,746.0,20.2,15.3,110.0,91,23.7,33,11.7,0.0
2026-01-29 19:00:00,28.6,24.0,955.0,34.3,15.1,83.0,91,22.4,39,11.6,0.0
2026-01-29 20:00:00,25.7,22.8,1065.0,42.4,14.7,64.0,90,21.2,40,14.8,0.0
2026-01-29 21:00:00,21.4,19.6,991.0,38.9,14.0,61.0,88,20.3,43,13.9,0.0
2026-01-29 22:00:00,18.4,17.2,818.0,29.5,13.1,65.0,86,19.3,48,11.5,0.0
2026-01-29 23:00:00,17.5,16.8,661.0,21.5,12.3,69.0,82,18.4,50,11.7,0.0
2026-01-30 00:00:00,17.2,16.7,559.0,17.7,11.7,69.0,79,17.8,53,11.2,0.0
2026-01-30 01:00:00,16.8,16.5,473.0,15.3,11.1,68.0,75,17.5,54,11.3,0.0
2026-01-30 02:00:00,16.5,16.2,410.0,13.1,10.7,69.0,73,17.2,56,12.1,0.0
2026-01-30 03:00:00,16.8,16.4,356.0,10.1,10.4,72.0,71,17.0,57,12.9,0.0
2026-01-30 04:00:00,17.7,16.8,323.0,7.4,10.3,77.0,69,16.9,59,12.7,0.0
2026-01-30 05:00:00,20.0,18.0,358.0,8.3,10.7,74.0,68,16.7,57,12.0,0.0
2026-01-30 06:00:00,21.1,18.5,529.0,13.0,11.3,69.0,67,16.4,59,11.2,0.0
2026-01-30 07:00:00,24.5,20.6,768.0,19.4,12.3,63.0,66,15.9,62,10.5,0.0
2026-01-30 08:00:00,29.6,24.6,907.0,22.9,13.5,63.0,65,15.6,65,11.0,0.0
2026-01-30 09:00:00,32.4,27.5,852.0,20.9,15.3,74.0,65,16.7,59,13.2,0.0
2026-01-30 10:00:00,34.1,26.4,698.0,15.9,17.5,92.0,64,18.9,51,15.8,0.0
2026-01-30 11:00:00,39.1,19.3,567.0,11.6,19.0,109.0,65,21.3,43,16.1,0.0
2026-01-30 12:00:00,34.7,14.6,496.0,8.7,19.3,124.0,65,23.2,37,16.4,0.0
2026-01-30 13:00:00,30.4,14.9,446.0,6.4,18.9,137.0,65,24.4,33,12.4,0.0
2026-01-30 14:00:00,29.3,16.0,429.0,5.4,19.1,147.0,65,25.1,29,8.4,0.0
2026-01-30 15:00:00,29.7,17.3,445.0,3.3,20.6,156.0,64,25.3,30,8.1,0.0
2026-01-30 16:00:00,30.3,18.5,492.0,2.4,22.6,161.0,65,25.1,32,10.0,0.0
2026-01-30 17:00:00,29.2,17.2,575.0,10.5,25.0,153.0,79,24.7,32,10.0,0.0
2026-01-30 18:00:00,33.5,22.2,703.0,37.9,25.3,114.0,96,23.3,36,11.7,0.0
2026-01-30 19:00:00,49.4,39.8,866.0,75.3,25.6,60.0,101,21.9,42,10.6,0.0
2026-01-30 20:00:00,52.0,42.3,1047.0,101.0,25.8,20.0,90,21.2,44,6.6,0.0
2026-01-30 21:00:00,50.5,41.3,1298.0,104.0,25.8,10.0,68,20.3,49,4.4,0.0
2026-01-30 22:00:00,50.1,42.6,1565.0,95.4,25.7,14.0,70,18.8,58,5.9,0.0
2026-01-30 23:00:00,51.5,47.0,1669.0,86.5,24.7,18.0,72,18.0,59,7.1,0.0
2026-01-31 00:00:00,48.4,46.1,1478.0,81.7,22.3,17.0,75,17.7,59,6.2,0.0
2026-01-31 01:00:00,44.2,43.1,1123.0,76.5,19.2,17.0,78,17.2,62,5.1,0.0
2026-01-31 02:00:00,40.0,39.3,817.0,69.3,16.6,19.0,80,16.6,65,5.3,0.0
2026-01-31 03:00:00,38.1,37.4,600.0,57.0,14.9,25.0,82,16.0,67,6.4,0.0
2026-01-31 04:00:00,36.8,36.1,432.0,42.5,13.7,34.0,84,15.7,67,6.8,0.0
2026-01-31 05:00:00,36.6,35.7,401.0,36.3,12.9,33.0,86,14.6,71,6.6,0.0
2026-01-31 06:00:00,36.7,35.6,621.0,39.5,13.5,27.0,87,14.4,71,6.3,0.0
2026-01-31 07:00:00,39.5,38.2,978.0,43.5,14.6,20.0,89,14.3,71,6.3,0.0
2026-01-31 08:00:00,45.5,44.1,1220.0,43.7,17.2,25.0,90,14.4,72,6.8,0.0
2026-01-31 09:00:00,47.8,46.1,1231.0,36.5,22.7,52.0,92,16.5,62,6.6,0.0
2026-01-31 10:00:00,42.1,38.9,1125.0,25.4,29.8,91.0,94,19.4,46,7.4,0.0
2026-01-31 11:00:00,33.6,29.6,997.0,16.5,34.9,124.0,95,22.5,36,8.0,0.0
2026-01-31 12:00:00,33.9,27.5,858.0,11.9,36.3,144.0,96,24.2,29,6.6,0.0
2026-01-31 13:00:00,37.1,27.8,695.0,9.5,35.8,157.0,97,25.3,27,4.3,0.0
2026-01-31 14:00:00,41.3,29.7,565.0,8.4,35.4,167.0,98,26.0,27,4.1,0.0
2026-01-31 15:00:00,44.6,31.7,469.0,8.2,36.3,176.0,99,25.9,29,10.8,0.0
2026-01-31 16:00:00,46.3,32.7,407.0,9.3,37.2,181.0,101,24.6,35,15.2,0.0
2026-01-31 17:00:00,37.5,25.3,429.0,11.5,33.9,173.0,102,23.5,42,15.2,0.0
2026-01-31 18:00:00,38.9,27.4,602.0,18.9,30.5,148.0,125,22.4,48,13.3,0.0
2026-01-31 19:00:00,41.6,31.9,860.0,29.2,25.7,113.0,137,21.3,59,10.9,0.0
2026-01-31 20:00:00,42.6,31.7,1057.0,36.7,21.6,85.0,134,20.8,66,8.6,0.0
2026-01-31 21:00:00,44.9,31.7,1141.0,38.7,19.1,70.0,122,20.4,71,5.4,0.0
2026-01-31 22:00:00,47.8,32.9,1165.0,38.0,17.3,61.0,103,19.5,76,3.3,0.0
2026-01-31 23:00:00,50.6,35.2,1138.0,37.2,15.8,54.0,100,18.4,86,3.9,0.0
2026-02-01 00:00:00,51.3,36.4,1046.0,37.6,14.4,46.0,99,17.1,90,4.6,0.0
2026-02-01 01:00:00,50.4,36.8,903.0,37.9,13.2,38.0,98,16.3,91,5.4,0.0
2026-02-01 02:00:00,48.9,36.3,763.0,37.3,12.4,33.0,97,15.9,90,5.6,0.0
2026-02-01 03:00:00,47.8,36.1,595.0,34.2,11.8,31.0,97,15.7,88,5.9,0.0
2026-02-01 04:00:00,47.3,35.5,429.0,30.0,11.5,31.0,97,15.6,86,5.6,0.0
2026-02-01 05:00:00,46.4,33.6,407.0,28.6,11.0,26.0,97,14.8,89,5.1,0.0
2026-02-01 06:00:00,45.1,33.9,673.0,34.2,12.3,20.0,97,14.5,89,4.8,0.0
2026-02-01 07:00:00,48.1,36.3,1084.0,41.5,14.3,13.0,96,14.4,87,5.1,0.0
2026-02-01 08:00:00,55.9,43.5,1353.0,44.1,16.6,16.0,96,14.5,87,5.4,0.0
2026-02-01 09:00:00,55.8,41.0,1331.0,37.8,19.8,39.0,96,16.2,81,5.4,0.0
2026-02-01 10:00:00,61.2,31.9,1167.0,26.9,23.5,72.0,96,19.8,63,5.1,0.0
2026-02-01 11:00:00,63.6,27.4,1016.0,17.7,25.8,101.0,95,22.4,57,4.6,0.0
2026-02-01 12:00:00,61.0,25.1,940.0,12.2,25.6,121.0,95,24.1,52,2.3,0.0
2026-02-01 13:00:00,56.7,23.4,877.0,8.4,24.0,138.0,95,25.8,42,0.0,0.0
2026-02-01 14:00:00,52.9,22.6,802.0,6.5,23.0,148.0,94,26.2,40,5.6,0.0
2026-02-01 15:00:00,51.6,23.7,671.0,6.4,23.7,153.0,94,25.6,50,13.3,0.0
2026-02-01 16:00:00,51.1,24.7,526.0,8.3,24.9,153.0,93,24.2,64,16.9,0.0
2026-02-01 17:00:00,55.2,27.6,472.0,11.2,26.8,151.0,92,23.7,67,14.6,0.0
2026-02-01 18:00:00,49.0,27.8,584.0,19.6,24.1,125.0,92,22.8,63,12.3,0.0
2026-02-01 19:00:00,44.9,29.3,785.0,31.3,20.4,90.0,98,22.0,68,8.8,0.0
2026-02-01 20:00:00,42.0,27.5,953.0,40.5,17.6,61.0,96,21.4,75,5.8,0.0
2026-02-01 21:00:00,42.1,27.7,1062.0,44.8,16.6,46.0,92,20.6,80,3.6,0.0
2026-02-01 22:00:00,43.1,29.2,1137.0,46.7,16.4,39.0,92,19.3,84,5.3,0.0
2026-02-01 23:00:00,44.7,32.1,1127.0,47.6,16.1,33.0,91,19.0,82,4.7,0.0
2026-02-02 00:00:00,45.9,34.7,968.0,48.1,15.2,27.0,91,18.7,81,4.3,0.0
2026-02-02 01:00:00,45.2,35.0,724.0,47.6,14.2,24.0,91,18.2,81,4.4,0.0
2026-02-02 02:00:00,43.8,34.5,536.0,45.8,13.3,22.0,91,17.4,83,5.0,0.0
2026-02-02 03:00:00,42.5,34.2,444.0,41.4,12.5,22.0,90,16.9,83,5.9,0.0
2026-02-02 04:00:00,42.7,35.0,409.0,35.7,12.0,24.0,90,16.8,82,6.1,0.0
2026-02-02 05:00:00,42.8,35.6,453.0,34.3,12.0,24.0,90,16.3,85,5.4,0.0
2026-02-02 06:00:00,42.7,35.4,652.0,36.1,12.9,24.0,90,16.0,83,6.1,0.0
2026-02-02 07:00:00,45.3,37.3,930.0,38.4,14.2,25.0,91,15.8,81,6.1,0.0
2026-02-02 08:00:00,51.8,42.3,1085.0,37.6,15.4,33.0,91,15.9,79,6.9,0.0
2026-02-02 09:00:00,54.1,44.7,997.0,31.3,16.8,56.0,91,17.8,69,7.4,0.0
2026-02-02 10:00:00,61.7,43.0,786.0,22.0,18.1,87.0,91,20.6,54,7.9,0.0
2026-02-02 11:00:00,62.9,38.1,605.0,14.2,18.5,111.0,92,23.0,45,15.7,0.0
2026-02-02 12:00:00,60.5,29.7,499.0,9.4,17.0,123.0,93,25.0,39,16.5,0.0
2026-02-02 13:00:00,55.5,24.7,424.0,6.1,14.6,128.0,93,26.4,35,13.5,0.0
2026-02-02 14:00:00,53.6,23.6,399.0,4.4,13.1,131.0,93,27.4,31,8.7,0.0
2026-02-02 15:00:00,52.6,23.5,429.0,2.0,13.3,136.0,93,27.9,28,5.1,0.0
2026-02-02 16:00:00,52.0,23.7,509.0,1.2,14.4,138.0,93,28.0,28,3.3,0.0
2026-02-02 17:00:00,47.7,24.9,648.0,8.6,14.6,124.0,93,27.4,32,7.2,0.0
2026-02-02 18:00:00,48.0,29.9,897.0,34.4,19.5,94.0,93,26.0,41,8.0,0.0
2026-02-02 19:00:00,71.2,54.5,1204.0,69.4,26.1,54.0,93,24.2,52,6.6,0.0
2026-02-02 20:00:00,78.9,63.1,1421.0,92.1,29.7,24.0,95,23.2,56,3.1,0.0
2026-02-02 21:00:00,73.1,58.9,1493.0,90.8,27.5,16.0,99,22.6,53,3.7,0.0
2026-02-02 22:00:00,60.5,49.2,1476.0,77.2,22.4,18.0,102,21.6,53,5.1,0.0
2026-02-02 23:00:00,54.4,43.8,1387.0,64.0,17.8,22.0,104,20.8,56,5.2,0.0
2026-02-03 00:00:00,53.3,42.4,1192.0,55.6,15.0,24.0,105,19.8,61,5.1,0.0
2026-02-03 01:00:00,52.9,41.2,926.0,47.7,12.8,26.0,106,19.0,64,4.8,0.0
2026-02-03 02:00:00,51.9,39.9,711.0,40.1,11.2,30.0,106,18.3,66,5.6,0.0
2026-02-03 03:00:00,51.2,38.8,573.0,31.5,10.3,35.0,107,17.9,68,6.5,0.0
2026-02-03 04:00:00,50.4,37.7,486.0,23.2,9.9,41.0,107,17.6,69,7.1,0.0
2026-02-03 05:00:00,51.0,37.7,499.0,18.4,9.7,45.0,108,17.4,68,6.4,0.0
2026-02-03 06:00:00,51.8,38.1,698.0,22.4,10.5,43.0,108,17.2,69,6.6,0.0
2026-02-03 07:00:00,54.2,41.0,996.0,27.7,11.6,41.0,108,16.9,70,6.6,0.0
2026-02-03 08:00:00,59.3,46.7,1180.0,30.0,12.8,46.0,109,16.9,71,6.9,0.0
2026-02-03 09:00:00,61.5,50.6,1142.0,26.5,14.5,63.0,109,18.6,64,7.4,0.0
2026-02-03 10:00:00,67.5,50.4,990.0,19.9,16.2,87.0,110,21.0,53,10.6,0.0
2026-02-03 11:00:00,81.7,45.2,834.0,14.0,17.0,107.0,110,23.3,44,12.9,0.0
2026-02-03 12:00:00,88.0,36.4,685.0,9.8,15.8,118.0,111,25.3,37,14.2,0.0
2026-02-03 13:00:00,74.0,30.0,532.0,6.4,13.5,124.0,112,26.6,32,12.6,0.0
2026-02-03 14:00:00,64.7,26.8,453.0,4.5,12.0,127.0,112,27.5,29,10.3,0.0
2026-02-03 15:00:00,59.4,25.2,492.0,1.3,11.7,131.0,113,27.5,30,7.7,0.0
2026-02-03 16:00:00,56.3,24.6,605.0,0.0,12.2,132.0,113,27.2,33,4.7,0.0
2026-02-03 17:00:00,50.4,23.1,736.0,8.7,13.4,123.0,113,26.6,40,9.6,0.0
2026-02-03 18:00:00,54.0,30.6,881.0,38.4,17.1,92.0,113,24.6,52,11.2,0.0
2026-02-03 19:00:00,77.8,56.8,1044.0,79.1,22.3,50.0,113,23.1,57,9.9,0.0
2026-02-03 20:00:00,87.8,68.5,1180.0,107.5,26.9,19.0,113,22.7,54,4.9,0.0
2026-02-03 21:00:00,96.4,75.9,1299.0,112.6,30.9,10.0,114,22.0,57,3.4,0.0
2026-02-03 22:00:00,100.4,79.9,1391.0,105.5,34.3,13.0,115,20.9,65,3.2,0.0
2026-02-03 23:00:00,88.9,75.2,1386.0,96.3,34.7,16.0,119,19.7,74,4.1,0.0
2026-02-04 00:00:00,76.4,65.4,1215.0,88.2,29.9,15.0,122,18.9,80,4.7,0.0
2026-02-04 01:00:00,65.7,54.7,948.0,77.9,22.1,15.0,124,18.5,80,5.2,0.0
2026-02-04 02:00:00,56.7,45.5,722.0,66.1,15.7,18.0,126,18.2,76,5.8,0.0
2026-02-04 03:00:00,49.6,38.3,564.0,50.7,12.4,28.0,126,18.0,72,7.1,0.0
2026-02-04 04:00:00,44.0,33.3,448.0,33.8,10.4,42.0,126,17.6,71,7.9,0.0
2026-02-04 05:00:00,40.4,30.5,430.0,22.5,9.1,49.0,126,17.0,73,7.7,0.0
2026-02-04 06:00:00,38.1,28.7,599.0,24.6,9.8,47.0,125,16.8,73,7.7,0.0
2026-02-04 07:00:00,38.8,29.7,866.0,27.4,10.7,45.0,124,16.7,71,7.2,0.0
2026-02-04 08:00:00,42.1,33.3,1019.0,27.5,11.6,50.0,123,16.9,69,7.1,0.0
2026-02-04 09:00:00,44.0,36.6,943.0,22.7,12.5,66.0,122,18.7,61,7.4,0.0
2026-02-04 10:00:00,48.9,36.2,753.0,15.4,13.3,88.0,120,21.4,48,11.2,0.0
2026-02-04 11:00:00,49.7,30.0,587.0,9.5,13.6,107.0,119,24.4,38,19.2,0.0
2026-02-04 12:00:00,43.0,22.4,485.0,6.4,13.0,119.0,117,26.7,31,20.9,0.0
2026-02-04 13:00:00,35.9,18.3,406.0,4.6,11.9,128.0,116,28.0,26,21.0,0.0
2026-02-04 14:00:00,32.5,17.2,362.0,3.8,11.0,133.0,114,28.6,24,20.7,0.0
2026-02-04 15:00:00,30.4,16.8,357.0,3.7,10.6,135.0,113,28.7,24,20.1,0.0
2026-02-04 16:00:00,28.8,16.5,387.0,4.7,10.3,133.0,112,28.6,23,19.6,0.0
2026-02-04 17:00:00,29.2,16.9,450.0,7.2,10.4,124.0,112,28.1,24,18.8,0.0
2026-02-04 18:00:00,26.3,18.0,579.0,13.6,10.6,110.0,111,27.1,27,18.4,0.0
2026-02-04 19:00:00,28.2,21.6,741.0,22.3,10.8,91.0,110,25.4,33,14.8,0.0
2026-02-04 20:00:00,28.6,22.5,831.0,27.8,10.9,77.0,106,23.9,38,13.4,0.0
2026-02-04 21:00:00,28.8,22.6,790.0,27.4,10.8,71.0,101,22.6,43,13.1,0.0
2026-02-04 22:00:00,29.7,23.5,677.0,23.9,10.5,70.0,96,21.5,49,14.6,0.0
2026-02-04 23:00:00,31.3,25.1,572.0,20.2,10.4,70.0,91,21.1,50,15.8,0.0
2026-02-05 00:00:00,34.1,28.1,497.0,17.0,10.4,72.0,87,20.6,53,16.5,0.0
2026-02-05 01:00:00,38.9,32.9,429.0,13.5,10.6,76.0,84,20.1,56,17.1,0.0
2026-02-05 02:00:00,44.9,39.1,382.0,10.5,11.0,80.0,82,19.9,58,18.1,0.0
2026-02-05 03:00:00,49.6,43.7,349.0,7.7,11.8,85.0,81,19.8,59,18.4,0.0
2026-02-05 04:00:00,51.2,44.4,337.0,5.3,12.9,89.0,82,19.6,60,19.0,0.0
2026-02-05 05:00:00,52.2,41.4,375.0,5.2,13.7,89.0,83,18.9,61,19.1,0.0
2026-02-05 06:00:00,51.6,37.8,515.0,9.4,13.7,81.0,83,18.8,60,19.6,0.0
2026-02-05 07:00:00,50.5,36.0,705.0,15.1,13.8,70.0,84,18.6,60,19.6,0.0
2026-02-05 08:00:00,48.1,36.1,817.0,18.3,14.0,66.0,85,18.7,59,19.6,0.0
2026-02-05 09:00:00,45.3,36.6,779.0,16.5,14.5,76.0,85,20.2,53,20.9,0.0
2026-02-05 10:00:00,41.0,31.3,664.0,12.3,15.0,94.0,85,22.7,44,24.5,0.0
2026-02-05 11:00:00,33.4,24.6,564.0,8.6,15.3,110.0,85,25.1,36,24.7,0.0
2026-02-05 12:00:00,28.6,22.0,505.0,6.5,14.9,123.0,84,26.9,31,23.3,0.0
2026-02-05 13:00:00,26.6,21.6,460.0,5.1,14.3,134.0,84,28.1,27,21.3,0.0
2026-02-05 14:00:00,25.3,21.4,441.0,4.6,14.0,142.0,84,28.8,26,18.0,0.0
2026-02-05 15:00:00,25.6,21.9,390.0,2.1,13.9,148.0,85,29.0,25,15.3,0.0
2026-02-05 16:00:00,26.2,22.6,365.0,0.4,14.1,150.0,85,28.9,26,12.4,0.0
2026-02-05 17:00:00,24.6,21.7,554.0,9.1,17.9,140.0,86,28.5,30,8.1,0.0
2026-02-05 18:00:00,34.1,31.2,1223.0,40.5,22.9,105.0,88,26.5,43,8.0,0.0
2026-02-05 19:00:00,60.3,57.3,2106.0,83.4,29.9,56.0,90,24.5,56,8.0,0.0
2026-02-05 20:00:00,74.5,71.5,2589.0,112.9,35.5,20.0,91,23.4,61,4.0,0.0
2026-02-05 21:00:00,82.4,79.2,2290.0,116.6,39.4,10.0,95,22.5,65,3.0,0.0
2026-02-05 22:00:00,82.4,79.6,1592.0,106.8,41.9,14.0,100,21.9,63,4.1,0.0
2026-02-05 23:00:00,71.9,69.6,1020.0,96.1,41.1,18.0,106,21.3,47,6.5,0.0
2026-02-06 00:00:00,58.2,56.3,785.0,88.5,34.5,18.0,110,20.4,49,6.6,0.0
2026-02-06 01:00:00,46.4,44.1,678.0,80.0,24.7,18.0,113,19.6,53,6.5,0.0
2026-02-06 02:00:00,38.4,35.9,598.0,70.2,16.9,20.0,114,19.0,57,6.8,0.0
2026-02-06 03:00:00,32.9,30.3,484.0,56.9,13.3,27.0,114,18.4,59,6.6,0.0
2026-02-06 04:00:00,29.0,26.5,397.0,42.5,11.8,35.0,113,18.1,61,6.5,0.0
2026-02-06 05:00:00,28.0,25.6,420.0,39.9,11.5,32.0,111,17.4,63,5.1,0.0
2026-02-06 06:00:00,26.1,23.9,646.0,42.6,12.0,26.0,109,16.9,66,5.3,0.0
2026-02-06 07:00:00,27.4,25.6,981.0,45.9,13.0,18.0,108,16.5,67,5.2,0.0
2026-02-06 08:00:00,34.1,32.6,1226.0,45.9,15.6,23.0,107,16.4,68,5.4,0.0
2026-02-06 09:00:00,36.6,35.3,1309.0,39.8,21.7,49.0,106,18.0,64,5.6,0.0
2026-02-06 10:00:00,34.3,32.5,1301.0,30.3,29.5,88.0,106,21.4,44,4.9,0.0
2026-02-06 11:00:00,27.2,24.0,1223.0,22.0,34.8,121.0,106,24.4,35,4.1,0.0
2026-02-06 12:00:00,27.0,23.2,1036.0,15.9,35.5,145.0,106,26.6,29,2.5,0.0
2026-02-06 13:00:00,29.0,24.2,778.0,10.8,33.7,164.0,106,27.9,27,5.1,0.0
2026-02-06 14:00:00,32.4,26.5,582.0,7.9,32.0,176.0,107,28.1,29,11.3,0.0
2026-02-06 15:00:00,35.9,28.4,486.0,7.2,31.7,181.0,107,27.3,35,15.6,0.0
2026-02-06 16:00:00,37.3,29.3,453.0,8.6,31.6,180.0,108,26.7,35,15.5,0.0
2026-02-06 17:00:00,43.2,34.2,505.0,12.1,32.7,177.0,109,26.4,39,14.0,0.0
2026-02-06 18:00:00,43.9,38.2,721.0,22.6,29.4,147.0,129,24.9,47,12.6,0.0
2026-02-06 19:00:00,44.8,40.6,1022.0,36.9,24.8,104.0,141,23.5,57,9.7,0.0
2026-02-06 20:00:00,42.1,38.6,1197.0,46.0,20.8,73.0,138,22.8,61,8.0,0.0
2026-02-06 21:00:00,39.3,35.9,1129.0,45.2,18.2,62.0,122,22.3,66,7.8,0.0
2026-02-06 22:00:00,37.6,33.6,935.0,39.4,16.2,63.0,101,22.1,70,8.0,0.0
2026-02-06 23:00:00,37.5,33.1,753.0,33.7,14.5,64.0,97,21.4,76,5.6,0.0
2026-02-07 00:00:00,38.5,33.8,624.0,30.2,13.0,64.0,93,20.7,80,4.3,0.0
2026-02-07 01:00:00,39.3,34.3,507.0,27.0,11.9,66.0,91,20.0,84,3.6,0.0
2026-02-07 02:00:00,38.4,33.6,424.0,23.5,11.0,68.0,91,19.4,86,4.0,0.0
2026-02-07 03:00:00,36.4,32.0,333.0,17.6,10.1,74.0,90,18.8,89,4.8,0.0
2026-02-07 04:00:00,34.3,30.4,276.0,11.5,9.5,80.0,91,18.3,90,4.5,0.0
2026-02-07 05:00:00,34.8,30.6,400.0,12.8,10.1,73.0,91,18.0,90,3.7,0.0
2026-02-07 06:00:00,36.6,31.9,913.0,27.2,13.0,55.0,91,17.5,92,3.9,0.0
2026-02-07 07:00:00,43.8,38.3,1606.0,46.5,17.1,31.0,92,17.1,92,4.2,0.0
2026-02-07 08:00:00,60.1,53.3,2008.0,57.1,20.8,23.0,93,16.9,93,4.6,0.0
2026-02-07 09:00:00,61.5,55.6,1836.0,50.8,23.7,44.0,95,18.4,84,5.1,0.0
2026-02-07 10:00:00,54.7,39.5,1372.0,35.7,26.3,80.0,97,21.6,63,4.6,0.0
2026-02-07 11:00:00,58.1,35.6,986.0,22.7,28.1,111.0,97,24.6,49,4.0,0.0
2026-02-07 12:00:00,58.0,32.1,818.0,15.1,29.2,130.0,98,27.0,40,2.5,0.0
2026-02-07 13:00:00,55.8,29.1,728.0,9.5,29.5,143.0,99,29.0,30,0.4,0.0
2026-02-07 14:00:00,53.2,28.3,661.0,6.9,29.1,149.0,100,29.2,30,6.6,0.0
2026-02-07 15:00:00,51.9,28.6,589.0,7.6,27.7,148.0,100,27.7,44,15.5,0.0
2026-02-07 16:00:00,52.2,29.7,540.0,11.2,25.4,140.0,100,26.5,50,19.2,0.0
2026-02-07 17:00:00,50.2,32.8,544.0,16.1,27.2,140.0,100,26.3,47,16.4,0.0
2026-02-07 18:00:00,49.4,36.2,613.0,25.6,24.6,115.0,100,25.1,50,11.2,0.0
2026-02-07 19:00:00,50.3,39.3,734.0,38.9,20.9,80.0,100,24.0,58,5.9,0.0
2026-02-07 20:00:00,50.5,39.0,900.0,50.2,18.5,51.0,99,23.2,62,3.8,0.0
2026-02-07 21:00:00,51.2,38.9,1163.0,57.3,18.4,36.0,100,22.3,67,2.6,0.0
2026-02-07 22:00:00,53.9,41.6,1471.0,62.2,19.5,27.0,100,21.7,69,1.5,0.0
2026-02-07 23:00:00,60.1,48.2,1663.0,65.7,20.3,20.0,101,21.1,77,0.7,0.0
2026-02-08 00:00:00,66.8,56.1,1661.0,67.9,20.1,13.0,102,20.5,78,1.4,0.0
2026-02-08 01:00:00,69.8,60.3,1542.0,68.6,19.6,8.0,104,19.6,82,2.9,0.0
2026-02-08 02:00:00,71.2,61.5,1376.0,67.4,18.9,5.0,107,18.5,86,3.6,0.0
2026-02-08 03:00:00,72.2,61.9,1117.0,63.1,17.6,4.0,110,17.8,89,3.6,0.0
2026-02-08 04:00:00,71.5,61.2,810.0,56.9,16.2,5.0,113,17.2,90,4.1,0.0
2026-02-08 05:00:00,66.6,57.9,658.0,51.6,15.0,6.0,116,16.8,90,3.6,0.0
2026-02-08 06:00:00,64.3,56.5,818.0,49.2,15.1,3.0,119,16.1,90,4.2,0.0
2026-02-08 07:00:00,65.9,58.7,1132.0,45.8,15.6,0.0,122,15.5,91,4.8,0.0
2026-02-08 08:00:00,74.5,68.0,1331.0,42.4,18.4,10.0,124,15.5,90,5.4,0.0
2026-02-08 09:00:00,73.8,65.0,1279.0,39.8,25.7,42.0,125,17.8,80,5.9,0.0
2026-02-08 10:00:00,68.0,51.9,1111.0,37.2,35.2,87.0,126,21.4,58,5.0,0.0
2026-02-08 11:00:00,67.1,47.8,970.0,33.2,42.0,124.0,128,24.7,44,2.7,0.0
2026-02-08 12:00:00,65.9,45.8,916.0,25.7,44.1,148.0,129,26.2,40,6.4,0.0
2026-02-08 13:00:00,64.5,44.0,887.0,16.8,43.5,166.0,130,26.4,41,11.2,0.0
2026-02-08 14:00:00,60.8,40.2,842.0,10.9,41.6,174.0,132,26.2,41,13.0,0.0
2026-02-08 15:00:00,54.6,35.3,736.0,9.4,38.5,172.0,133,26.2,40,14.1,0.0
2026-02-08 16:00:00,53.6,36.0,614.0,10.9,34.1,161.0,134,25.6,48,15.9,0.0
2026-02-08 17:00:00,53.8,36.7,567.0,14.5,30.2,154.0,135,25.3,54,15.4,0.0
2026-02-08 18:00:00,52.6,38.8,676.0,25.4,27.8,125.0,135,23.9,69,15.0,0.0
2026-02-08 19:00:00,52.3,40.9,860.0,40.2,24.3,85.0,135,22.5,82,13.2,0.0
2026-02-08 20:00:00,51.6,39.9,964.0,49.9,21.2,55.0,135,21.8,87,11.4,0.0
2026-02-08 21:00:00,49.8,38.1,907.0,49.9,18.8,44.0,136,21.5,87,9.4,0.0
2026-02-08 22:00:00,47.8,35.7,770.0,44.9,16.7,43.0,135,21.3,87,8.0,0.0
2026-02-08 23:00:00,47.0,34.3,636.0,39.1,14.7,44.0,135,21.3,85,8.4,0.0
2026-02-09 00:00:00,46.9,33.5,526.0,33.6,12.5,45.0,133,21.1,86,8.7,0.0
2026-02-09 01:00:00,46.8,32.4,419.0,27.4,10.5,49.0,131,21.1,84,7.4,0.0
2026-02-09 02:00:00,48.5,32.1,336.0,22.2,8.9,51.0,128,20.9,86,6.9,0.0
2026-02-09 03:00:00,53.6,32.8,260.0,17.4,8.0,53.0,125,20.8,86,8.0,0.0
2026-02-09 04:00:00,55.3,32.5,209.0,13.6,7.5,54.0,122,20.8,85,6.9,0.0
2026-02-09 05:00:00,61.2,34.6,257.0,14.0,7.4,50.0,119,20.2,87,4.8,0.0
2026-02-09 06:00:00,60.5,34.8,522.0,21.5,7.8,40.0,117,20.1,87,4.7,0.0
2026-02-09 07:00:00,65.7,38.8,887.0,31.4,8.5,27.0,114,20.0,87,4.3,0.0
2026-02-09 08:00:00,75.0,47.6,1071.0,35.9,9.7,24.0,112,20.2,86,4.4,0.0
2026-02-09 09:00:00,77.1,46.6,891.0,30.0,12.2,41.0,110,21.5,79,6.1,0.0
2026-02-09 10:00:00,79.2,37.4,531.0,18.7,15.2,67.0,108,22.8,73,13.0,0.0
2026-02-09 11:00:00,74.7,34.1,260.0,9.7,17.1,89.0,107,24.0,69,20.0,0.0
2026-02-09 12:00:00,67.5,31.2,196.0,6.0,16.9,100.0,105,24.4,68,21.3,0.0
2026-02-09 13:00:00,64.3,28.4,221.0,4.5,15.7,106.0,104,24.7,67,22.4,0.0
2026-02-09 14:00:00,60.3,26.2,254.0,4.2,14.7,107.0,102,25.1,61,22.9,0.0
2026-02-09 15:00:00,58.2,24.7,263.0,4.0,14.6,104.0,101,24.7,66,23.4,0.0
2026-02-09 16:00:00,58.0,24.4,281.0,4.8,14.8,97.0,100,24.2,67,22.8,0.0
2026-02-09 17:00:00,57.6,23.9,317.0,8.1,13.5,87.0,99,24.2,68,23.5,0.0
2026-02-09 18:00:00,57.0,25.8,397.0,15.7,13.5,75.0,97,23.3,72,22.2,0.0
2026-02-09 19:00:00,53.9,28.9,495.0,26.1,13.5,59.0,96,22.7,77,19.2,0.0
2026-02-09 20:00:00,56.0,30.9,554.0,32.7,13.3,48.0,95,22.4,80,16.3,0.0
2026-02-09 21:00:00,56.2,31.4,537.0,32.2,12.7,48.0,94,22.2,81,14.8,0.0
2026-02-09 22:00:00,54.6,31.1,479.0,28.0,11.8,53.0,94,22.0,82,13.0,0.0
2026-02-09 23:00:00,51.7,30.4,429.0,23.6,10.8,58.0,93,22.2,86,10.9,0.0
2026-02-10 00:00:00,48.5,29.5,407.0,19.9,9.5,62.0,93,21.9,87,8.6,0.0
2026-02-10 01:00:00,44.8,28.2,392.0,16.1,8.2,65.0,93,21.9,88,7.2,0.0
2026-02-10 02:00:00,41.4,26.9,372.0,13.0,7.2,68.0,92,21.8,90,6.2,0.0
2026-02-10 03:00:00,38.6,25.9,300.0,10.2,6.8,70.0,92,21.7,90,5.4,0.0
2026-02-10 04:00:00,37.7,25.4,222.0,8.3,6.8,70.0,91,21.5,90,5.4,0.0
2026-02-10 05:00:00,36.0,24.4,261.0,8.3,6.9,70.0,91,21.7,86,6.5,0.0
2026-02-10 06:00:00,36.9,25.0,562.0,16.4,8.1,60.0,90,21.7,87,7.6,0.0
2026-02-10 07:00:00,39.6,27.5,980.0,27.2,9.8,47.0,89,21.6,87,8.4,0.0
2026-02-10 08:00:00,44.8,32.7,1203.0,32.6,11.6,43.0,88,21.7,87,9.1,0.0
2026-02-10 09:00:00,49.4,32.1,1036.0,27.3,13.7,58.0,87,22.9,81,10.6,0.0
2026-02-10 10:00:00,54.8,30.3,674.0,16.6,15.9,82.0,85,24.1,75,14.1,0.0
2026-02-10 11:00:00,73.6,30.3,392.0,8.2,17.2,102.0,85,24.9,69,11.3,0.0
2026-02-10 12:00:00,84.3,30.6,301.0,5.1,16.7,112.0,84,25.7,64,12.2,0.0
2026-02-10 13:00:00,93.6,31.2,289.0,4.4,15.4,119.0,84,26.1,63,12.9,0.0
2026-02-10 14:00:00,98.3,32.0,298.0,4.6,14.6,121.0,85,26.3,61,14.2,0.0
2026-02-10 15:00:00,99.7,32.5,311.0,4.9,15.4,121.0,85,26.1,60,16.6,0.0
2026-02-10 16:00:00,100.1,32.8,344.0,6.1,16.8,117.0,86,25.7,62,18.4,0.0
2026-02-10 17:00:00,114.1,39.2,386.0,10.2,20.6,114.0,86,24.9,70,17.7,0.0
2026-02-10 18:00:00,90.1,36.7,419.0,19.7,19.0,96.0,88,24.1,75,16.1,0.0
2026-02-10 19:00:00,80.8,38.2,460.0,33.1,17.0,70.0,89,23.3,82,14.2,0.0
2026-02-10 20:00:00,80.1,40.6,550.0,45.1,16.4,48.0,90,22.8,89,10.1,0.0
2026-02-10 21:00:00,82.0,44.6,759.0,54.4,18.6,34.0,91,22.6,90,5.9,0.0
2026-02-10 22:00:00,86.1,50.9,1016.0,62.4,22.3,23.0,92,22.4,89,4.7,0.0
2026-02-10 23:00:00,96.2,60.3,1158.0,67.6,24.9,16.0,93,22.3,87,5.2,0.0
2026-02-11 00:00:00,105.9,69.8,1081.0,69.2,25.5,11.0,96,22.0,89,5.0,0.0
2026-02-11 01:00:00,109.4,74.7,888.0,68.0,25.0,9.0,100,21.8,90,4.3,0.0
2026-02-11 02:00:00,99.0,74.5,719.0,65.0,24.1,11.0,104,21.5,90,4.7,0.0
2026-02-11 03:00:00,83.1,66.1,600.0,60.0,22.4,17.0,109,21.2,91,5.1,0.0
2026-02-11 04:00:00,70.8,57.7,504.0,53.2,20.3,26.0,114,20.8,92,5.0,0.0
2026-02-11 05:00:00,65.9,55.6,491.0,54.0,20.4,26.0,117,20.4,90,4.7,0.0
2026-02-11 06:00:00,58.6,50.8,642.0,47.5,20.1,37.0,120,19.7,92,5.0,0.0
2026-02-11 07:00:00,55.9,48.8,876.0,38.3,19.8,52.0,123,19.1,92,5.6,0.0
2026-02-11 08:00:00,56.9,49.9,1008.0,29.5,19.5,70.0,125,19.1,89,6.4,0.0
2026-02-11 09:00:00,56.8,51.1,933.0,21.6,19.6,91.0,127,21.1,66,7.9,0.0
2026-02-11 10:00:00,56.2,47.7,755.0,14.1,19.7,114.0,129,23.3,51,12.2,0.0
2026-02-11 11:00:00,57.0,44.1,603.0,8.4,19.2,131.0,131,24.9,45,24.8,0.0
2026-02-11 12:00:00,58.9,39.5,518.0,5.4,17.3,138.0,132,26.5,40,24.9,0.0
2026-02-11 13:00:00,55.2,34.7,459.0,4.2,14.7,138.0,133,27.7,36,24.5,0.0
2026-02-11 14:00:00,49.0,31.3,427.0,3.8,12.7,137.0,133,28.6,32,23.9,0.0
2026-02-11 15:00:00,44.2,28.6,422.0,3.4,11.7,137.0,133,29.1,28,23.7,0.0
2026-02-11 16:00:00,40.7,27.4,445.0,3.8,11.4,135.0,133,29.2,26,23.4,0.0
2026-02-11 17:00:00,47.4,32.5,501.0,6.8,11.1,127.0,132,28.9,25,22.1,0.0
2026-02-11 18:00:00,45.8,34.9,623.0,14.6,11.9,112.0,132,28.0,27,21.3,0.0
2026-02-11 19:00:00,47.0,38.6,778.0,25.2,12.9,91.0,131,26.4,32,16.0,0.0
2026-02-11 20:00:00,47.8,40.4,875.0,32.3,13.9,76.0,132,24.9,38,13.6,0.0
2026-02-11 21:00:00,48.3,41.4,868.0,33.0,14.8,70.0,132,23.8,45,12.2,0.0
2026-02-11 22:00:00,49.0,42.1,804.0,30.2,15.5,70.0,131,23.0,48,12.2,0.0
2026-02-11 23:00:00,49.9,42.8,728.0,26.4,15.9,72.0,130,22.2,49,13.3,0.0
2026-02-12 00:00:00,50.1,42.7,645.0,21.9,15.5,76.0,128,21.8,51,12.7,0.0
2026-02-12 01:00:00,48.7,41.3,551.0,16.4,14.7,83.0,126,21.2,53,10.9,0.0
2026-02-12 02:00:00,46.4,39.2,482.0,12.0,14.2,88.0,122,20.9,54,10.0,0.0
2026-02-12 03:00:00,44.2,37.4,435.0,8.7,14.1,92.0,118,20.6,55,8.7,0.0
2026-02-12 04:00:00,42.8,35.9,413.0,6.4,14.3,94.0,115,20.2,57,8.2,0.0
2026-02-12 05:00:00,43.0,36.0,458.0,7.2,15.0,90.0,113,19.5,60,7.6,0.0
2026-02-12 06:00:00,42.4,35.3,642.0,12.9,15.9,83.0,111,19.2,60,7.6,0.0
2026-02-12 07:00:00,43.4,36.3,893.0,20.6,17.1,75.0,110,19.0,60,7.3,0.0
2026-02-12 08:00:00,46.0,39.2,1038.0,24.9,18.2,74.0,108,19.0,60,7.7,0.0
2026-02-12 09:00:00,47.7,42.0,978.0,22.6,19.1,88.0,107,20.6,55,9.0,0.0
2026-02-12 10:00:00,46.1,38.0,812.0,16.9,19.9,110.0,106,22.9,44,13.0,0.0
2026-02-12 11:00:00,41.0,31.4,659.0,11.8,19.8,128.0,105,25.5,36,12.2,0.0
2026-02-12 12:00:00,44.8,26.2,553.0,8.5,18.2,137.0,104,27.4,29,13.8,0.0
2026-02-12 13:00:00,37.0,22.8,462.0,5.9,15.9,141.0,102,28.6,24,10.7,0.0
2026-02-12 14:00:00,32.2,21.2,406.0,4.6,14.3,143.0,101,29.5,20,6.7,0.0
2026-02-12 15:00:00,30.3,20.7,391.0,2.7,14.2,145.0,100,29.9,19,5.4,0.0
2026-02-12 16:00:00,29.6,20.6,412.0,2.2,14.9,143.0,99,28.9,27,11.6,0.0
2026-02-12 17:00:00,38.6,26.8,473.0,9.2,16.7,133.0,99,27.7,37,12.1,0.0
2026-02-12 18:00:00,48.2,38.2,606.0,34.7,18.0,100.0,98,26.1,42,12.9,0.0
2026-02-12 19:00:00,62.2,53.4,780.0,69.7,19.8,54.0,99,24.1,59,10.5,0.0
2026-02-12 20:00:00,65.0,56.2,902.0,94.0,22.4,21.0,100,23.5,61,5.2,0.0
2026-02-12 21:00:00,70.5,60.5,940.0,97.9,26.8,12.0,102,22.9,64,3.6,0.0
2026-02-12 22:00:00,78.5,67.8,927.0,91.3,31.8,14.0,104,22.2,67,5.0,0.0
2026-02-12 23:00:00,78.9,69.6,873.0,83.5,34.1,17.0,106,21.6,74,4.9,0.0
2026-02-13 00:00:00,75.2,68.0,756.0,76.8,31.3,16.0,109,21.0,77,4.7,0.0
2026-02-13 01:00:00,71.0,65.2,598.0,69.0,25.9,14.0,112,20.5,79,4.3,0.0
2026-02-13 02:00:00,65.4,60.3,481.0,62.9,21.3,13.0,114,20.1,81,4.3,0.0
2026-02-13 03:00:00,58.4,53.9,372.0,60.3,18.8,12.0,116,19.6,82,4.7,0.0
2026-02-13 04:00:00,51.9,47.5,304.0,59.4,17.2,11.0,118,19.2,83,4.1,0.0
2026-02-13 05:00:00,43.1,38.1,449.0,53.1,14.8,12.0,119,18.6,86,4.2,0.0
2026-02-13 06:00:00,44.8,39.3,1047.0,50.0,15.8,7.0,120,18.1,87,4.1,0.0
2026-02-13 07:00:00,50.6,44.6,1859.0,45.7,17.4,1.0,120,17.6,89,4.6,0.0
2026-02-13 08:00:00,64.3,58.6,2339.0,41.9,21.0,8.0,121,17.7,89,5.0,0.0
2026-02-13 09:00:00,77.5,73.8,2181.0,39.9,28.3,37.0,123,19.4,81,4.5,0.0
2026-02-13 10:00:00,57.2,46.0,1690.0,38.4,37.5,78.0,126,22.2,61,3.4,0.0
2026-02-13 11:00:00,65.0,43.4,1245.0,35.0,44.2,116.0,127,25.5,50,0.7,0.0
2026-02-13 12:00:00,72.4,44.1,961.0,27.3,46.9,149.0,128,26.7,44,4.5,0.0
2026-02-13 13:00:00,74.5,44.9,721.0,17.6,47.2,178.0,130,27.2,47,7.9,0.0
2026-02-13 14:00:00,74.0,46.7,552.0,11.2,45.2,193.0,132,27.1,50,11.3,0.0
2026-02-13 15:00:00,69.2,45.5,473.0,9.6,40.1,186.0,135,26.7,54,13.2,0.0
2026-02-13 16:00:00,63.3,42.1,464.0,11.1,32.8,165.0,138,26.1,60,14.3,0.0
2026-02-13 17:00:00,36.3,26.8,495.0,15.7,24.7,137.0,140,26.1,63,15.3,0.0
2026-02-13 18:00:00,35.5,26.2,576.0,25.6,21.9,109.0,140,24.9,72,13.6,0.0
2026-02-13 19:00:00,38.4,28.3,697.0,39.2,18.0,72.0,139,23.8,82,9.4,0.0
2026-02-13 20:00:00,41.9,30.0,796.0,48.0,14.9,44.0,136,23.1,85,6.5,0.0
2026-02-13 21:00:00,42.6,29.7,870.0,48.0,13.7,37.0,133,22.6,86,6.2,0.0
2026-02-13 22:00:00,42.1,29.2,921.0,43.3,13.4,40.0,130,22.2,84,6.6,0.0
2026-02-13 23:00:00,40.7,29.0,896.0,38.0,12.9,44.0,126,22.0,81,4.6,0.0
2026-02-14 00:00:00,38.4,28.3,726.0,32.9,11.8,47.0,122,21.5,83,4.2,0.0
2026-02-14 01:00:00,34.5,26.1,479.0,27.2,10.5,52.0,118,21.0,84,4.0,0.0
2026-02-14 02:00:00,30.0,23.3,304.0,22.3,9.6,55.0,114,20.7,84,3.9,0.0
2026-02-14 03:00:00,26.4,21.0,213.0,17.5,8.9,57.0,110,20.4,85,3.0,0.0
2026-02-14 04:00:00,23.8,19.3,193.0,13.5,8.5,58.0,106,20.0,87,2.5,0.0
2026-02-14 05:00:00,28.2,21.6,360.0,15.7,9.4,51.0,103,19.0,88,2.5,0.0
2026-02-14 06:00:00,30.4,23.7,923.0,25.1,12.1,37.0,102,18.4,90,3.1,0.0
2026-02-14 07:00:00,37.0,30.0,1671.0,37.7,15.9,20.0,100,17.9,91,3.4,0.0
2026-02-14 08:00:00,50.9,44.5,2089.0,44.9,19.5,15.0,99,17.8,91,3.5,0.0
2026-02-14 09:00:00,45.5,41.0,1867.0,41.8,22.4,35.0,97,19.4,85,2.6,0.0
2026-02-14 10:00:00,39.1,30.7,1314.0,33.3,25.0,67.0,95,22.8,72,1.1,0.0
2026-02-14 11:00:00,34.9,26.4,841.0,25.1,27.1,96.0,93,25.5,58,4.3,0.0
2026-02-14 12:00:00,29.3,22.7,589.0,18.6,28.6,117.0,92,27.0,55,8.1,0.0
2026-02-14 13:00:00,27.4,21.4,417.0,12.5,29.6,134.0,90,27.8,49,11.9,0.0
2026-02-14 14:00:00,26.7,20.8,312.0,8.8,29.5,142.0,88,27.9,48,14.1,0.0
2026-02-14 15:00:00,26.0,20.2,279.0,7.7,28.0,139.0,85,27.7,48,16.2,0.0
2026-02-14 16:00:00,24.6,19.0,314.0,9.1,25.4,127.0,83,27.1,50,16.8,0.0
2026-02-14 17:00:00,21.5,17.9,388.0,13.9,24.4,115.0,81,26.5,55,14.9,0.0
2026-02-14 18:00:00,25.4,19.8,524.0,25.2,22.4,91.0,80,25.0,69,12.6,0.0
2026-02-14 19:00:00,31.1,25.2,700.0,40.6,19.5,57.0,80,23.8,79,9.1,0.0
2026-02-14 20:00:00,34.7,27.6,820.0,51.4,17.2,32.0,80,23.0,85,7.2,0.0
2026-02-14 21:00:00,36.9,28.6,849.0,53.8,16.1,24.0,79,22.3,88,6.8,0.0
2026-02-14 22:00:00,39.0,29.5,822.0,51.7,15.6,24.0,79,21.9,89,4.8,0.0
2026-02-14 23:00:00,40.5,30.3,749.0,47.6,14.7,27.0,79,21.4,91,2.8,0.0
2026-02-15 00:00:00,41.9,30.5,602.0,41.6,13.0,30.0,79,20.8,92,4.0,0.0
2026-02-15 01:00:00,41.2,28.9,409.0,33.7,11.1,36.0,80,20.4,94,4.3,0.0
2026-02-15 02:00:00,40.5,27.9,268.0,26.6,9.4,40.0,80,20.2,95,4.0,0.0
2026-02-15 03:00:00,40.4,28.2,189.0,20.2,7.9,43.0,80,20.1,96,3.6,0.0
2026-02-15 04:00:00,42.3,30.0,163.0,14.6,6.6,44.0,81,19.9,97,3.1,0.0
2026-02-15 05:00:00,48.7,34.0,257.0,15.5,7.0,38.0,82,19.8,98,3.6,0.0
2026-02-15 06:00:00,54.2,38.2,602.0,24.1,9.2,27.0,83,19.9,98,4.1,0.0
2026-02-15 07:00:00,65.4,46.1,1067.0,35.5,12.3,12.0,84,20.0,97,4.1,0.0
2026-02-15 08:00:00,84.1,61.2,1329.0,41.6,15.8,10.0,86,20.3,95,3.8,0.0
2026-02-15 09:00:00,73.3,46.0,1194.0,37.4,20.0,31.0,87,21.5,91,6.3,0.0
2026-02-15 10:00:00,69.8,36.8,855.0,27.9,24.6,63.0,88,22.9,85,6.3,0.0
2026-02-15 11:00:00,65.4,33.6,572.0,19.5,27.8,92.0,88,24.8,76,8.6,0.0
2026-02-15 12:00:00,59.3,30.3,437.0,14.1,28.9,112.0,89,25.5,73,11.6,0.0
2026-02-15 13:00:00,54.0,27.8,358.0,9.9,28.7,128.0,89,25.6,73,14.8,0.0
2026-02-15 14:00:00,50.6,26.4,313.0,7.4,27.6,136.0,90,25.3,74,17.2,0.0
2026-02-15 15:00:00,49.0,25.4,306.0,6.4,25.3,132.0,90,24.9,74,18.8,0.0
2026-02-15 16:00:00,47.0,24.1,333.0,7.1,22.2,119.0,91,24.5,70,18.8,0.0
2026-02-15 17:00:00,45.1,23.6,367.0,11.4,20.6,106.0,91,24.5,72,17.8,0.0
2026-02-15 18:00:00,47.4,25.2,399.0,20.2,19.1,87.0,92,23.1,84,15.7,0.0
2026-02-15 19:00:00,50.2,30.2,437.0,32.4,17.0,61.0,92,22.3,88,13.2,0.0
2026-02-15 20:00:00,54.2,33.2,477.0,41.9,15.5,41.0,93,21.8,90,10.2,0.0
2026-02-15 21:00:00,56.3,35.2,528.0,46.5,15.3,32.0,93,21.6,92,8.8,0.0
2026-02-15 22:00:00,58.0,36.9,581.0,48.5,15.6,28.0,94,21.4,91,8.0,0.0
2026-02-15 23:00:00,59.4,38.5,609.0,48.5,15.4,27.0,95,21.2,92,7.4,0.0
2026-02-16 00:00:00,67.5,43.4,598.0,46.3,14.0,27.0,95,21.1,91,6.0,0.0
2026-02-16 01:00:00,70.8,46.2,562.0,42.1,12.0,30.0,96,20.9,91,5.4,0.0
2026-02-16 02:00:00,69.8,45.4,511.0,37.4,10.4,33.0,98,20.7,91,4.8,0.0
2026-02-16 03:00:00,66.8,43.4,410.0,31.2,9.3,37.0,99,20.6,89,5.6,0.0
2026-02-16 04:00:00,63.8,41.4,295.0,24.5,8.4,42.0,101,20.5,89,5.5,0.0
2026-02-16 05:00:00,63.6,40.0,283.0,20.4,8.4,45.0,102,20.3,88,4.4,0.0
2026-02-16 06:00:00,60.3,38.1,499.0,24.2,8.8,43.0,103,20.2,88,3.7,0.0
2026-02-16 07:00:00,58.2,37.4,817.0,29.2,9.5,40.0,103,20.1,87,3.4,0.0
2026-02-16 08:00:00,63.1,40.6,981.0,30.5,11.1,44.0,102,20.3,86,2.7,0.0
2026-02-16 09:00:00,60.5,35.9,827.0,24.8,14.7,60.0,100,21.4,77,4.5,0.0
2026-02-16 10:00:00,60.1,30.6,518.0,15.4,19.1,82.0,99,22.5,66,9.4,0.0
2026-02-16 11:00:00,59.6,29.2,283.0,8.1,21.9,100.0,98,24.3,63,14.3,0.0
2026-02-16 12:00:00,57.5,28.7,218.0,5.2,21.4,110.0,98,24.6,61,16.6,0.0
2026-02-16 13:00:00,54.2,27.6,226.0,4.3,19.2,116.0,98,24.7,61,18.8,0.0
2026-02-16 14:00:00,50.6,26.4,246.0,4.2,17.3,117.0,98,24.7,61,20.7,0.0
2026-02-16 15:00:00,47.0,24.8,256.0,4.2,16.3,113.0,98,24.3,65,21.4,0.0
2026-02-16 16:00:00,44.0,23.5,278.0,4.9,15.5,103.0,98,23.9,65,20.2,0.0
2026-02-16 17:00:00,36.7,20.6,311.0,7.8,15.7,96.0,98,23.8,69,20.9,0.0
2026-02-16 18:00:00,34.2,20.1,365.0,13.7,15.0,85.0,97,23.2,68,19.0,0.0
2026-02-16 19:00:00,31.7,21.7,431.0,21.9,14.1,69.0,97,22.7,72,16.6,0.0
2026-02-16 20:00:00,32.1,22.9,484.0,29.3,13.5,56.0,96,22.3,76,14.1,0.0
2026-02-16 21:00:00,32.4,24.0,517.0,35.5,13.7,47.0,95,22.2,78,13.1,0.0
2026-02-16 22:00:00,33.1,25.7,537.0,40.8,14.3,40.0,94,21.9,80,12.3,0.0
2026-02-16 23:00:00,34.6,27.5,544.0,42.9,14.3,36.0,93,22.4,80,9.0,0.0
2026-02-17 00:00:00,34.8,28.0,523.0,39.8,13.1,37.0,92,22.2,80,7.6,0.0
2026-02-17 01:00:00,32.5,25.9,489.0,33.6,11.3,42.0,91,22.1,81,5.4,0.0
2026-02-17 02:00:00,29.5,23.0,483.0,28.1,9.9,46.0,89,21.7,82,3.4,0.0
2026-02-17 03:00:00,28.1,21.5,512.0,23.9,9.0,48.0,87,21.3,85,2.8,0.0
2026-02-17 04:00:00,30.4,22.8,569.0,20.5,8.4,49.0,85,21.1,86,2.1,0.0
2026-02-17 05:00:00,29.9,19.8,678.0,14.8,7.8,52.0,84,20.4,89,2.3,0.0
2026-02-17 06:00:00,36.8,24.3,917.0,27.0,9.5,38.0,82,20.3,90,0.8,0.0
2026-02-17 07:00:00,48.5,34.5,1209.0,43.4,12.2,20.0,81,20.1,90,0.4,0.0
2026-02-17 08:00:00,64.0,51.1,1344.0,51.6,15.7,15.0,80,19.9,91,1.8,0.0
2026-02-17 09:00:00,61.7,49.8,1183.0,44.0,21.1,35.0,81,20.9,89,3.9,0.0
2026-02-17 10:00:00,51.7,30.4,865.0,28.3,27.3,69.0,82,22.1,81,2.8,0.0
2026-02-17 11:00:00,59.8,28.2,599.0,15.5,31.7,99.0,82,23.5,71,3.5,0.9
2026-02-17 12:00:00,68.9,29.7,455.0,9.9,32.7,120.0,82,23.9,67,5.2,0.3
2026-02-17 13:00:00,84.1,33.3,364.0,7.3,31.8,138.0,82,24.4,64,7.2,0.2
2026-02-17 14:00:00,80.3,32.8,327.0,6.0,30.6,148.0,83,24.6,64,9.5,0.4
2026-02-17 15:00:00,77.8,31.9,318.0,4.9,29.9,151.0,84,25.0,63,10.9,0.0
2026-02-17 16:00:00,72.9,30.4,362.0,5.2,28.9,146.0,84,24.6,63,10.0,0.1
2026-02-17 17:00:00,70.5,30.0,537.0,9.2,30.3,141.0,85,24.6,63,5.2,0.0
2026-02-17 18:00:00,70.5,31.2,990.0,18.2,28.3,117.0,86,24.1,64,8.5,0.0
2026-02-17 19:00:00,55.6,31.5,1574.0,30.7,25.4,84.0,92,23.3,69,8.9,0.0
2026-02-17 20:00:00,48.5,30.6,1923.0,41.1,23.2,57.0,89,22.3,74,8.4,0.0
2026-02-17 21:00:00,46.8,31.1,1840.0,48.5,22.3,41.0,88,21.7,76,6.4,0.0
2026-02-17 22:00:00,48.2,33.4,1522.0,53.8,22.0,31.0,89,21.1,78,6.6,0.0
2026-02-17 23:00:00,49.8,35.6,1190.0,53.7,21.4,30.0,89,20.8,80,7.3,0.0
2026-02-18 00:00:00,50.5,36.4,882.0,44.5,20.0,43.0,90,20.4,73,9.2,0.0
2026-02-18 01:00:00,49.4,35.3,561.0,30.0,18.4,64.0,91,19.8,71,10.4,0.0
2026-02-18 02:00:00,46.4,32.8,335.0,18.0,16.8,82.0,92,19.4,70,10.7,0.0
2026-02-18 03:00:00,43.8,29.5,246.0,11.1,15.2,91.0,93,19.0,71,9.5,0.0
2026-02-18 04:00:00,42.4,26.9,251.0,6.8,13.7,96.0,93,18.6,73,9.0,0.0
2026-02-18 05:00:00,43.5,25.9,332.0,5.6,13.0,97.0,94,18.3,73,6.6,0.0
2026-02-18 06:00:00,43.8,26.6,547.0,11.6,13.4,91.0,94,18.1,74,6.2,0.0
2026-02-18 07:00:00,45.1,28.8,838.0,19.6,14.1,82.0,94,18.1,74,5.1,0.0
2026-02-18 08:00:00,47.8,32.4,1013.0,23.9,15.5,82.0,94,18.1,76,4.7,0.0
2026-02-18 09:00:00,50.6,33.6,962.0,20.9,18.6,97.0,92,19.9,68,5.4,0.0
2026-02-18 10:00:00,56.7,34.9,795.0,14.1,22.4,119.0,91,22.0,58,9.7,0.0
2026-02-18 11:00:00,60.3,36.1,651.0,8.5,24.5,137.0,91,23.7,51,11.4,0.0
2026-02-18 12:00:00,57.7,32.0,577.0,5.9,23.2,145.0,92,25.2,48,10.4,0.0
2026-02-18 13:00:00,53.2,28.8,526.0,4.5,20.3,147.0,92,26.4,45,8.1,0.0
2026-02-18 14:00:00,51.3,27.9,493.0,4.1,18.2,148.0,92,27.5,37,5.6,0.0
2026-02-18 15:00:00,50.4,28.0,466.0,3.0,18.2,150.0,91,27.4,39,11.9,0.0
2026-02-18 16:00:00,49.7,28.3,456.0,3.0,19.1,151.0,91,25.6,52,17.0,0.0
2026-02-18 17:00:00,36.3,22.6,496.0,8.3,18.2,139.0,99,24.8,56,16.7,0.0
2026-02-18 18:00:00,38.4,24.9,628.0,26.7,18.5,111.0,108,24.3,58,15.0,0.0
2026-02-18 19:00:00,42.8,33.5,809.0,52.0,18.9,72.0,106,23.5,64,12.4,0.0
2026-02-18 20:00:00,46.2,38.3,942.0,70.7,19.6,42.0,93,22.9,70,10.1,0.0
2026-02-18 21:00:00,49.1,41.7,996.0,77.8,21.3,29.0,90,22.7,73,8.9,0.0
2026-02-18 22:00:00,52.5,44.9,1002.0,78.3,23.4,25.0,91,22.5,76,7.7,0.0
2026-02-18 23:00:00,53.8,46.3,952.0,74.1,23.9,27.0,92,22.5,74,6.9,0.0
2026-02-19 00:00:00,50.3,43.2,812.0,63.9,21.6,34.0,93,22.0,76,5.7,0.0
2026-02-19 01:00:00,44.9,37.3,616.0,49.0,17.8,47.0,94,21.6,73,5.1,0.0
2026-02-19 02:00:00,42.7,31.4,465.0,35.5,14.6,59.0,94,21.1,70,4.7,0.0
2026-02-19 03:00:00,44.5,27.5,386.0,24.3,12.6,70.0,94,20.6,70,5.1,0.0
2026-02-19 04:00:00,47.7,25.1,350.0,14.5,11.3,81.0,94,20.2,69,6.5,0.0
2026-02-19 05:00:00,48.0,24.2,375.0,6.7,11.1,95.0,94,20.6,61,9.2,0.0
2026-02-19 06:00:00,47.8,24.3,513.0,12.1,11.9,88.0,93,20.6,59,9.2,0.0
2026-02-19 07:00:00,48.5,25.6,711.0,19.3,13.1,80.0,93,20.5,59,8.5,0.0
2026-02-19 08:00:00,49.6,28.0,823.0,23.0,14.1,79.0,93,20.6,60,8.3,0.0
2026-02-19 09:00:00,49.1,28.8,765.0,19.7,15.1,93.0,93,21.9,54,9.7,0.0
2026-02-19 10:00:00,47.7,26.2,620.0,12.9,16.0,116.0,92,24.1,47,12.9,0.0
2026-02-19 11:00:00,42.1,25.8,493.0,7.3,15.8,133.0,91,26.3,42,15.0,0.0
2026-02-19 12:00:00,38.4,22.5,417.0,4.8,13.7,140.0,90,28.3,36,17.5,0.0
2026-02-19 13:00:00,28.4,19.3,359.0,3.6,10.5,142.0,90,29.4,30,21.0,0.0
2026-02-19 14:00:00,24.3,18.6,327.0,3.1,8.2,142.0,89,30.0,27,23.2,0.0
2026-02-19 15:00:00,23.3,19.2,315.0,2.9,7.5,143.0,88,30.4,24,23.2,0.0
2026-02-19 16:00:00,23.6,19.9,328.0,3.6,7.7,141.0,87,30.3,23,23.8,0.0
2026-02-19 17:00:00,22.5,21.0,395.0,5.9,8.0,138.0,90,30.2,22,22.6,0.0
2026-02-19 18:00:00,26.4,23.7,576.0,12.5,8.9,124.0,99,29.2,23,21.8,0.0
2026-02-19 19:00:00,30.6,27.6,810.0,21.5,10.1,104.0,101,27.3,30,15.5,0.0
2026-02-19 20:00:00,32.9,29.7,944.0,28.5,11.3,88.0,95,26.2,34,13.0,0.0
2026-02-19 21:00:00,34.6,31.1,887.0,32.1,12.6,77.0,85,25.0,39,10.9,0.0
2026-02-19 22:00:00,36.2,32.6,729.0,33.7,13.8,69.0,84,23.8,45,10.5,0.0
2026-02-19 23:00:00,37.6,33.6,586.0,32.4,14.3,66.0,83,23.5,47,10.7,0.0
2026-02-20 00:00:00,37.4,32.5,495.0,26.6,13.5,71.0,82,22.8,51,9.4,0.0
2026-02-20 01:00:00,35.3,28.9,420.0,18.0,12.0,82.0,81,22.2,52,10.0,0.0
2026-02-20 02:00:00,31.5,24.9,366.0,11.2,10.6,90.0,80,21.8,54,10.2,0.0
2026-02-20 03:00:00,27.2,21.9,325.0,7.5,9.6,94.0,79,21.5,55,9.5,0.0
2026-02-20 04:00:00,23.9,20.3,305.0,5.6,8.7,95.0,79,21.2,56,9.8,0.0
2026-02-20 05:00:00,22.7,19.8,334.0,5.9,8.4,93.0,79,21.7,50,14.0,0.0
2026-02-20 06:00:00,21.2,19.4,467.0,10.4,8.8,87.0,78,21.6,49,15.0,0.0
2026-02-20 07:00:00,21.8,20.4,650.0,16.3,9.5,80.0,78,21.3,50,16.2,0.0
2026-02-20 08:00:00,24.2,23.1,747.0,19.5,10.3,80.0,77,21.7,50,18.1,0.0
2026-02-20 09:00:00,26.5,25.2,676.0,17.2,11.5,94.0,77,23.2,47,19.2,0.0
2026-02-20 10:00:00,31.2,26.3,519.0,12.2,12.9,115.0,77,25.6,42,20.3,0.0
2026-02-20 11:00:00,43.8,28.9,395.0,7.9,13.5,132.0,77,27.3,36,23.2,0.0
2026-02-20 12:00:00,93.6,30.0,347.0,5.6,12.5,142.0,77,28.8,30,24.6,0.0
2026-02-20 13:00:00,96.9,30.0,331.0,4.1,10.6,148.0,77,29.7,29,22.6,0.0
2026-02-20 14:00:00,83.4,27.7,330.0,3.4,9.2,151.0,78,30.2,27,18.7,0.0
2026-02-20 15:00:00,68.5,25.6,334.0,3.2,8.8,153.0,79,30.5,26,17.9,0.0
2026-02-20 16:00:00,57.9,25.8,353.0,3.8,8.8,152.0,82,30.5,26,17.9,0.0
2026-02-20 17:00:00,37.4,21.5,404.0,6.6,9.2,152.0,98,30.3,27,19.7,0.0
2026-02-20 18:00:00,30.4,22.2,525.0,12.6,9.6,137.0,110,29.4,28,19.6,0.0
2026-02-20 19:00:00,30.5,25.6,679.0,20.9,10.1,116.0,115,27.7,34,15.6,0.0
2026-02-20 20:00:00,31.3,27.1,765.0,27.5,10.7,98.0,111,26.1,38,14.1,0.0
2026-02-20 21:00:00,32.6,28.3,727.0,31.3,11.4,84.0,102,25.4,40,12.7,0.0
2026-02-20 22:00:00,34.6,30.0,621.0,33.4,12.2,72.0,88,24.5,45,12.5,0.0
2026-02-20 23:00:00,36.2,32.1,522.0,33.0,12.5,67.0,79,23.9,46,12.5,0.0
2026-02-21 00:00:00,35.5,32.1,449.0,28.7,12.0,71.0,79,23.5,49,13.2,0.0
2026-02-21 01:00:00,32.7,29.7,382.0,21.9,11.2,81.0,79,23.1,51,13.9,0.0
2026-02-21 02:00:00,29.9,27.2,334.0,15.9,10.6,90.0,79,22.8,53,14.0,0.0
2026-02-21 03:00:00,28.0,25.3,293.0,11.1,10.5,98.0,79,22.4,54,13.2,0.0
2026-02-21 04:00:00,27.0,24.1,271.0,7.2,10.8,105.0,80,21.9,57,12.2,0.0
2026-02-21 05:00:00,23.7,23.6,311.0,6.0,11.2,109.0,80,21.5,56,11.0,0.0
2026-02-21 06:00:00,25.8,24.0,478.0,11.8,11.9,100.0,80,21.0,58,9.6,0.0
2026-02-21 07:00:00,27.8,25.6,708.0,19.7,13.0,89.0,81,20.6,60,8.1,0.0
2026-02-21 08:00:00,31.0,28.8,847.0,24.0,14.2,87.0,81,20.7,60,6.9,0.0
2026-02-21 09:00:00,33.4,31.1,809.0,21.4,15.6,101.0,82,22.4,54,6.8,0.0
2026-02-21 10:00:00,37.6,29.5,680.0,15.4,17.2,125.0,82,24.4,47,8.6,0.0
2026-02-21 11:00:00,107.1,33.5,571.0,10.2,18.3,146.0,83,27.0,40,8.0,0.0
2026-02-21 12:00:00,179.3,41.6,524.0,7.4,18.5,162.0,83,28.6,36,7.3,0.0
2026-02-21 13:00:00,175.1,42.1,496.0,5.5,18.3,176.0,84,29.6,34,8.0,0.0
2026-02-21 14:00:00,164.8,43.2,469.0,4.8,18.5,186.0,85,29.4,36,14.1,0.0
2026-02-21 15:00:00,156.0,43.9,415.0,5.1,19.9,193.0,95,29.2,33,17.8,0.0
2026-02-21 16:00:00,148.5,43.5,362.0,6.7,21.8,195.0,117,29.1,32,18.4,0.0
2026-02-21 17:00:00,124.8,39.5,377.0,10.2,25.2,197.0,140,28.6,34,16.2,0.0
2026-02-21 18:00:00,92.2,39.6,533.0,17.8,23.8,173.0,158,27.2,41,14.4,0.0
2026-02-21 19:00:00,77.5,39.5,756.0,28.3,21.9,139.0,165,25.8,47,10.9,0.0
2026-02-21 20:00:00,87.5,39.1,897.0,36.0,20.3,112.0,164,24.9,51,8.3,0.0
2026-02-21 21:00:00,98.0,40.3,882.0,38.4,19.4,98.0,156,24.1,58,6.8,0.0
2026-02-21 22:00:00,100.4,41.2,784.0,38.0,18.9,91.0,142,23.6,61,6.7,0.0
2026-02-21 23:00:00,99.0,41.7,672.0,36.4,18.0,86.0,121,23.1,63,4.8,0.0
2026-02-22 00:00:00,95.2,41.6,553.0,33.8,16.5,83.0,99,22.4,69,4.4,0.0
2026-02-22 01:00:00,89.4,40.9,420.0,30.0,14.6,83.0,99,21.8,74,5.5,0.0
2026-02-22 02:00:00,81.3,38.4,326.0,25.7,13.1,84.0,100,21.7,77,5.2,0.0
2026-02-22 03:00:00,71.9,34.7,277.0,19.3,11.9,90.0,101,21.4,80,3.3,0.0
2026-02-22 04:00:00,61.5,31.2,268.0,12.4,10.9,97.0,102,21.2,81,1.8,0.0
2026-02-22 05:00:00,52.5,29.2,332.0,10.9,11.0,98.0,103,20.4,81,1.3,0.0
2026-02-22 06:00:00,49.6,29.6,556.0,24.7,13.0,82.0,103,20.6,80,1.5,0.0
2026-02-22 07:00:00,52.7,33.9,854.0,43.0,15.9,61.0,104,20.5,81,3.0,0.0
2026-02-22 08:00:00,58.9,43.7,1005.0,52.1,18.3,55.0,105,20.7,82,4.1,0.0
2026-02-22 09:00:00,44.9,36.0,863.0,42.8,20.1,78.0,106,22.5,78,4.7,0.0
2026-02-22 10:00:00,38.0,29.1,574.0,24.3,21.6,116.0,107,24.7,64,11.0,0.0
2026-02-22 11:00:00,38.8,26.1,354.0,9.8,22.1,146.0,107,26.3,55,16.1,0.0
2026-02-22 12:00:00,38.9,25.0,295.0,4.9,21.1,157.0,106,26.6,56,18.4,0.0
2026-02-22 13:00:00,37.5,23.7,306.0,4.1,19.1,160.0,104,26.8,57,19.8,0.0
2026-02-22 14:00:00,36.4,23.1,328.0,4.4,17.7,159.0,102,26.8,58,20.5,0.0
2026-02-22 15:00:00,36.2,22.9,332.0,4.2,17.4,156.0,100,26.7,59,20.4,0.0
2026-02-22 16:00:00,36.9,23.0,348.0,5.1,17.7,149.0,98,26.2,64,19.9,0.0
2026-02-22 17:00:00,36.1,21.4,405.0,9.7,18.7,141.0,105,26.5,63,18.5,0.0
2026-02-22 18:00:00,38.2,24.7,546.0,19.6,18.1,120.0,118,25.3,72,16.5,0.0
2026-02-22 19:00:00,38.8,29.9,729.0,33.2,17.4,92.0,119,24.1,83,12.7,0.0
2026-02-22 20:00:00,40.3,32.6,859.0,43.0,16.7,70.0,108,23.3,87,11.2,0.0
2026-02-22 21:00:00,41.2,33.8,902.0,45.8,16.4,61.0,92,22.9,89,10.6,0.0
2026-02-22 22:00:00,41.8,34.0,893.0,44.9,16.3,59.0,92,22.6,90,6.9,0.0
2026-02-22 23:00:00,42.7,34.7,840.0,42.3,15.8,60.0,91,22.4,91,4.0,0.0
2026-02-23 00:00:00,42.6,34.8,720.0,38.0,14.6,62.0,90,22.1,92,3.2,0.0
2026-02-23 01:00:00,42.5,34.6,556.0,32.1,13.1,67.0,90,21.8,93,2.9,0.0
2026-02-23 02:00:00,42.1,33.1,426.0,26.4,11.7,72.0,89,21.5,94,3.6,0.0
2026-02-23 03:00:00,38.4,29.6,322.0,19.9,10.4,77.0,89,21.6,94,3.4,0.0
2026-02-23 04:00:00,36.3,27.1,253.0,13.7,9.2,82.0,88,21.5,93,3.6,0.0
2026-02-23 05:00:00,37.7,28.0,321.0,12.8,8.7,82.0,88,21.2,92,4.0,0.0
2026-02-23 06:00:00,42.0,30.7,687.0,23.7,9.6,66.0,88,20.9,92,4.1,0.0
2026-02-23 07:00:00,51.1,38.6,1190.0,38.3,10.9,46.0,88,20.7,93,4.0,0.0
2026-02-23 08:00:00,60.5,50.9,1449.0,45.6,12.8,40.0,88,21.1,93,4.2,0.0
2026-02-23 09:00:00,57.3,47.6,1219.0,38.6,16.0,64.0,89,22.6,88,7.9,0.0
2026-02-23 10:00:00,49.6,32.5,745.0,24.4,19.7,103.0,90,24.0,79,10.0,0.0
2026-02-23 11:00:00,67.8,30.2,383.0,12.9,22.2,133.0,90,25.0,74,12.2,0.0
2026-02-23 12:00:00,86.8,32.2,282.0,7.9,22.2,146.0,91,25.7,70,13.4,0.0
2026-02-23 13:00:00,92.4,32.6,292.0,5.6,21.0,150.0,91,26.3,65,15.0,0.0
2026-02-23 14:00:00,92.0,31.8,320.0,4.8,19.9,150.0,92,26.6,61,16.3,0.0
2026-02-23 15:00:00,89.6,31.1,326.0,4.7,19.7,146.0,93,26.5,64,17.4,0.0
2026-02-23 16:00:00,86.8,30.5,349.0,6.1,19.7,138.0,94,26.1,62,17.9,0.0
2026-02-23 17:00:00,82.2,31.1,419.0,11.4,22.0,130.0,94,26.3,65,16.1,0.0
2026-02-23 18:00:00,80.3,32.2,580.0,22.2,21.6,109.0,100,25.0,73,14.3,0.0
2026-02-23 19:00:00,65.9,34.6,787.0,36.9,21.0,79.0,101,23.9,84,10.5,0.0
2026-02-23 20:00:00,62.4,35.5,935.0,47.7,20.2,56.0,96,23.2,88,7.3,0.0
2026-02-23 21:00:00,61.0,35.3,969.0,50.7,19.0,47.0,96,22.7,90,4.4,0.0
2026-02-23 22:00:00,59.5,35.0,944.0,49.6,17.7,44.0,97,22.2,92,2.9,0.0
2026-02-23 23:00:00,58.6,35.7,915.0,47.7,16.4,42.0,97,22.1,94,3.2,0.0
2026-02-24 00:00:00,58.6,37.0,916.0,46.5,15.5,39.0,97,21.7,95,3.2,0.0
2026-02-24 01:00:00,61.0,36.9,913.0,44.4,14.7,36.0,97,21.4,96,3.3,0.0
2026-02-24 02:00:00,64.0,36.2,858.0,40.6,13.7,36.0,97,21.1,97,4.4,0.0
2026-02-24 03:00:00,68.7,36.6,674.0,32.8,12.1,41.0,97,21.0,96,5.3,0.0
2026-02-24 04:00:00,70.8,35.9,438.0,23.3,10.3,49.0,98,21.2,94,6.4,0.0
2026-02-24 05:00:00,77.5,40.7,330.0,18.3,8.2,51.0,99,21.4,96,9.0,0.0
2026-02-24 06:00:00,78.9,41.0,472.0,22.5,8.2,45.0,100,21.4,94,10.0,0.0
2026-02-24 07:00:00,82.4,43.5,743.0,28.0,8.4,37.0,101,21.4,92,10.0,0.0
2026-02-24 08:00:00,84.3,45.9,955.0,31.0,9.8,39.0,102,21.7,88,8.7,0.0
2026-02-24 09:00:00,85.2,41.9,1040.0,29.3,14.0,59.0,101,22.8,78,6.8,0.0
2026-02-24 10:00:00,104.1,40.2,1067.0,25.0,19.5,89.0,100,24.7,64,7.7,0.0
2026-02-24 11:00:00,94.8,37.1,1053.0,20.1,22.5,114.0,101,26.0,65,8.2,0.0
2026-02-24 12:00:00,51.5,22.2,989.0,14.3,20.7,127.0,102,28.0,54,6.3,0.0
2026-02-24 13:00:00,31.9,18.0,883.0,7.9,16.4,135.0,101,28.8,53,6.8,0.0
2026-02-24 14:00:00,31.5,18.0,783.0,4.4,13.6,139.0,99,28.6,57,12.1,0.0
2026-02-24 15:00:00,33.8,18.4,686.0,5.3,14.0,139.0,98,29.0,48,14.7,0.0
2026-02-24 16:00:00,42.6,21.3,594.0,9.0,15.8,135.0,97,28.4,50,15.9,0.0
2026-02-24 17:00:00,63.1,29.2,556.0,15.8,17.5,121.0,96,29.5,43,12.8,0.0
2026-02-24 18:00:00,63.6,31.0,596.0,21.8,16.6,104.0,96,27.9,52,12.4,0.0
2026-02-24 19:00:00,62.9,32.5,689.0,30.1,15.3,81.0,96,26.8,54,7.6,0.0
2026-02-24 20:00:00,56.6,30.7,814.0,36.3,14.5,62.0,96,26.1,55,4.8,0.0
2026-02-24 21:00:00,50.9,29.7,1019.0,38.6,14.7,53.0,95,25.1,62,1.8,0.0
2026-02-24 22:00:00,47.5,29.1,1254.0,38.9,15.4,49.0,95,23.8,72,2.9,0.0
2026-02-24 23:00:00,44.6,28.9,1350.0,38.2,15.6,46.0,94,23.4,77,1.1,0.0
2026-02-25 00:00:00,41.9,28.5,1187.0,36.4,14.8,43.0,94,23.2,76,2.1,0.0
2026-02-25 01:00:00,38.8,27.3,886.0,33.7,13.5,42.0,93,22.5,77,2.5,0.0
2026-02-25 02:00:00,35.5,25.9,631.0,31.3,12.6,40.0,92,21.8,79,2.5,0.0
2026-02-25 03:00:00,33.6,25.3,451.0,28.9,12.2,38.0,91,21.1,81,2.9,0.0
2026-02-25 04:00:00,33.1,25.4,318.0,26.8,12.1,36.0,90,20.7,81,3.8,0.0
2026-02-25 05:00:00,43.9,31.7,339.0,32.6,13.9,29.0,89,20.6,80,4.5,0.0
2026-02-25 06:00:00,45.5,33.3,659.0,37.8,16.3,19.0,89,20.2,80,2.9,0.0
2026-02-25 07:00:00,51.0,38.6,1133.0,44.7,19.7,7.0,88,20.1,81,1.3,0.0
2026-02-25 08:00:00,62.9,52.4,1430.0,47.5,23.3,10.0,87,20.8,77,1.3,0.0
2026-02-25 09:00:00,53.2,42.5,1382.0,42.8,27.7,40.0,88,22.6,70,2.2,0.0
2026-02-25 10:00:00,42.3,30.0,1157.0,34.1,32.2,84.0,88,25.6,56,1.8,0.0
2026-02-25 11:00:00,36.9,26.0,929.0,25.5,33.9,120.0,87,28.3,44,3.6,0.0
2026-02-25 12:00:00,37.5,25.4,737.0,17.5,30.2,139.0,86,30.5,35,2.9,0.0
2026-02-25 13:00:00,29.6,20.9,543.0,9.7,23.5,149.0,86,30.6,39,10.0,0.0
2026-02-25 14:00:00,26.7,19.5,406.0,5.1,18.5,153.0,87,30.4,42,12.3,0.0
2026-02-25 15:00:00,26.3,19.3,357.0,5.5,17.2,149.0,87,30.6,41,12.9,0.0
2026-02-25 16:00:00,29.6,20.7,365.0,9.2,17.5,138.0,87,30.0,44,14.1,0.0
2026-02-25 17:00:00,35.5,25.4,403.0,14.1,20.9,138.0,87,28.7,50,15.0,0.0
2026-02-25 18:00:00,34.1,25.0,486.0,21.4,19.4,115.0,94,27.4,55,14.3,0.0
2026-02-25 19:00:00,33.4,25.4,598.0,31.3,17.2,83.0,101,25.6,69,11.5,0.0
2026-02-25 20:00:00,32.9,24.9,663.0,38.4,15.4,59.0,93,24.7,73,7.8,0.0
2026-02-25 21:00:00,33.1,25.0,643.0,40.0,14.4,50.0,85,23.9,81,5.1,0.0
2026-02-25 22:00:00,33.5,25.4,576.0,38.7,13.8,49.0,84,23.4,85,3.6,0.0
2026-02-25 23:00:00,34.5,26.0,504.0,36.4,13.1,49.0,84,23.4,85,3.5,0.0
2026-02-26 00:00:00,34.6,26.0,432.0,33.2,11.9,49.0,84,23.1,87,3.3,0.0
2026-02-26 01:00:00,34.0,25.1,355.0,29.0,10.5,50.0,84,22.7,88,3.6,0.0
2026-02-26 02:00:00,32.8,23.9,298.0,25.0,9.5,52.0,83,22.4,88,2.8,0.0
2026-02-26 03:00:00,31.3,22.6,233.0,20.6,9.0,54.0,83,21.9,88,2.6,0.0
2026-02-26 04:00:00,29.4,21.4,187.0,16.3,9.0,57.0,83,21.4,89,3.3,0.0
2026-02-26 05:00:00,28.2,19.8,268.0,13.6,8.6,62.0,83,21.0,89,3.8,0.0
2026-02-26 06:00:00,27.1,19.2,616.0,20.7,9.6,53.0,82,20.7,89,3.0,0.0
2026-02-26 07:00:00,28.1,21.1,1091.0,30.1,11.1,41.0,80,20.7,87,2.7,0.0
2026-02-26 08:00:00,32.0,26.3,1373.0,35.1,13.2,39.0,79,21.1,85,2.1,0.0
2026-02-26 09:00:00,33.1,27.2,1285.0,31.6,16.8,54.0,76,23.3,76,2.4,0.0
2026-02-26 10:00:00,31.9,24.3,1004.0,23.6,21.1,79.0,75,26.0,62,5.6,0.0
2026-02-26 11:00:00,29.6,22.5,745.0,16.4,23.5,102.0,75,28.3,49,6.3,0.0
2026-02-26 12:00:00,28.2,21.6,568.0,11.1,22.4,120.0,74,30.0,43,8.0,0.0
2026-02-26 13:00:00,27.8,21.5,413.0,6.5,19.5,136.0,74,30.9,40,11.2,0.0
2026-02-26 14:00:00,26.5,20.5,311.0,4.3,17.0,143.0,74,30.9,39,14.9,0.0
2026-02-26 15:00:00,26.3,20.1,284.0,5.3,16.1,137.0,74,30.9,34,16.8,0.0
2026-02-26 16:00:00,27.7,20.7,311.0,8.7,15.6,122.0,74,30.5,34,17.4,0.0
2026-02-26 17:00:00,28.3,22.4,355.0,13.1,17.0,112.0,74,29.5,43,17.0,0.0
2026-02-26 18:00:00,27.6,22.4,424.0,18.9,15.0,94.0,74,28.0,50,16.5,0.0
2026-02-26 19:00:00,27.0,22.1,511.0,26.6,12.3,70.0,74,26.3,61,14.3,0.0
2026-02-26 20:00:00,27.8,21.7,560.0,31.2,10.1,53.0,73,25.7,61,12.3,0.0
2026-02-26 21:00:00,30.3,21.9,545.0,29.7,9.2,52.0,73,25.3,64,10.8,0.0
2026-02-26 22:00:00,32.9,22.3,492.0,25.0,8.8,60.0,73,24.8,66,8.7,0.0
2026-02-26 23:00:00,35.7,23.1,430.0,20.7,8.4,66.0,73,24.7,65,8.5,0.0
2026-02-27 00:00:00,38.2,23.8,356.0,17.9,7.7,68.0,72,24.2,72,8.1,0.0
2026-02-27 01:00:00,39.8,24.0,273.0,15.4,7.1,68.0,72,24.0,74,8.2,0.0
2026-02-27 02:00:00,39.9,23.5,213.0,13.1,6.6,69.0,72,23.9,75,8.9,0.0
2026-02-27 03:00:00,38.9,22.4,178.0,10.2,6.3,71.0,72,23.7,75,8.8,0.0
2026-02-27 04:00:00,37.1,21.2,166.0,7.6,6.2,74.0,72,23.5,76,9.4,0.0
2026-02-27 05:00:00,35.7,20.4,209.0,8.3,6.8,71.0,72,23.3,75,9.0,0.0
2026-02-27 06:00:00,35.3,20.3,369.0,14.9,7.7,63.0,72,23.4,72,8.9,0.0
2026-02-27 07:00:00,36.7,21.9,584.0,23.7,9.1,52.0,72,23.6,67,8.9,0.0
2026-02-27 08:00:00,39.9,25.7,700.0,28.3,11.0,51.0,72,24.0,63,9.2,0.0
2026-02-27 09:00:00,44.9,25.9,619.0,24.7,13.9,68.0,72,25.2,60,11.4,0.0
2026-02-27 10:00:00,49.2,25.5,438.0,16.9,17.3,94.0,72,26.8,52,14.9,0.0
2026-02-27 11:00:00,48.0,24.6,299.0,10.4,19.6,115.0,72,27.0,57,20.2,0.0
2026-02-27 12:00:00,42.1,22.7,257.0,7.3,20.0,128.0,72,27.9,51,21.3,0.0
2026-02-27 13:00:00,39.7,22.2,256.0,5.5,19.3,135.0,72,28.0,53,22.7,0.0
2026-02-27 14:00:00,39.0,22.2,266.0,4.8,18.3,138.0,72,28.0,53,23.8,0.0
2026-02-27 15:00:00,38.6,22.0,273.0,4.8,17.2,134.0,73,27.6,57,24.6,0.0
2026-02-27 16:00:00,38.8,21.7,292.0,5.9,15.9,124.0,73,26.9,64,24.0,0.0
2026-02-27 17:00:00,40.5,22.6,330.0,9.1,15.1,111.0,73,25.8,76,24.0,0.0
2026-02-27 18:00:00,42.6,23.8,409.0,15.0,14.7,99.0,75,25.0,77,21.9,0.0
2026-02-27 19:00:00,39.7,25.4,507.0,23.2,14.1,82.0,76,24.2,83,19.0,0.0
2026-02-27 20:00:00,41.1,26.8,574.0,29.6,13.6,68.0,73,23.9,85,15.6,0.0
2026-02-27 21:00:00,42.0,28.1,590.0,33.1,13.6,61.0,74,23.7,86,13.0,0.0
2026-02-27 22:00:00,42.8,29.1,574.0,34.8,13.7,58.0,74,23.5,88,10.8,0.0
2026-02-27 23:00:00,43.5,29.8,532.0,34.4,13.4,57.0,75,23.2,89,11.1,0.0
2026-03-01 00:00:00,47.6,26.0,447.0,29.7,11.5,51.0,81,22.9,90,11.4,0.0
2026-03-01 01:00:00,48.3,26.0,421.0,26.5,10.3,52.0,80,22.9,88,11.0,0.0
2026-03-01 02:00:00,49.0,26.0,393.0,23.3,9.3,52.0,80,22.7,88,10.4,0.0
2026-03-01 03:00:00,50.3,26.3,337.0,19.1,8.5,53.0,80,22.5,89,9.8,0.0
2026-03-01 04:00:00,51.1,26.5,279.0,14.8,7.8,55.0,80,22.5,87,9.0,0.0
2026-03-01 05:00:00,49.2,26.5,285.0,11.9,7.1,56.0,81,22.2,85,8.8,0.0
2026-03-01 06:00:00,50.6,28.5,432.0,18.0,7.5,49.0,81,22.1,86,7.5,0.0
2026-03-01 07:00:00,56.5,33.4,644.0,26.1,8.2,40.0,82,22.0,86,7.1,0.0
2026-03-01 08:00:00,61.5,38.8,760.0,30.1,10.3,42.0,83,22.3,82,7.8,0.0
2026-03-01 09:00:00,59.5,34.6,684.0,26.2,15.0,64.0,84,23.2,75,11.3,0.0
2026-03-01 10:00:00,56.6,29.3,512.0,18.3,21.0,97.0,85,24.2,69,11.9,0.0
2026-03-01 11:00:00,51.0,27.2,373.0,11.8,25.6,125.0,85,25.7,64,11.3,0.0
2026-03-01 12:00:00,45.1,25.3,313.0,8.5,27.9,145.0,85,26.2,62,13.8,0.0
2026-03-01 13:00:00,40.7,23.6,285.0,6.5,28.7,160.0,85,26.5,62,16.7,0.0
2026-03-01 14:00:00,39.7,23.6,276.0,5.8,28.4,166.0,84,26.4,64,19.2,0.0
2026-03-01 15:00:00,38.4,22.8,277.0,5.8,26.5,161.0,83,26.3,61,20.4,0.0
2026-03-01 16:00:00,38.5,22.2,296.0,7.2,23.4,147.0,83,25.9,62,21.2,0.0
2026-03-01 17:00:00,30.5,18.3,346.0,10.8,20.8,128.0,93,25.6,66,20.6,0.0
2026-03-01 18:00:00,29.3,17.9,450.0,18.6,19.2,109.0,107,24.7,67,18.0,0.0
2026-03-01 19:00:00,30.3,20.9,586.0,29.6,16.9,82.0,109,23.9,74,15.0,0.0
2026-03-01 20:00:00,33.5,23.5,698.0,38.8,15.4,60.0,100,23.4,79,11.8,0.0
2026-03-01 21:00:00,35.7,25.4,768.0,44.9,15.4,48.0,82,23.0,82,9.3,0.0
2026-03-01 22:00:00,38.0,27.8,815.0,49.2,16.1,41.0,80,22.7,85,6.2,0.0
2026-03-01 23:00:00,40.4,30.5,835.0,51.0,16.4,37.0,80,22.8,86,4.7,0.0
2026-03-02 00:00:00,41.6,31.9,828.0,49.6,15.7,36.0,80,22.5,87,4.7,0.0
2026-03-02 01:00:00,41.9,31.8,795.0,45.6,14.5,39.0,81,22.2,89,4.3,0.0
2026-03-02 02:00:00,42.7,31.2,733.0,40.3,13.2,43.0,81,22.0,89,4.3,0.0
2026-03-02 03:00:00,41.4,29.8,609.0,32.3,11.6,49.0,82,21.8,90,4.4,0.0
2026-03-02 04:00:00,39.6,28.7,456.0,22.9,9.9,57.0,82,21.7,90,4.5,0.0
2026-03-02 05:00:00,35.6,25.8,374.0,15.1,8.0,64.0,82,21.4,89,5.5,0.0
2026-03-02 06:00:00,36.1,26.6,441.0,21.4,8.3,54.0,82,21.5,88,6.1,0.0
2026-03-02 07:00:00,39.0,29.9,578.0,29.9,8.9,42.0,82,21.5,89,5.6,0.0
2026-03-02 08:00:00,42.8,37.5,654.0,34.1,10.7,41.0,82,21.8,88,5.1,0.0
2026-03-02 09:00:00,39.7,32.5,596.0,30.3,14.8,62.0,82,22.9,82,7.6,0.0
2026-03-02 10:00:00,43.0,26.0,476.0,22.3,20.1,96.0,82,24.1,75,7.6,0.0
2026-03-02 11:00:00,52.3,25.7,380.0,15.4,24.5,125.0,81,26.0,64,6.6,0.0
2026-03-02 12:00:00,57.6,26.6,340.0,11.3,27.4,148.0,81,26.9,60,9.5,0.0
2026-03-02 13:00:00,58.6,26.5,325.0,8.3,29.4,166.0,81,27.7,55,12.8,0.0
2026-03-02 14:00:00,55.5,26.1,323.0,7.1,29.8,175.0,82,27.6,56,14.8,0.0
2026-03-02 15:00:00,53.1,25.6,334.0,7.7,27.7,169.0,82,27.2,57,16.6,0.0
2026-03-02 16:00:00,51.9,24.5,358.0,10.0,23.9,153.0,82,26.6,62,18.3,0.0
2026-03-02 17:00:00,50.9,24.9,391.0,14.1,23.7,139.0,99,26.1,66,17.4,0.0
2026-03-02 18:00:00,48.4,24.4,435.0,20.5,20.5,117.0,116,25.1,70,17.7,0.0
2026-03-02 19:00:00,47.1,25.9,487.0,29.4,16.1,86.0,120,24.2,78,16.1,0.0
2026-03-02 20:00:00,50.2,26.3,532.0,37.1,13.0,61.0,112,23.7,80,11.9,0.0
2026-03-02 21:00:00,50.9,27.5,570.0,42.8,12.7,48.0,93,23.3,83,6.1,0.0
2026-03-02 22:00:00,52.5,29.6,601.0,47.3,13.7,41.0,84,22.9,86,1.8,0.0
2026-03-02 23:00:00,56.7,33.2,611.0,49.2,14.4,37.0,84,22.9,88,2.2,0.0
2026-03-03 00:00:00,57.6,35.6,596.0,47.5,14.2,36.0,85,22.5,90,2.9,0.0
2026-03-03 01:00:00,54.5,33.5,561.0,43.1,13.6,38.0,85,22.2,91,3.7,0.0
2026-03-03 02:00:00,54.5,31.3,505.0,37.6,12.9,41.0,85,22.0,92,3.8,0.0
2026-03-03 03:00:00,52.0,28.9,384.0,29.5,11.8,47.0,85,21.8,92,4.5,0.0
2026-03-03 04:00:00,48.8,26.4,243.0,20.3,10.5,55.0,85,21.7,93,5.5,0.0
2026-03-03 05:00:00,49.2,27.9,210.0,20.4,11.3,46.0,85,21.4,93,5.3,0.0
2026-03-03 06:00:00,47.4,27.0,396.0,25.2,11.2,38.0,85,21.6,93,6.0,0.0
2026-03-03 07:00:00,49.8,28.8,691.0,31.5,11.4,29.0,85,21.6,93,6.0,0.0
2026-03-03 08:00:00,51.0,32.6,892.0,34.4,13.9,32.0,85,21.9,92,5.8,0.0
2026-03-03 09:00:00,54.6,32.7,909.0,30.9,21.2,59.0,85,23.3,82,7.1,0.0
2026-03-03 10:00:00,60.1,31.1,832.0,24.0,30.7,98.0,85,25.6,64,7.1,0.0
2026-03-03 11:00:00,52.3,26.7,732.0,17.6,36.8,131.0,85,28.1,51,6.5,0.0
2026-03-03 12:00:00,43.9,24.3,607.0,12.6,36.3,152.0,85,30.2,41,5.8,0.0
2026-03-03 13:00:00,41.4,24.4,458.0,8.0,32.3,167.0,85,30.9,40,9.7,0.0
2026-03-03 14:00:00,40.7,25.0,357.0,5.4,28.4,173.0,85,30.6,44,13.2,0.0
2026-03-03 15:00:00,39.3,24.7,333.0,4.5,25.9,168.0,85,30.0,46,15.2,0.0
2026-03-03 16:00:00,37.1,23.2,358.0,5.5,23.6,155.0,85,29.1,50,16.1,0.0
2026-03-03 17:00:00,31.7,19.4,420.0,10.8,21.3,132.0,101,27.9,52,15.8,0.0
2026-03-03 18:00:00,35.0,20.5,549.0,22.5,19.5,106.0,117,26.5,59,14.5,0.0
2026-03-03 19:00:00,39.8,25.5,715.0,38.7,17.1,70.0,118,24.9,75,12.3,0.0
2026-03-03 20:00:00,44.2,28.5,816.0,50.8,15.4,42.0,105,24.2,76,9.6,0.0
2026-03-03 21:00:00,47.7,31.4,800.0,55.7,15.3,31.0,84,23.7,77,8.3,0.0
2026-03-03 22:00:00,50.1,32.9,718.0,56.5,15.8,28.0,84,23.3,78,8.7,0.0
2026-03-03 23:00:00,51.5,33.3,621.0,54.3,15.8,28.0,84,22.6,85,5.9,0.0
2026-03-04 00:00:00,51.1,32.4,512.0,48.1,14.5,31.0,84,22.4,86,6.0,0.0
2026-03-04 01:00:00,50.3,30.5,389.0,38.9,12.6,38.0,84,21.9,89,5.4,0.0
2026-03-04 02:00:00,49.1,28.3,293.0,30.6,10.9,44.0,84,21.6,92,5.4,0.0
2026-03-04 03:00:00,47.8,26.5,233.0,23.7,9.6,48.0,84,21.3,93,5.2,0.0
2026-03-04 04:00:00,48.2,25.7,201.0,17.7,8.6,51.0,83,21.2,92,5.0,0.0
2026-03-04 05:00:00,54.9,29.1,216.0,16.8,7.9,47.0,83,21.3,91,5.6,0.0
2026-03-04 06:00:00,57.7,30.9,321.0,21.1,8.0,43.0,83,21.0,92,5.4,0.0
2026-03-04 07:00:00,63.8,34.7,472.0,26.7,8.2,38.0,84,21.0,90,5.6,0.0
2026-03-04 08:00:00,68.5,37.6,561.0,28.9,9.7,41.0,84,21.3,90,7.5,0.0
2026-03-04 09:00:00,68.2,32.7,524.0,24.4,13.6,59.0,85,22.3,82,10.1,0.0
2026-03-04 10:00:00,63.6,29.7,425.0,16.4,18.6,85.0,85,23.8,71,11.0,0.0
2026-03-04 11:00:00,54.9,27.4,341.0,10.0,22.3,108.0,85,25.3,65,11.2,0.0
2026-03-04 12:00:00,47.6,25.4,299.0,7.0,23.3,124.0,85,26.3,56,12.8,0.0
2026-03-04 13:00:00,41.1,23.3,273.0,5.5,22.8,136.0,85,26.7,55,14.8,0.0
2026-03-04 14:00:00,35.6,21.3,263.0,5.2,22.1,141.0,85,26.9,53,16.6,0.0
2026-03-04 15:00:00,31.4,19.6,271.0,5.5,21.5,138.0,84,26.8,50,17.6,0.0
2026-03-04 16:00:00,28.5,18.6,295.0,6.9,20.7,129.0,84,26.0,59,17.9,0.0
2026-03-04 17:00:00,25.2,16.5,334.0,10.5,18.0,111.0,83,25.5,62,19.5,0.0
2026-03-04 18:00:00,24.6,16.9,403.0,18.7,17.5,94.0,83,24.7,63,18.5,0.0
2026-03-04 19:00:00,26.6,20.7,487.0,29.9,16.7,70.0,83,23.8,68,17.1,0.0
2026-03-04 20:00:00,27.8,21.9,540.0,37.1,15.8,53.0,82,23.3,73,15.5,0.0
2026-03-04 21:00:00,27.0,21.4,544.0,36.9,14.7,49.0,82,23.0,77,15.5,0.0
2026-03-04 22:00:00,25.1,20.5,516.0,32.8,13.4,51.0,81,22.8,77,13.7,0.0
2026-03-04 23:00:00,23.1,19.4,469.0,28.1,12.0,55.0,80,22.7,80,11.6,0.0
2026-03-05 00:00:00,21.0,17.9,390.0,23.6,10.4,59.0,79,22.4,81,11.0,0.0
2026-03-05 01:00:00,18.4,15.8,290.0,18.5,8.8,64.0,77,22.2,82,10.7,0.0
2026-03-05 02:00:00,15.9,13.6,215.0,14.3,7.6,68.0,76,22.1,82,12.8,0.0
2026-03-05 03:00:00,14.2,12.0,168.0,10.9,6.9,70.0,75,22.2,81,14.2,0.0
2026-03-05 04:00:00,12.9,10.8,145.0,8.3,6.5,71.0,73,22.2,82,14.1,0.0
2026-03-05 05:00:00,12.7,10.0,181.0,8.5,6.7,70.0,72,22.3,79,15.2,0.0
2026-03-05 06:00:00,12.7,10.3,342.0,14.7,7.6,63.0,70,22.3,79,14.1,0.0
2026-03-05 07:00:00,14.8,12.5,561.0,22.8,8.8,53.0,69,22.3,80,12.0,0.0
2026-03-05 08:00:00,19.0,16.6,675.0,26.9,10.2,52.0,67,22.6,79,12.0,0.0
2026-03-05 09:00:00,19.8,16.2,579.0,22.8,11.8,67.0,65,23.6,73,16.2,0.0
2026-03-05 10:00:00,19.6,14.7,377.0,14.6,13.6,91.0,63,24.5,70,17.2,0.0
2026-03-05 11:00:00,19.2,13.4,225.0,8.0,14.6,109.0,62,25.4,68,20.6,0.0
2026-03-05 12:00:00,18.7,12.5,187.0,5.2,14.3,116.0,61,26.1,65,22.3,0.0
2026-03-05 13:00:00,19.0,12.0,198.0,4.1,13.4,116.0,60,26.8,55,24.8,0.0
2026-03-05 14:00:00,20.5,12.0,217.0,4.0,12.7,114.0,59,26.8,56,26.7,0.0
2026-03-05 15:00:00,23.1,12.8,229.0,4.4,12.7,109.0,58,26.5,58,27.9,0.0
2026-03-05 16:00:00,25.8,13.9,250.0,5.8,13.0,101.0,57,26.0,61,28.0,0.0
2026-03-05 17:00:00,27.5,15.6,280.0,8.5,13.1,92.0,57,25.9,65,26.8,0.0
2026-03-05 18:00:00,29.9,17.1,330.0,13.8,12.7,80.0,57,25.0,70,24.6,0.0
2026-03-05 19:00:00,31.3,19.6,389.0,21.1,12.1,65.0,57,24.4,74,20.8,0.0
2026-03-05 20:00:00,33.8,21.0,431.0,25.8,11.5,53.0,57,24.0,80,16.5,0.0
2026-03-05 21:00:00,35.4,21.7,451.0,26.0,11.1,50.0,57,23.8,82,15.2,0.0
2026-03-05 22:00:00,36.0,21.9,453.0,23.7,10.8,51.0,57,23.6,83,16.2,0.0
2026-03-05 23:00:00,36.1,22.0,427.0,20.7,10.3,53.0,57,23.3,84,13.7,0.0
2026-03-06 00:00:00,35.3,21.3,348.0,17.1,9.3,56.0,57,23.2,85,15.5,0.0
2026-03-06 01:00:00,33.6,19.9,240.0,12.8,8.1,60.0,57,23.1,87,16.9,0.0
2026-03-06 02:00:00,32.0,18.7,161.0,9.3,7.0,63.0,58,23.2,87,17.6,0.0
2026-03-06 03:00:00,31.3,17.9,133.0,6.8,6.2,65.0,58,23.1,87,19.1,0.0
2026-03-06 04:00:00,30.2,17.3,134.0,5.1,5.5,67.0,59,23.1,85,19.6,0.0
2026-03-06 05:00:00,29.9,17.4,158.0,5.6,5.5,65.0,59,22.9,87,15.7,0.0
2026-03-06 06:00:00,30.3,18.1,224.0,9.6,6.0,60.0,60,23.0,86,14.9,0.0
2026-03-06 07:00:00,31.7,19.7,314.0,14.9,6.9,54.0,60,22.9,88,13.0,0.0
2026-03-06 08:00:00,37.1,22.2,366.0,17.7,8.2,53.0,61,23.2,87,12.5,0.0
2026-03-06 09:00:00,46.8,21.7,343.0,15.5,10.5,63.0,62,24.1,82,15.7,0.0
2026-03-06 10:00:00,57.5,22.6,282.0,10.9,13.2,80.0,62,24.9,79,16.8,0.0
2026-03-06 11:00:00,66.8,24.3,235.0,7.1,15.1,93.0,63,26.3,74,19.9,0.0
2026-03-06 12:00:00,73.6,25.5,221.0,5.4,15.3,101.0,64,26.8,72,20.9,0.0
2026-03-06 13:00:00,76.1,26.3,222.0,4.6,14.7,106.0,65,27.3,71,22.3,0.0
2026-03-06 14:00:00,75.2,26.5,232.0,4.7,14.1,107.0,66,27.5,68,23.1,0.0
2026-03-06 15:00:00,73.1,27.0,250.0,5.4,13.9,103.0,67,27.5,66,23.4,0.0
2026-03-06 16:00:00,69.4,27.0,277.0,7.0,13.8,95.0,69,27.3,66,23.0,0.0
2026-03-06 17:00:00,61.2,24.5,317.0,10.1,14.3,87.0,70,27.1,74,21.7,0.0
2026-03-06 18:00:00,53.9,24.4,381.0,16.9,13.7,74.0,71,26.0,77,21.3,0.0
2026-03-06 19:00:00,46.8,25.7,457.0,26.2,12.8,57.0,71,25.0,85,18.0,0.0
2026-03-06 20:00:00,47.6,26.1,509.0,32.3,12.1,45.0,72,24.4,90,14.8,0.0
2026-03-06 21:00:00,50.9,26.5,528.0,32.6,11.7,43.0,72,24.2,91,14.1,0.0
2026-03-06 22:00:00,54.6,27.0,524.0,29.8,11.4,46.0,73,24.1,90,14.5,0.0
2026-03-06 23:00:00,56.3,27.4,490.0,26.4,10.9,49.0,73,24.0,91,11.1,0.0
2026-03-07 00:00:00,55.9,27.0,406.0,23.0,9.9,51.0,74,23.8,91,10.6,0.0
2026-03-07 01:00:00,56.1,26.1,293.0,19.1,8.8,54.0,74,23.7,92,9.0,0.0
2026-03-07 02:00:00,54.5,24.6,209.0,15.6,7.8,56.0,75,23.5,92,7.1,0.0
2026-03-07 03:00:00,56.3,23.4,151.0,12.4,7.1,59.0,75,23.3,94,5.9,0.0
2026-03-07 04:00:00,59.6,22.6,123.0,9.6,6.6,62.0,76,23.2,95,4.8,0.0
2026-03-07 05:00:00,64.3,23.5,196.0,9.6,6.5,61.0,76,23.3,94,6.6,0.0
2026-03-07 06:00:00,66.4,24.9,480.0,15.7,7.0,54.0,77,23.3,94,6.0,0.0
2026-03-07 07:00:00,71.0,28.1,866.0,23.8,7.8,45.0,77,23.3,94,5.4,0.0
2026-03-07 08:00:00,81.3,33.6,1094.0,28.3,9.7,45.0,78,23.7,93,4.6,0.0
2026-03-07 09:00:00,89.4,32.7,1014.0,25.9,13.9,61.0,79,25.0,85,7.0,0.0
2026-03-07 10:00:00,101.7,34.0,777.0,19.9,19.2,85.0,80,26.4,74,9.5,0.0
2026-03-07 11:00:00,122.5,38.0,571.0,14.5,22.9,107.0,81,27.4,70,10.3,0.0
2026-03-07 12:00:00,143.9,42.5,460.0,10.9,23.7,125.0,82,28.4,66,12.2,0.0
2026-03-07 13:00:00,152.7,44.7,380.0,8.0,23.0,141.0,84,28.9,65,14.7,0.0
2026-03-07 14:00:00,149.0,44.7,335.0,6.7,21.8,148.0,85,28.9,65,16.9,0.0
2026-03-07 15:00:00,142.5,43.9,333.0,7.1,20.3,142.0,87,28.7,65,18.6,0.0
2026-03-07 16:00:00,134.6,42.7,366.0,9.0,18.3,128.0,89,28.1,66,20.0,0.0
2026-03-07 17:00:00,117.8,39.9,409.0,13.2,17.6,115.0,90,27.4,74,19.1,0.0
2026-03-07 18:00:00,102.2,38.0,458.0,20.9,16.2,99.0,91,26.2,81,17.6,0.0
2026-03-07 19:00:00,74.3,35.7,518.0,31.5,14.4,77.0,93,25.2,86,14.3,0.0
2026-03-07 20:00:00,64.0,33.4,581.0,39.3,13.1,60.0,93,24.5,90,10.2,0.0
2026-03-07 21:00:00,56.6,32.4,661.0,41.6,13.0,54.0,94,24.1,92,7.5,0.0
2026-03-07 22:00:00,51.8,31.8,745.0,41.1,13.4,53.0,95,23.9,93,5.6,0.0
2026-03-07 23:00:00,49.5,32.0,785.0,39.8,13.7,54.0,95,24.1,89,7.2,0.0
2026-03-08 00:00:00,51.9,34.0,756.0,38.4,13.6,55.0,95,23.8,91,5.8,0.0
2026-03-08 01:00:00,55.3,35.9,683.0,36.1,13.4,57.0,96,23.5,90,4.2,0.0
2026-03-08 02:00:00,58.4,37.7,596.0,32.8,12.8,59.0,97,23.3,90,3.4,0.0
2026-03-08 03:00:00,60.8,39.2,474.0,26.2,11.3,62.0,98,22.9,91,2.0,0.0
2026-03-08 04:00:00,60.1,39.2,337.0,18.6,9.4,64.0,99,22.4,93,1.5,0.0
2026-03-08 05:00:00,57.4,38.8,273.0,15.4,8.2,65.0,101,21.9,94,1.0,0.0
2026-03-08 06:00:00,60.5,42.0,348.0,26.8,9.4,50.0,103,21.4,97,1.1,0.0
2026-03-08 07:00:00,67.1,48.3,496.0,41.9,11.2,30.0,104,21.1,99,1.0,0.0
2026-03-08 08:00:00,68.9,54.2,604.0,49.5,13.9,28.0,107,21.3,100,1.1,0.0
2026-03-08 09:00:00,57.6,39.6,627.0,42.3,18.4,59.0,109,22.8,93,1.1,0.0
2026-03-08 10:00:00,58.8,32.5,611.0,27.6,23.8,106.0,109,25.0,81,6.1,0.0
2026-03-08 11:00:00,65.4,33.8,573.0,15.6,27.2,144.0,109,26.2,74,9.8,0.0
2026-03-08 12:00:00,72.2,34.6,503.0,10.3,27.1,163.0,109,26.8,71,13.5,0.0
2026-03-08 13:00:00,71.2,33.5,412.0,7.7,25.0,172.0,108,27.3,67,16.1,0.0
2026-03-08 14:00:00,66.1,30.9,353.0,6.9,22.9,174.0,107,27.6,65,18.4,0.0
2026-03-08 15:00:00,63.6,28.8,355.0,7.0,21.3,167.0,105,27.6,65,19.2,0.0
2026-03-08 16:00:00,63.1,27.8,390.0,8.9,19.7,152.0,104,27.1,71,19.2,0.0
2026-03-08 17:00:00,58.4,26.1,427.0,14.3,18.9,135.0,108,27.2,69,17.1,0.0
2026-03-08 18:00:00,56.9,26.5,449.0,25.1,18.0,112.0,125,26.1,76,15.0,0.0
2026-03-08 19:00:00,51.1,29.5,472.0,40.1,16.7,80.0,126,24.9,87,12.2,0.0
2026-03-08 20:00:00,52.0,31.7,515.0,52.1,16.0,55.0,112,24.3,88,9.0,0.0
2026-03-08 21:00:00,53.0,33.3,609.0,58.5,16.5,42.0,99,23.8,92,6.2,0.0
2026-03-08 22:00:00,54.5,34.9,724.0,62.0,17.5,35.0,99,23.4,94,4.7,0.0
2026-03-08 23:00:00,59.3,38.5,780.0,62.9,18.0,31.0,99,23.1,93,3.3,0.0
2026-03-09 00:00:00,66.4,42.6,735.0,61.2,17.6,30.0,100,22.8,94,3.1,0.0
2026-03-09 01:00:00,69.8,43.7,631.0,56.9,16.8,31.0,101,22.4,95,2.5,0.0
2026-03-09 02:00:00,69.8,41.7,525.0,50.8,15.6,34.0,102,22.2,96,2.8,0.0
2026-03-09 03:00:00,70.5,40.4,396.0,40.6,13.7,39.0,102,22.0,96,3.4,0.0
2026-03-09 04:00:00,69.2,38.5,265.0,28.4,11.6,45.0,102,21.5,98,3.1,0.0
2026-03-09 05:00:00,73.3,39.6,242.0,26.1,11.8,45.0,102,21.3,98,3.1,0.0
2026-03-09 06:00:00,75.9,41.4,444.0,32.9,13.2,34.0,102,20.7,100,3.4,0.0
2026-03-09 07:00:00,83.6,46.9,755.0,41.8,15.3,20.0,102,20.3,100,3.9,0.0
2026-03-09 08:00:00,84.8,54.7,942.0,45.5,17.9,20.0,102,20.3,100,3.7,0.0
2026-03-09 09:00:00,74.3,41.2,880.0,38.9,21.4,46.0,102,21.9,90,6.7,0.0
2026-03-09 10:00:00,82.4,33.9,696.0,27.1,25.4,86.0,102,24.0,79,6.0,0.0
2026-03-09 11:00:00,84.3,32.9,531.0,17.2,28.0,119.0,102,26.2,71,6.1,0.0
2026-03-09 12:00:00,75.7,31.3,428.0,11.6,28.5,138.0,102,28.0,57,8.5,0.0
2026-03-09 13:00:00,64.7,29.6,345.0,8.0,27.7,149.0,102,28.5,56,12.5,0.0
2026-03-09 14:00:00,56.5,27.8,304.0,6.6,26.4,153.0,102,28.1,56,14.8,0.0
2026-03-09 15:00:00,51.1,26.1,325.0,7.0,24.8,148.0,101,28.0,52,15.5,0.0
2026-03-09 16:00:00,50.6,26.0,389.0,9.6,22.7,135.0,101,27.6,56,15.6,0.0
2026-03-09 17:00:00,48.2,26.5,459.0,16.2,21.5,119.0,101,27.5,63,14.1,0.0
2026-03-09 18:00:00,48.8,27.8,539.0,29.3,20.3,94.0,101,26.0,73,12.8,0.0
2026-03-09 19:00:00,49.2,30.6,626.0,47.4,18.6,60.0,101,24.9,75,10.9,0.0
2026-03-09 20:00:00,51.2,31.5,676.0,61.1,17.4,34.0,101,24.1,82,8.7,0.0
2026-03-09 21:00:00,53.1,32.8,669.0,67.2,17.2,22.0,101,23.5,86,7.1,0.0
2026-03-09 22:00:00,54.2,34.2,623.0,69.0,17.4,17.0,101,23.1,89,6.6,0.0
2026-03-09 23:00:00,54.7,34.7,554.0,66.8,17.1,17.0,101,23.1,89,4.4,0.0
2026-03-10 00:00:00,56.0,34.1,445.0,59.2,15.5,22.0,100,22.7,90,4.6,0.0
2026-03-10 01:00:00,53.7,31.2,311.0,47.8,13.4,31.0,100,22.6,90,5.9,0.0
2026-03-10 02:00:00,50.2,27.8,213.0,37.4,11.6,39.0,99,22.6,91,8.2,0.0
2026-03-10 03:00:00,48.5,25.1,168.0,28.8,10.4,44.0,97,22.3,93,8.9,0.0
2026-03-10 04:00:00,48.0,23.2,159.0,21.3,9.5,48.0,96,22.3,92,8.4,0.0
2026-03-10 05:00:00,52.2,23.7,197.0,17.8,9.2,48.0,95,22.4,90,6.4,0.0
2026-03-10 06:00:00,55.3,25.1,325.0,23.9,10.2,40.0,93,22.0,91,4.9,0.0
2026-03-10 07:00:00,63.3,30.2,500.0,32.0,11.7,30.0,92,21.6,93,4.1,0.0
2026-03-10 08:00:00,66.4,35.2,602.0,35.7,13.8,30.0,90,21.9,92,3.8,0.0
2026-03-10 09:00:00,68.0,32.6,560.0,30.9,17.2,50.0,89,23.4,84,6.7,0.0
2026-03-10 10:00:00,71.5,28.9,444.0,21.6,21.3,81.0,88,25.0,75,8.1,0.0
2026-03-10 11:00:00,60.1,25.9,347.0,13.9,23.7,106.0,87,27.7,56,9.7,0.0
2026-03-10 12:00:00,47.6,22.6,298.0,9.6,23.2,121.0,87,28.8,50,12.4,0.0
2026-03-10 13:00:00,38.5,20.1,268.0,6.7,21.1,132.0,86,29.3,50,13.7,0.0
2026-03-10 14:00:00,32.6,18.6,261.0,5.5,19.4,136.0,85,29.4,48,15.1,0.0
2026-03-10 15:00:00,29.2,17.5,275.0,5.1,18.9,134.0,84,29.2,43,15.9,0.0
2026-03-10 16:00:00,26.7,16.5,313.0,6.4,18.7,125.0,84,28.5,47,16.1,0.0
2026-03-10 17:00:00,29.4,20.1,383.0,12.2,17.2,108.0,83,29.1,48,13.7,0.0
2026-03-10 18:00:00,32.9,22.3,521.0,25.2,17.1,84.0,82,27.3,56,13.0,0.0
2026-03-10 19:00:00,39.9,28.2,692.0,42.8,16.8,51.0,82,25.7,70,10.7,0.0
2026-03-10 20:00:00,43.9,30.6,803.0,54.9,16.4,27.0,81,24.8,77,8.5,0.0
2026-03-10 21:00:00,45.3,31.3,809.0,56.4,15.8,21.0,81,24.1,83,7.5,0.0
2026-03-10 22:00:00,45.8,31.3,754.0,52.2,14.9,24.0,81,23.7,86,8.7,0.0
2026-03-10 23:00:00,45.1,30.3,677.0,46.8,13.9,28.0,81,23.5,90,6.0,0.0
2026-03-11 00:00:00,44.2,29.5,573.0,41.0,12.5,31.0,81,23.3,90,6.4,0.0
2026-03-11 01:00:00,43.5,28.3,446.0,33.9,10.9,36.0,80,22.9,89,6.0,0.0
2026-03-11 02:00:00,44.2,27.0,347.0,27.4,9.6,41.0,80,22.7,88,6.2,0.0
2026-03-11 03:00:00,43.5,25.2,281.0,20.9,8.7,47.0,80,22.5,87,6.4,0.0
2026-03-11 04:00:00,42.5,23.9,242.0,15.0,8.0,52.0,80,22.4,87,6.4,0.0
2026-03-11 05:00:00,43.9,24.3,269.0,14.7,8.5,50.0,80,22.3,89,5.4,0.0
2026-03-11 06:00:00,44.4,25.0,432.0,21.0,9.3,42.0,80,22.3,89,5.2,0.0
2026-03-11 07:00:00,48.2,29.0,660.0,29.3,10.5,32.0,80,22.3,90,5.0,0.0
2026-03-11 08:00:00,49.9,34.3,777.0,33.2,12.3,32.0,80,23.3,89,6.8,0.0
2026-03-11 09:00:00,47.8,30.5,668.0,28.6,15.5,50.0,80,25.2,80,13.5,0.0
2026-03-11 10:00:00,49.5,29.2,447.0,19.6,19.2,77.0,80,26.4,74,15.9,0.0
2026-03-11 11:00:00,63.6,31.0,280.0,12.3,21.8,100.0,80,27.7,71,16.2,0.0
2026-03-11 12:00:00,82.0,34.5,238.0,8.7,22.2,116.0,80,28.4,67,17.3,0.0
2026-03-11 13:00:00,92.0,36.7,250.0,6.7,21.4,127.0,81,28.9,66,18.9,0.0
2026-03-11 14:00:00,99.0,37.3,274.0,6.2,20.2,131.0,83,29.1,61,21.1,0.0
2026-03-11 15:00:00,104.3,37.4,293.0,6.9,18.8,124.0,84,29.1,59,22.6,0.0
2026-03-11 16:00:00,113.4,37.7,325.0,9.1,17.0,109.0,86,28.3,67,23.2,0.0
2026-03-11 17:00:00,120.6,36.8,379.0,12.3,15.8,91.0,88,28.3,67,22.7,0.0
2026-03-11 18:00:00,128.5,39.0,477.0,21.1,14.9,74.0,89,27.1,76,19.8,0.0
2026-03-11 19:00:00,117.8,41.8,597.0,33.1,13.7,50.0,91,26.3,78,16.8,0.0
2026-03-11 20:00:00,132.2,45.8,691.0,40.9,12.6,34.0,92,25.7,79,13.7,0.0
2026-03-11 21:00:00,149.5,49.9,747.0,40.8,12.1,31.0,93,25.4,80,12.2,0.0
2026-03-11 22:00:00,154.1,53.3,775.0,36.5,11.8,36.0,95,25.2,80,9.7,0.0
2026-03-11 23:00:00,155.1,55.4,760.0,31.7,11.2,41.0,97,25.0,80,5.1,0.0
2026-03-12 00:00:00,150.9,56.6,673.0,27.2,10.0,45.0,99,24.8,80,5.7,0.0
2026-03-12 01:00:00,149.5,56.9,541.0,22.2,8.5,50.0,102,24.7,80,7.2,0.0
2026-03-12 02:00:00,145.8,56.5,431.0,18.0,7.5,54.0,105,24.9,78,7.3,0.0
2026-03-12 03:00:00,143.4,55.9,355.0,14.6,7.0,56.0,108,25.0,79,6.8,0.0
2026-03-12 04:00:00,144.8,55.5,301.0,12.0,6.9,57.0,111,25.0,80,6.5,0.0
2026-03-12 05:00:00,143.0,55.2,299.0,10.1,6.9,59.0,114,24.9,80,8.9,0.0
2026-03-12 06:00:00,136.9,55.1,399.0,17.0,8.8,48.0,118,24.8,79,7.4,0.0
2026-03-12 07:00:00,138.3,57.0,551.0,26.3,11.4,33.0,121,24.6,78,5.6,0.0
2026-03-12 08:00:00,136.0,59.5,636.0,31.2,13.7,29.0,124,25.1,73,6.1,0.0
2026-03-12 09:00:00,129.0,57.4,586.0,27.8,15.3,44.0,126,26.6,63,9.5,0.0
2026-03-12 10:00:00,105.5,44.9,470.0,20.2,16.5,70.0,129,28.8,46,14.0,0.0
2026-03-12 11:00:00,75.4,35.2,372.0,13.5,17.1,94.0,131,31.3,36,12.4,0.0
2026-03-12 12:00:00,62.9,28.5,319.0,9.2,16.9,113.0,131,32.4,30,14.3,0.0
2026-03-12 13:00:00,64.3,25.4,284.0,6.0,16.1,129.0,131,33.0,31,15.3,0.0
2026-03-12 14:00:00,76.6,27.5,272.0,4.7,15.6,137.0,129,33.3,29,16.9,0.0
2026-03-12 15:00:00,92.4,30.3,282.0,6.0,16.1,134.0,128,33.3,26,18.8,0.0
2026-03-12 16:00:00,130.9,38.5,314.0,9.2,16.9,123.0,128,32.9,25,19.1,0.0
2026-03-12 17:00:00,100.8,37.3,374.0,14.1,17.2,103.0,128,32.0,31,19.1,0.0
2026-03-12 18:00:00,84.1,36.1,495.0,21.7,15.4,86.0,128,30.0,40,17.3,0.0
2026-03-12 19:00:00,71.5,35.9,644.0,31.9,13.0,62.0,127,28.2,49,14.8,0.0
2026-03-12 20:00:00,65.0,34.6,729.0,38.0,11.0,46.0,127,27.3,54,13.2,0.0
2026-03-12 21:00:00,66.6,34.8,686.0,36.0,9.9,44.0,126,26.6,61,11.3,0.0
2026-03-12 22:00:00,78.2,36.7,579.0,29.9,9.3,49.0,124,26.2,64,9.7,0.0
2026-03-12 23:00:00,88.9,38.4,507.0,24.6,8.8,54.0,122,26.2,66,7.6,0.0
2026-03-13 00:00:00,102.7,40.6,509.0,21.6,8.3,56.0,121,25.8,70,6.5,0.0
2026-03-13 01:00:00,122.9,44.2,546.0,19.5,7.9,56.0,119,25.5,70,6.5,0.0
2026-03-13 02:00:00,144.8,48.3,601.0,18.8,8.2,55.0,118,25.1,72,4.7,0.0
2026-03-13 03:00:00,160.2,51.6,666.0,19.7,9.3,51.0,117,24.6,74,3.4,0.0
2026-03-13 04:00:00,163.0,53.9,749.0,22.0,11.1,45.0,116,24.3,75,1.9,0.0
2026-03-13 05:00:00,155.5,54.7,851.0,25.2,12.8,37.0,116,23.9,74,4.6,0.0
2026-03-13 06:00:00,157.4,57.3,1004.0,31.6,14.9,27.0,116,23.3,77,5.6,0.0
2026-03-13 07:00:00,162.5,63.3,1175.0,40.1,18.1,14.0,116,23.5,75,6.0,0.0
2026-03-13 08:00:00,141.1,74.3,1274.0,44.2,22.2,15.0,117,24.8,61,7.0,0.0
2026-03-13 09:00:00,154.1,64.3,1264.0,39.9,28.5,41.0,119,27.2,35,11.6,0.0
2026-03-13 10:00:00,170.4,61.5,1180.0,31.2,35.8,81.0,119,29.5,22,13.4,0.0
2026-03-13 11:00:00,182.5,62.9,1038.0,23.1,40.6,116.0,121,31.7,24,8.4,0.0
2026-03-13 12:00:00,190.0,64.3,791.0,16.7,41.5,141.0,124,32.9,22,10.5,0.0
2026-03-13 13:00:00,179.7,62.6,485.0,10.9,39.9,160.0,128,33.0,24,14.4,0.0
2026-03-13 14:00:00,168.6,60.3,274.0,7.5,36.8,167.0,131,32.6,28,16.6,0.0
2026-03-13 15:00:00,160.7,57.0,230.0,7.2,31.8,154.0,135,32.0,31,18.4,0.0
2026-03-13 16:00:00,156.9,53.9,280.0,9.2,25.3,129.0,138,31.5,28,19.2,0.0
2026-03-13 17:00:00,161.6,51.6,360.0,12.3,17.8,97.0,139,30.0,34,18.6,0.0
2026-03-13 18:00:00,145.3,49.8,477.0,19.1,15.8,81.0,141,28.5,40,17.2,0.0
2026-03-13 19:00:00,127.1,49.1,624.0,28.3,13.1,60.0,142,27.2,48,14.5,0.0
2026-03-13 20:00:00,118.5,46.7,713.0,34.1,11.0,45.0,144,26.3,59,12.3,0.0
2026-03-13 21:00:00,110.4,44.5,703.0,33.7,10.3,42.0,145,25.9,62,10.2,0.0
2026-03-13 22:00:00,108.0,43.3,635.0,29.9,10.2,46.0,146,25.8,60,7.6,0.0
2026-03-13 23:00:00,112.0,43.7,549.0,25.7,9.9,51.0,146,25.9,64,9.0,0.0
2026-03-14 00:00:00,113.6,44.1,440.0,21.5,9.0,56.0,147,25.8,65,9.7,0.0
2026-03-14 01:00:00,111.1,43.3,314.0,16.7,7.8,61.0,147,25.6,67,10.6,0.0
2026-03-14 02:00:00,99.4,39.9,222.0,13.0,7.0,66.0,147,25.4,68,11.3,0.0
2026-03-14 03:00:00,83.4,34.8,163.0,10.2,6.6,69.0,146,25.3,70,10.8,0.0
2026-03-14 04:00:00,71.2,30.6,139.0,8.3,6.4,71.0,145,25.1,72,10.9,0.0
2026-03-14 05:00:00,71.2,29.8,210.0,9.8,7.2,68.0,142,24.9,74,10.0,0.0
2026-03-14 06:00:00,69.4,29.5,484.0,16.4,8.1,58.0,140,24.7,76,8.3,0.0
2026-03-14 07:00:00,73.1,31.9,852.0,25.3,9.6,45.0,137,24.7,77,7.3,0.0
2026-03-14 08:00:00,73.6,36.8,1053.0,30.2,11.9,42.0,134,25.1,76,6.0,0.0
2026-03-14 09:00:00,93.1,39.8,923.0,27.6,16.3,59.0,130,26.4,70,7.4,0.0
2026-03-14 10:00:00,111.3,40.6,625.0,21.0,21.7,87.0,127,28.7,57,8.2,0.0
2026-03-14 11:00:00,92.9,34.7,387.0,15.1,24.8,109.0,125,30.5,47,12.2,0.0
2026-03-14 12:00:00,93.1,31.2,295.0,11.0,23.8,120.0,122,31.4,41,15.8,0.0
2026-03-14 13:00:00,99.7,31.1,263.0,7.5,20.5,126.0,118,31.6,40,18.4,0.0
2026-03-14 14:00:00,93.1,30.3,257.0,5.8,17.5,126.0,115,31.4,42,20.9,0.0
2026-03-14 15:00:00,83.4,27.8,268.0,6.3,15.6,119.0,112,31.0,43,21.7,0.0
2026-03-14 16:00:00,73.3,25.4,305.0,8.5,14.0,105.0,109,30.2,48,20.9,0.0
2026-03-14 17:00:00,71.5,26.4,365.0,12.4,13.6,94.0,106,29.2,63,18.6,0.0
2026-03-14 18:00:00,59.5,25.8,471.0,18.5,12.7,82.0,103,27.9,66,18.3,0.0
2026-03-14 19:00:00,55.3,27.1,599.0,26.6,11.4,66.0,101,26.8,74,16.5,0.0
2026-03-14 20:00:00,57.7,27.2,673.0,31.3,10.3,56.0,99,26.1,81,15.1,0.0
2026-03-14 21:00:00,58.6,26.4,652.0,29.3,9.5,56.0,97,25.8,81,15.5,0.0
2026-03-14 22:00:00,55.9,24.7,575.0,23.8,8.8,61.0,96,25.5,82,10.7,0.0
2026-03-14 23:00:00,51.2,22.6,489.0,18.5,8.1,67.0,94,25.7,80,12.8,0.0
2026-03-15 00:00:00,46.4,20.5,392.0,14.2,7.3,74.0,92,25.4,82,11.0,0.0
2026-03-15 01:00:00,42.4,19.0,284.0,10.1,6.6,81.0,90,25.5,80,7.3,0.0
2026-03-15 02:00:00,40.4,18.1,212.0,7.2,6.1,86.0,88,25.2,82,4.8,0.0
2026-03-15 03:00:00,36.0,17.1,172.0,5.4,5.8,86.0,86,25.0,83,4.6,0.0
2026-03-15 04:00:00,32.0,16.0,167.0,4.8,5.7,84.0,84,24.9,84,4.1,0.0
2026-03-15 05:00:00,31.4,15.9,257.0,6.0,6.0,83.0,83,24.8,81,5.8,0.0
2026-03-15 06:00:00,33.2,16.7,559.0,14.0,7.7,70.0,82,24.5,84,4.7,0.0
2026-03-15 07:00:00,41.0,20.0,955.0,24.8,10.2,52.0,81,23.8,87,4.1,0.0
2026-03-15 08:00:00,53.3,26.3,1152.0,30.4,12.4,46.0,80,24.0,88,4.0,0.0
2026-03-15 09:00:00,75.2,30.5,952.0,26.0,14.4,63.0,79,25.7,78,5.1,0.0
2026-03-15 10:00:00,107.8,29.5,552.0,16.6,16.1,91.0,78,28.4,60,8.9,0.0
2026-03-15 11:00:00,88.7,21.8,252.0,8.9,16.6,113.0,77,31.8,32,10.7,0.0
2026-03-15 12:00:00,61.9,16.8,180.0,5.5,14.9,123.0,76,33.1,27,14.8,0.0
2026-03-15 13:00:00,49.5,14.0,207.0,3.8,12.0,127.0,74,33.6,23,16.6,0.0
2026-03-15 14:00:00,44.1,13.0,243.0,3.8,10.3,128.0,73,33.8,19,17.1,0.0
2026-03-15 15:00:00,41.7,12.8,249.0,5.3,11.3,126.0,71,33.6,19,17.9,0.0
2026-03-15 16:00:00,42.3,14.0,264.0,8.4,13.4,120.0,70,32.8,23,19.5,0.0
2026-03-15 17:00:00,37.3,15.4,321.0,13.1,14.2,108.0,69,32.3,26,16.0,0.0
2026-03-15 18:00:00,37.1,18.9,474.0,20.6,13.1,93.0,68,30.0,39,16.3,0.0
2026-03-15 19:00:00,36.0,20.3,669.0,30.8,11.5,71.0,67,28.2,47,14.3,0.0
2026-03-15 20:00:00,34.1,19.9,768.0,36.7,10.2,57.0,67,27.3,52,14.8,0.0
2026-03-15 21:00:00,33.9,19.1,686.0,34.6,9.4,56.0,66,26.5,58,14.8,0.0
2026-03-15 22:00:00,34.3,18.7,509.0,28.2,8.9,61.0,66,26.1,62,12.6,0.0
2026-03-15 23:00:00,35.6,18.6,362.0,22.1,8.4,67.0,65,26.1,65,12.4,0.0
2026-03-16 00:00:00,37.1,18.7,291.0,17.4,7.6,71.0,65,26.0,64,12.9,0.0
2026-03-16 01:00:00,38.6,18.6,249.0,12.9,6.8,76.0,64,26.0,63,14.3,0.0
2026-03-16 02:00:00,39.5,18.4,224.0,9.7,6.3,78.0,64,26.3,59,15.2,0.0
2026-03-16 03:00:00,38.2,18.0,191.0,7.6,6.1,77.0,64,26.1,58,13.0,0.0
2026-03-16 04:00:00,36.6,17.5,174.0,6.8,6.2,75.0,65,26.0,58,10.1,0.0
2026-03-16 05:00:00,39.9,16.6,230.0,8.1,6.6,72.0,65,25.6,63,11.6,0.0
2026-03-16 06:00:00,42.3,17.3,447.0,15.3,7.8,62.0,65,25.4,65,10.3,0.0
2026-03-16 07:00:00,46.3,19.5,737.0,24.9,9.6,48.0,65,25.3,66,7.9,0.0
2026-03-16 08:00:00,48.3,23.8,887.0,29.9,11.9,45.0,65,25.9,64,8.2,0.0
2026-03-16 09:00:00,61.9,24.4,761.0,25.8,15.5,62.0,65,27.5,56,10.9,0.0
2026-03-16 10:00:00,82.0,23.1,495.0,17.0,19.5,89.0,64,30.0,35,14.2,0.0
2026-03-16 11:00:00,107.3,23.1,290.0,9.8,21.6,111.0,63,32.4,23,13.6,0.0
2026-03-16 12:00:00,91.3,21.8,225.0,6.3,20.1,123.0,64,33.9,17,15.5,0.0
2026-03-16 13:00:00,78.5,20.0,221.0,4.4,16.6,129.0,64,34.7,16,15.1,0.0
2026-03-16 14:00:00,73.3,19.0,238.0,4.1,13.9,131.0,64,34.6,19,16.5,0.0
2026-03-16 15:00:00,71.7,18.7,268.0,5.6,13.4,126.0,65,33.9,21,17.4,0.0
2026-03-16 16:00:00,75.7,20.5,319.0,8.8,13.6,117.0,66,32.6,27,19.5,0.0
2026-03-16 17:00:00,47.7,16.0,375.0,12.7,12.6,103.0,66,31.1,41,23.0,0.0
2026-03-16 18:00:00,47.3,19.1,439.0,18.9,11.5,89.0,66,29.1,56,22.2,0.0
2026-03-16 19:00:00,49.8,21.9,508.0,27.3,9.9,70.0,66,27.7,62,20.3,0.0
2026-03-16 20:00:00,49.5,21.6,555.0,32.2,8.7,57.0,66,27.0,67,19.0,0.0
2026-03-16 21:00:00,48.1,20.3,573.0,30.2,8.2,56.0,66,26.7,69,18.3,0.0
2026-03-16 22:00:00,43.7,18.6,570.0,24.7,8.0,60.0,67,26.4,69,15.1,0.0
2026-03-16 23:00:00,39.8,17.4,539.0,20.0,7.8,64.0,67,26.5,65,9.5,0.0
2026-03-17 00:00:00,37.3,17.1,464.0,17.8,7.6,65.0,66,26.1,68,7.8,0.0
2026-03-17 01:00:00,35.5,16.8,362.0,16.4,7.4,64.0,66,25.7,72,6.8,0.0
2026-03-17 02:00:00,35.0,16.2,281.0,15.2,7.4,64.0,66,25.3,77,6.9,0.0
2026-03-17 03:00:00,34.9,16.0,210.0,13.0,7.5,65.0,66,25.0,81,6.7,0.0
2026-03-17 04:00:00,34.8,15.8,159.0,10.9,7.7,65.0,66,24.7,84,7.2,0.0
2026-03-17 05:00:00,33.9,15.1,208.0,10.4,8.1,66.0,66,24.3,86,5.4,0.0
2026-03-17 06:00:00,35.0,15.3,471.0,17.2,9.0,59.0,66,24.2,87,5.9,0.0
2026-03-17 07:00:00,37.5,17.1,833.0,26.3,10.3,51.0,65,24.2,87,5.4,0.0
2026-03-17 08:00:00,39.0,21.0,1026.0,30.9,12.2,52.0,65,24.9,85,5.5,0.0
2026-03-17 09:00:00,47.8,20.2,881.0,26.8,15.1,70.0,65,26.6,76,9.1,0.0
2026-03-17 10:00:00,53.1,20.1,568.0,18.3,18.6,97.0,65,28.0,67,11.9,0.0
2026-03-17 11:00:00,53.9,20.6,329.0,11.3,21.0,118.0,64,28.0,67,12.2,0.0
2026-03-17 12:00:00,52.2,20.5,265.0,8.0,21.7,130.0,64,28.4,65,14.5,0.0
2026-03-17 13:00:00,49.6,19.9,274.0,6.3,21.3,136.0,64,28.5,65,16.4,0.0
2026-03-17 14:00:00,46.4,18.7,296.0,5.8,20.4,136.0,64,28.4,68,18.2,0.0
2026-03-17 15:00:00,43.2,17.6,313.0,6.3,18.7,128.0,64,28.3,69,18.7,0.0
2026-03-17 16:00:00,40.5,16.8,342.0,7.9,16.5,114.0,64,28.0,68,19.3,0.0
2026-03-17 17:00:00,34.2,14.4,376.0,11.5,16.4,105.0,64,27.7,71,18.4,0.0
2026-03-17 18:00:00,30.4,14.8,418.0,17.9,14.9,90.0,72,26.9,75,17.7,0.0
2026-03-17 19:00:00,27.5,16.6,465.0,26.9,12.8,70.0,70,26.2,81,16.0,0.0
2026-03-17 20:00:00,27.9,17.2,501.0,34.2,11.5,53.0,62,25.8,82,14.2,0.0
2026-03-17 21:00:00,28.5,18.2,513.0,38.3,11.8,45.0,62,25.6,85,11.8,0.0
2026-03-17 22:00:00,29.9,20.0,514.0,40.7,12.8,40.0,62,25.6,85,10.7,0.0
2026-03-17 23:00:00,31.5,22.1,521.0,42.0,13.5,37.0,62,25.6,85,7.6,0.0
2026-03-18 00:00:00,32.1,23.0,547.0,42.0,13.3,34.0,62,25.5,87,7.0,0.0
2026-03-18 01:00:00,31.8,23.2,579.0,40.8,12.7,33.0,63,25.5,85,7.4,0.0
2026-03-18 02:00:00,35.0,25.7,603.0,39.9,12.5,31.0,64,25.3,87,5.2,0.0
2026-03-18 03:00:00,39.3,28.8,596.0,39.9,12.9,28.0,64,25.2,89,3.0,0.0
2026-03-18 04:00:00,45.3,33.8,580.0,40.1,13.7,24.0,65,25.1,89,1.6,0.0
2026-03-18 05:00:00,38.3,29.9,609.0,28.0,12.6,37.0,67,24.5,90,3.7,0.0
2026-03-18 06:00:00,47.3,38.2,747.0,32.0,13.4,29.0,68,24.3,91,3.7,0.0
2026-03-18 07:00:00,56.2,47.7,929.0,37.1,14.7,20.0,70,24.0,90,5.4,0.0
2026-03-18 08:00:00,50.3,43.5,1022.0,38.0,17.0,21.0,73,24.2,88,5.5,0.0
2026-03-18 09:00:00,34.6,26.5,944.0,30.9,21.3,41.0,75,25.2,82,6.9,0.0
2026-03-18 10:00:00,29.4,18.9,776.0,19.6,26.6,72.0,76,26.3,76,6.0,0.0
2026-03-18 11:00:00,31.0,18.7,625.0,10.7,29.9,97.0,76,27.6,66,7.6,0.0
2026-03-18 12:00:00,33.2,19.3,515.0,6.8,29.3,112.0,75,27.5,67,5.5,0.2
2026-03-18 13:00:00,37.8,20.2,422.0,5.3,26.7,122.0,75,27.8,62,4.7,0.1
2026-03-18 14:00:00,42.4,20.9,376.0,5.3,24.6,125.0,75,28.1,60,7.7,0.0
2026-03-18 15:00:00,43.0,20.4,393.0,6.7,24.4,120.0,76,27.9,64,17.1,0.0
2026-03-18 16:00:00,43.5,19.5,456.0,9.6,24.6,110.0,76,27.5,69,22.9,0.0
2026-03-18 17:00:00,48.3,22.4,550.0,13.4,28.2,106.0,76,27.3,73,23.5,0.0
2026-03-18 18:00:00,39.5,18.5,689.0,15.0,23.0,94.0,77,26.6,79,18.9,0.0
2026-03-18 19:00:00,29.7,15.3,858.0,17.2,15.8,78.0,77,26.1,84,14.1,0.0
2026-03-18 20:00:00,28.1,13.0,996.0,18.6,10.3,66.0,77,25.8,86,8.8,0.0
2026-03-18 21:00:00,29.1,12.6,1104.0,18.0,8.2,64.0,77,24.5,87,9.8,2.1
2026-03-18 22:00:00,31.4,13.6,1182.0,16.7,7.8,68.0,76,22.6,78,18.4,4.6
2026-03-18 23:00:00,33.9,15.3,1159.0,16.4,8.1,68.0,76,21.9,76,21.9,0.0
2026-03-19 00:00:00,39.0,19.2,959.0,18.9,9.2,61.0,75,22.4,76,16.6,0.0
2026-03-19 01:00:00,36.0,19.5,660.0,22.4,11.0,51.0,75,22.6,77,13.6,0.0
2026-03-19 02:00:00,33.9,18.5,426.0,24.3,12.2,45.0,74,22.6,80,11.5,0.0
2026-03-19 03:00:00,31.8,17.9,272.0,22.3,12.0,45.0,74,22.7,82,10.4,0.0
2026-03-19 04:00:00,32.7,18.1,183.0,18.5,11.3,49.0,73,22.6,84,8.0,0.0
2026-03-19 05:00:00,36.7,19.3,281.0,21.4,13.5,36.0,71,21.9,86,10.2,0.0
2026-03-19 06:00:00,36.4,18.8,772.0,28.6,13.8,28.0,70,21.6,87,10.7,0.0
2026-03-19 07:00:00,40.7,21.8,1451.0,38.2,14.4,18.0,69,21.7,86,11.2,0.0
2026-03-19 08:00:00,42.0,25.4,1824.0,42.8,15.8,18.0,66,22.2,84,11.8,0.0
2026-03-19 09:00:00,46.7,27.3,1579.0,37.9,18.7,36.0,65,22.1,88,4.4,7.3
2026-03-19 10:00:00,55.1,27.2,1028.0,27.9,22.4,64.0,65,22.0,87,12.6,0.5
2026-03-19 11:00:00,77.3,28.1,618.0,19.3,25.3,90.0,65,23.0,83,11.5,0.1
2026-03-19 12:00:00,90.6,29.7,552.0,14.0,26.5,112.0,66,24.2,75,14.8,0.1
2026-03-19 13:00:00,103.1,32.9,625.0,9.9,27.0,131.0,67,25.5,70,14.8,0.0
2026-03-19 14:00:00,114.3,36.9,673.0,7.6,27.6,145.0,68,25.9,70,15.8,0.2
2026-03-19 15:00:00,125.7,40.2,586.0,5.9,29.3,154.0,70,26.0,68,14.5,0.0
2026-03-19 16:00:00,132.7,41.9,473.0,5.9,31.1,156.0,72,26.3,64,14.3,0.0
2026-03-19 17:00:00,74.5,23.5,495.0,10.7,22.7,110.0,74,25.8,66,17.3,0.0
2026-03-19 18:00:00,77.1,25.1,811.0,26.9,22.9,86.0,74,25.3,68,15.8,0.0
2026-03-19 19:00:00,75.2,33.9,1263.0,49.1,23.3,52.0,76,24.9,69,15.5,0.0
2026-03-19 20:00:00,77.5,35.7,1535.0,65.3,23.6,27.0,76,24.5,71,12.8,0.0
2026-03-19 21:00:00,87.3,40.7,1458.0,70.1,24.3,18.0,78,24.3,73,7.9,0.0
2026-03-19 22:00:00,92.7,47.6,1202.0,68.8,25.1,17.0,80,23.7,77,6.8,0.8
2026-03-19 23:00:00,77.3,44.2,961.0,65.8,24.7,18.0,83,23.1,79,6.2,0.0
2026-03-20 00:00:00,68.7,35.7,796.0,61.7,22.0,21.0,86,22.9,80,5.1,0.0
2026-03-20 01:00:00,70.1,34.2,647.0,55.8,18.2,26.0,87,22.5,82,5.7,0.0
2026-03-20 02:00:00,74.0,35.2,529.0,50.5,15.5,30.0,89,22.1,83,6.2,0.0
2026-03-20 03:00:00,73.3,35.2,387.0,46.0,14.9,31.0,90,21.8,84,5.8,0.0
2026-03-20 04:00:00,72.9,35.2,276.0,42.1,15.4,30.0,92,21.4,84,4.6,0.0
2026-03-20 05:00:00,59.5,34.5,376.0,55.4,17.0,16.0,93,20.6,85,4.6,0.0
2026-03-20 06:00:00,62.2,35.2,941.0,55.4,18.9,14.0,95,20.4,86,4.6,0.0
2026-03-20 07:00:00,66.6,38.3,1717.0,54.9,21.6,13.0,96,20.2,87,3.8,0.0
2026-03-20 08:00:00,65.4,44.5,2118.0,50.5,24.0,22.0,98,20.7,83,3.8,0.0
2026-03-20 09:00:00,64.3,28.8,1772.0,38.6,26.3,49.0,99,22.2,79,3.4,0.0
2026-03-20 10:00:00,83.8,27.4,1052.0,22.8,28.4,86.0,99,24.3,70,2.9,0.0
2026-03-20 11:00:00,109.2,31.1,491.0,10.7,28.8,114.0,99,25.5,69,4.0,0.0
2026-03-20 12:00:00,113.4,32.9,310.0,5.6,26.0,126.0,100,26.5,65,5.0,0.0
2026-03-20 13:00:00,109.0,32.9,289.0,4.2,21.5,128.0,100,27.0,64,7.6,0.0
2026-03-20 14:00:00,105.2,32.2,302.0,4.1,18.3,127.0,100,26.9,66,12.1,0.0
2026-03-20 15:00:00,102.9,31.9,311.0,4.3,17.9,123.0,99,26.8,66,13.8,0.0
2026-03-20 16:00:00,97.8,31.2,353.0,5.8,18.7,115.0,99,26.7,65,15.3,0.0
2026-03-20 17:00:00,72.9,24.9,418.0,9.1,20.4,116.0,98,26.6,66,15.5,0.0
2026-03-20 18:00:00,62.6,23.3,531.0,16.1,18.4,97.0,98,26.0,69,16.2,0.0
2026-03-20 19:00:00,50.9,23.1,667.0,25.7,15.6,71.0,98,25.3,74,16.3,0.0
2026-03-20 20:00:00,48.5,23.1,738.0,32.6,13.5,51.0,97,25.0,77,14.3,0.0
2026-03-20 21:00:00,47.8,23.2,688.0,34.6,12.7,45.0,96,24.8,80,13.2,0.0
2026-03-20 22:00:00,47.1,23.3,573.0,33.9,12.5,45.0,94,24.6,82,11.2,0.0
2026-03-20 23:00:00,46.6,23.6,470.0,32.3,12.1,46.0,92,24.9,84,8.1,0.0
2026-03-21 00:00:00,46.1,23.9,404.0,30.0,11.0,47.0,90,24.7,86,5.6,0.0
2026-03-21 01:00:00,45.5,23.3,350.0,26.8,9.6,48.0,89,24.7,88,4.7,0.0
2026-03-21 02:00:00,44.0,21.9,311.0,23.6,8.6,50.0,88,24.6,89,5.5,0.0
2026-03-21 03:00:00,41.4,20.5,265.0,19.7,8.0,52.0,87,24.5,89,5.8,0.0
2026-03-21 04:00:00,38.8,19.1,234.0,15.8,7.7,54.0,86,24.4,87,5.5,0.0
2026-03-21 05:00:00,36.3,17.2,288.0,13.1,7.6,55.0,84,24.1,87,7.7,0.0
2026-03-21 06:00:00,35.4,17.5,532.0,20.2,8.8,47.0,83,24.0,87,5.8,0.0
2026-03-21 07:00:00,37.1,20.0,860.0,29.6,10.6,37.0,81,24.0,86,6.3,0.0
2026-03-21 08:00:00,40.7,25.5,1026.0,33.7,12.7,35.0,80,24.3,86,5.2,0.0
2026-03-21 09:00:00,46.6,22.1,866.0,27.5,15.4,48.0,78,24.9,83,5.9,0.0
2026-03-21 10:00:00,49.0,22.0,543.0,16.0,18.3,69.0,77,25.6,77,6.9,0.0
2026-03-21 11:00:00,49.0,22.8,300.0,7.2,20.3,87.0,77,26.3,73,7.6,0.0
2026-03-21 12:00:00,49.9,24.0,243.0,4.2,20.5,99.0,76,26.5,72,11.3,0.0
2026-03-21 13:00:00,50.8,25.3,265.0,3.9,19.7,107.0,75,26.8,74,14.1,0.0
2026-03-21 14:00:00,50.8,25.5,294.0,4.5,19.2,110.0,75,27.1,72,16.3,0.0
2026-03-21 15:00:00,49.4,25.4,296.0,5.1,19.7,106.0,74,27.1,72,16.8,0.0
2026-03-21 16:00:00,44.9,24.0,304.0,6.6,20.5,96.0,73,26.9,73,17.1,0.0
2026-03-21 17:00:00,35.4,19.0,344.0,7.7,17.5,87.0,73,27.7,68,19.4,0.0
2026-03-21 18:00:00,32.7,18.9,446.0,15.8,16.9,71.0,72,26.8,73,18.4,0.0
2026-03-21 19:00:00,31.5,21.2,580.0,27.0,16.1,50.0,72,26.2,74,17.3,0.0
2026-03-21 20:00:00,32.9,23.3,683.0,36.5,15.6,32.0,72,25.9,76,13.5,0.0
2026-03-21 21:00:00,34.3,25.5,740.0,43.1,16.0,22.0,72,25.6,80,9.4,0.0
2026-03-21 22:00:00,35.3,27.1,766.0,47.9,16.8,16.0,72,25.3,82,7.3,0.0
2026-03-21 23:00:00,36.2,28.5,743.0,49.4,16.9,14.0,72,25.1,85,3.9,0.0
2026-03-22 00:00:00,36.7,29.3,638.0,45.7,15.5,17.0,73,24.9,87,5.4,0.0
2026-03-22 01:00:00,34.2,27.0,484.0,38.6,13.4,25.0,73,24.8,87,7.3,0.0
2026-03-22 02:00:00,31.2,24.1,367.0,31.9,11.6,31.0,73,24.7,87,10.1,0.0
2026-03-22 03:00:00,29.6,22.6,296.0,25.5,10.3,36.0,74,24.7,86,10.9,0.0
2026-03-22 04:00:00,28.5,21.6,261.0,19.5,9.4,41.0,74,24.6,86,8.9,0.0
2026-03-22 05:00:00,25.7,20.1,316.0,16.0,9.0,42.0,74,24.6,86,2.5,0.0
2026-03-22 06:00:00,26.4,21.0,564.0,22.5,10.3,34.0,74,24.3,87,2.2,0.0
2026-03-22 07:00:00,33.6,28.2,902.0,31.0,12.4,24.0,75,23.8,91,3.4,0.0
2026-03-22 08:00:00,38.5,33.6,1077.0,34.7,15.9,25.0,75,24.0,92,4.1,0.0
2026-03-22 09:00:00,35.6,25.6,926.0,28.9,22.3,47.0,76,25.2,84,3.6,0.0
2026-03-22 10:00:00,43.8,26.1,613.0,18.3,30.0,80.0,76,26.4,76,2.3,0.0
2026-03-22 11:00:00,54.6,28.8,368.0,10.1,35.0,106.0,77,27.4,70,11.4,0.0
2026-03-22 12:00:00,58.7,28.8,286.0,7.4,35.0,117.0,77,27.6,69,13.1,0.0
2026-03-22 13:00:00,53.2,28.1,274.0,7.1,32.1,121.0,78,27.5,70,17.0,0.0
2026-03-22 14:00:00,44.8,26.4,283.0,7.8,29.0,118.0,78,27.2,70,18.1,0.0
2026-03-22 15:00:00,36.2,23.6,305.0,8.6,26.2,108.0,78,27.3,69,17.3,0.0
2026-03-22 16:00:00,31.4,22.0,348.0,10.4,23.1,92.0,78,27.2,69,16.1,0.0
2026-03-22 17:00:00,34.6,25.4,388.0,12.2,19.0,79.0,78,27.1,69,15.3,0.0
2026-03-22 18:00:00,31.7,24.6,421.0,18.3,17.8,67.0,78,26.6,72,16.6,0.0
2026-03-22 19:00:00,30.6,25.2,450.0,26.7,16.2,51.0,79,26.2,74,15.2,0.0
2026-03-22 20:00:00,31.2,25.9,465.0,33.4,15.0,38.0,79,25.8,78,12.6,0.0
2026-03-22 21:00:00,31.1,26.1,460.0,37.2,14.8,31.0,79,25.5,82,11.2,0.0
2026-03-22 22:00:00,31.3,26.7,439.0,39.2,14.9,27.0,79,25.3,83,8.4,0.0
2026-03-22 23:00:00,31.2,26.8,406.0,38.9,14.6,26.0,79,24.9,82,6.3,0.0
2026-03-23 00:00:00,29.9,25.7,352.0,35.0,13.3,28.0,79,24.7,83,7.3,0.0
2026-03-23 01:00:00,27.2,23.3,285.0,28.8,11.5,33.0,79,24.6,84,7.8,0.0
2026-03-23 02:00:00,24.0,20.4,233.0,23.0,10.0,38.0,79,24.5,83,8.7,0.0
2026-03-23 03:00:00,20.7,17.4,193.0,18.2,9.0,42.0,78,24.3,82,8.7,0.0
2026-03-23 04:00:00,17.8,14.8,169.0,13.8,8.3,45.0,78,24.3,83,8.4,0.0
2026-03-23 05:00:00,19.9,16.4,200.0,15.1,9.4,40.0,77,23.9,83,8.9,0.0
2026-03-23 06:00:00,18.9,15.7,349.0,16.5,10.4,40.0,77,23.6,86,8.3,0.0
2026-03-23 07:00:00,20.1,17.0,552.0,18.2,12.0,41.0,76,23.2,88,6.9,0.0
2026-03-23 08:00:00,20.4,16.4,662.0,18.3,14.1,47.0,75,23.5,85,6.3,0.0
2026-03-23 09:00:00,19.8,14.8,583.0,15.4,17.5,64.0,74,24.7,77,7.1,0.0
2026-03-23 10:00:00,21.9,14.2,411.0,10.8,21.4,86.0,73,26.1,68,8.2,0.0
2026-03-23 11:00:00,22.9,13.4,277.0,7.2,23.7,103.0,72,27.6,63,11.2,0.0
2026-03-23 12:00:00,23.8,12.7,236.0,5.3,22.8,112.0,70,28.1,61,13.0,0.0
2026-03-23 13:00:00,24.3,12.3,234.0,4.2,20.3,115.0,69,28.5,61,15.2,0.0
2026-03-23 14:00:00,24.1,12.0,245.0,4.1,18.4,115.0,68,28.4,64,17.7,0.0
2026-03-23 15:00:00,24.4,11.9,261.0,4.8,18.3,111.0,66,28.1,63,19.3,0.0
2026-03-23 16:00:00,25.4,12.1,290.0,6.3,18.9,103.0,65,27.8,64,20.7,0.0
2026-03-23 17:00:00,18.0,10.3,324.0,9.9,19.1,96.0,64,27.8,66,20.9,0.0
2026-03-23 18:00:00,17.3,11.1,370.0,18.0,17.6,79.0,63,26.9,75,19.9,0.0
2026-03-23 19:00:00,18.0,13.6,422.0,28.9,15.4,55.0,62,26.3,78,17.2,0.0
2026-03-23 20:00:00,18.7,13.6,453.0,35.4,13.5,39.0,61,26.0,80,15.2,0.0
2026-03-23 21:00:00,18.7,12.6,452.0,33.4,12.2,38.0,60,25.9,81,13.3,0.0
2026-03-23 22:00:00,18.2,11.7,430.0,27.1,11.3,45.0,59,25.8,81,13.3,0.0
2026-03-23 23:00:00,17.5,11.4,395.0,21.6,10.4,51.0,57,25.7,82,9.8,0.0
2026-03-24 00:00:00,16.6,11.3,337.0,18.8,9.6,52.0,56,25.5,83,9.7,0.0
2026-03-24 01:00:00,15.8,11.0,266.0,16.9,9.0,51.0,55,25.1,86,9.9,0.0
2026-03-24 02:00:00,14.7,10.4,213.0,15.0,8.5,50.0,54,25.0,86,11.1,0.0
2026-03-24 03:00:00,13.4,9.5,184.0,12.3,8.0,50.0,53,24.9,83,12.9,0.0
2026-03-24 04:00:00,12.5,8.6,173.0,9.6,7.7,50.0,52,24.7,84,11.3,0.0
2026-03-24 05:00:00,11.1,8.2,195.0,9.4,7.8,48.0,51,24.4,85,8.9,0.0
2026-03-24 06:00:00,12.5,8.7,281.0,13.2,8.4,43.0,51,24.2,88,7.8,0.0
2026-03-24 07:00:00,15.7,11.4,399.0,18.3,9.4,38.0,50,24.1,91,7.0,0.0
2026-03-24 08:00:00,18.7,13.2,467.0,21.7,11.3,37.0,49,24.5,87,6.4,0.0
2026-03-24 09:00:00,22.1,14.8,431.0,22.1,14.8,44.0,49,25.1,83,5.0,0.0
2026-03-24 10:00:00,26.6,15.5,344.0,20.8,19.2,56.0,49,26.2,77,1.1,0.0
2026-03-24 11:00:00,32.2,17.3,286.0,18.6,22.7,72.0,49,27.6,73,8.0,0.0
2026-03-24 12:00:00,35.9,17.8,294.0,14.8,24.7,97.0,50,28.1,71,9.4,0.0
2026-03-24 13:00:00,36.9,17.9,330.0,10.1,25.8,126.0,50,28.1,73,15.9,0.0
2026-03-24 14:00:00,37.1,19.3,360.0,7.1,25.9,142.0,51,28.8,68,10.9,0.0
2026-03-24 15:00:00,36.6,20.1,367.0,6.5,24.5,138.0,51,29.0,70,14.0,0.0
2026-03-24 16:00:00,33.6,18.5,368.0,7.6,22.1,121.0,52,28.4,72,17.4,0.0
2026-03-24 17:00:00,28.7,16.2,385.0,11.3,24.6,115.0,53,28.1,75,18.7,0.0
2026-03-24 18:00:00,27.6,16.7,439.0,16.7,21.5,93.0,53,27.2,77,17.9,0.0
2026-03-24 19:00:00,23.5,16.5,509.0,24.1,17.1,62.0,59,26.5,81,16.2,0.0
2026-03-24 20:00:00,22.1,14.8,556.0,28.6,13.6,40.0,57,26.0,84,13.8,0.0
2026-03-24 21:00:00,21.9,14.5,572.0,27.9,11.9,35.0,54,25.8,86,13.4,0.0
2026-03-24 22:00:00,21.9,14.0,565.0,24.3,11.0,39.0,54,25.8,85,13.1,0.0
2026-03-24 23:00:00,22.3,13.5,524.0,20.3,10.2,43.0,54,25.9,84,14.4,0.0
2026-03-25 00:00:00,22.9,13.2,421.0,16.4,9.0,46.0,55,25.6,87,16.0,0.0
2026-03-25 01:00:00,23.1,12.6,283.0,12.1,7.9,49.0,55,25.5,86,17.3,0.0
2026-03-25 02:00:00,22.0,11.9,183.0,8.7,7.1,52.0,55,25.5,85,17.7,0.0
2026-03-25 03:00:00,19.9,11.1,131.0,6.2,6.5,54.0,55,25.6,85,16.0,0.0
2026-03-25 04:00:00,19.3,10.7,116.0,4.7,6.2,56.0,55,25.5,87,13.3,0.0
2026-03-25 05:00:00,18.9,11.3,183.0,7.6,7.6,49.0,55,25.3,86,7.3,0.0
2026-03-25 06:00:00,21.8,12.2,423.0,12.5,9.0,43.0,56,25.1,87,7.3,0.0
2026-03-25 07:00:00,27.0,15.9,744.0,19.0,11.1,36.0,56,24.9,87,7.5,0.0
2026-03-25 08:00:00,35.3,19.4,912.0,22.1,13.4,36.0,56,25.5,83,8.6,0.0
2026-03-25 09:00:00,53.4,21.0,773.0,18.6,16.5,50.0,57,26.5,75,12.0,0.0
2026-03-25 10:00:00,65.7,22.3,480.0,11.8,19.7,71.0,57,27.5,72,14.2,0.0
2026-03-25 11:00:00,72.6,23.8,258.0,6.4,21.2,87.0,58,28.3,68,16.5,0.0
2026-03-25 12:00:00,72.9,23.7,200.0,4.1,19.1,91.0,59,28.6,62,18.1,0.0
2026-03-25 13:00:00,73.6,23.6,212.0,3.2,15.2,90.0,59,28.6,60,18.5,0.0
2026-03-25 14:00:00,75.2,23.5,235.0,3.3,12.5,86.0,60,28.5,59,19.6,0.0
2026-03-25 15:00:00,75.9,23.6,253.0,3.5,12.5,81.0,60,28.4,61,19.5,0.0
2026-03-25 16:00:00,75.9,23.9,282.0,4.6,13.7,73.0,60,28.0,65,18.4,0.0
2026-03-25 17:00:00,71.0,22.5,315.0,7.9,13.6,63.0,61,27.9,67,17.4,0.0
2026-03-25 18:00:00,67.3,23.2,353.0,16.5,14.1,51.0,61,27.1,72,17.3,0.0
2026-03-25 19:00:00,58.2,25.1,395.0,28.4,14.8,35.0,62,26.6,74,16.3,0.0
2026-03-25 20:00:00,57.0,27.5,432.0,38.1,15.4,22.0,63,26.4,76,14.4,0.0
2026-03-25 21:00:00,56.5,29.7,466.0,43.6,15.8,15.0,64,26.2,78,12.8,0.0
2026-03-25 22:00:00,55.9,31.0,497.0,46.9,16.0,12.0,65,25.9,80,10.0,0.0
2026-03-25 23:00:00,55.5,31.7,510.0,47.7,15.7,11.0,67,25.7,83,9.8,0.0
2026-03-26 00:00:00,54.1,31.0,502.0,45.4,14.6,13.0,68,25.6,84,9.3,0.0
2026-03-26 01:00:00,51.7,29.7,478.0,40.6,13.1,17.0,70,25.6,84,8.8,0.0
2026-03-26 02:00:00,48.9,28.2,437.0,35.1,11.7,22.0,71,25.4,85,6.5,0.0
2026-03-26 03:00:00,45.8,26.4,358.0,28.1,10.4,29.0,73,25.3,86,6.7,0.0
2026-03-26 04:00:00,42.7,23.8,263.0,20.4,9.3,38.0,74,25.3,86,6.6,0.0
2026-03-26 05:00:00,37.5,21.4,218.0,16.3,9.2,38.0,75,25.3,81,5.8,0.0
2026-03-26 06:00:00,37.0,21.8,277.0,22.8,10.3,32.0,76,25.1,82,3.6,0.0
2026-03-26 07:00:00,40.0,25.5,386.0,31.3,11.9,23.0,77,24.9,84,4.7,0.0
2026-03-26 08:00:00,43.9,27.6,448.0,34.9,14.2,24.0,78,25.6,81,7.6,0.0
2026-03-26 09:00:00,47.8,25.4,408.0,28.7,18.0,41.0,79,26.7,74,12.3,0.0
2026-03-26 10:00:00,49.2,24.3,321.0,17.5,22.5,66.0,79,27.5,70,11.9,0.0
2026-03-26 11:00:00,53.9,25.1,252.0,8.7,25.3,87.0,79,28.4,65,14.1,0.0
2026-03-26 12:00:00,60.5,27.5,224.0,5.3,24.9,102.0,79,28.8,64,17.1,0.0
2026-03-26 13:00:00,61.7,27.4,214.0,4.2,22.8,113.0,80,28.9,64,19.8,0.0
2026-03-26 14:00:00,58.9,26.1,217.0,4.2,20.9,117.0,80,28.7,66,19.1,0.0
2026-03-26 15:00:00,55.8,24.8,238.0,4.4,19.9,111.0,80,28.5,65,17.2,0.0
2026-03-26 16:00:00,51.9,23.4,272.0,5.6,19.2,99.0,80,28.4,65,17.5,0.0
2026-03-26 17:00:00,33.5,15.6,303.0,7.9,16.6,77.0,80,27.8,68,17.3,0.0
2026-03-26 18:00:00,31.4,16.1,323.0,13.6,16.4,65.0,80,27.1,71,14.4,0.0
2026-03-26 19:00:00,28.3,17.6,340.0,21.5,16.0,48.0,79,26.4,75,12.3,0.0
2026-03-26 20:00:00,28.9,18.5,354.0,27.7,15.6,35.0,78,25.8,80,11.8,0.0
2026-03-26 21:00:00,29.1,19.5,371.0,31.2,15.3,29.0,78,25.6,81,12.5,0.0
2026-03-26 22:00:00,29.4,20.5,385.0,33.0,15.0,26.0,77,25.5,83,11.5,0.0
2026-03-26 23:00:00,29.3,20.7,386.0,32.7,14.3,26.0,76,25.0,85,8.4,0.0
2026-03-27 00:00:00,28.8,20.7,363.0,29.1,13.0,29.0,75,24.8,87,7.0,0.0
2026-03-27 01:00:00,27.4,19.4,326.0,23.3,11.3,35.0,74,24.6,87,7.4,0.0
2026-03-27 02:00:00,25.4,17.5,293.0,18.2,9.9,40.0,73,24.5,88,6.6,0.0
2026-03-27 03:00:00,23.4,15.8,254.0,14.3,8.9,43.0,72,24.3,88,7.9,0.0
2026-03-27 04:00:00,21.2,14.6,219.0,11.0,8.1,45.0,71,24.3,89,8.9,0.0
2026-03-27 05:00:00,21.0,14.9,239.0,12.2,8.8,41.0,70,24.2,88,7.4,0.0
2026-03-27 06:00:00,19.6,14.5,372.0,13.9,9.8,40.0,70,24.2,89,7.9,0.0
2026-03-27 07:00:00,21.7,16.6,560.0,16.1,11.4,38.0,69,24.2,89,7.2,0.0
2026-03-27 08:00:00,23.1,16.8,678.0,16.7,13.6,43.0,68,24.9,84,7.4,0.0
2026-03-27 09:00:00,24.4,16.2,665.0,14.2,17.0,58.0,67,26.1,76,7.1,0.0
2026-03-27 10:00:00,27.4,16.5,583.0,10.0,21.0,78.0,66,27.7,68,4.5,0.0
2026-03-27 11:00:00,28.3,16.5,494.0,6.7,23.8,96.0,66,29.0,60,6.8,0.0
2026-03-27 12:00:00,29.0,16.6,406.0,5.1,24.6,111.0,65,29.9,57,10.2,0.0
2026-03-27 13:00:00,33.5,18.2,311.0,4.4,24.1,124.0,64,29.8,59,15.8,0.0
2026-03-27 14:00:00,38.9,19.3,245.0,4.3,22.6,127.0,63,29.5,60,19.6,0.0
2026-03-27 15:00:00,30.0,16.6,229.0,4.7,19.7,113.0,63,29.0,62,21.3,0.0
2026-03-27 16:00:00,21.9,11.8,241.0,5.8,15.8,90.0,62,28.5,65,22.5,0.0
2026-03-27 17:00:00,3.9,3.7,254.0,7.0,13.3,72.0,61,28.1,68,23.6,0.0
2026-03-27 18:00:00,3.7,3.5,261.0,10.6,12.9,63.0,60,27.2,73,24.1,0.0
2026-03-27 19:00:00,5.0,4.5,268.0,15.7,12.3,50.0,59,26.5,77,21.0,0.0
2026-03-27 20:00:00,7.4,6.1,269.0,19.2,11.8,41.0,58,26.2,78,18.5,0.0
2026-03-27 21:00:00,10.0,6.7,262.0,20.3,11.7,37.0,56,26.2,77,16.4,0.0
2026-03-27 22:00:00,13.2,7.6,249.0,19.9,11.6,37.0,55,26.0,77,15.2,0.0
2026-03-27 23:00:00,15.3,8.0,231.0,18.3,11.1,38.0,54,25.6,80,13.9,0.0
2026-03-28 00:00:00,14.6,7.1,202.0,14.7,9.7,42.0,53,25.5,84,12.7,0.0
2026-03-28 01:00:00,12.2,5.7,167.0,9.9,7.8,48.0,52,25.6,84,12.5,0.0
2026-03-28 02:00:00,9.6,4.7,141.0,6.2,6.4,52.0,51,25.8,83,15.8,0.0
2026-03-28 03:00:00,7.0,4.3,127.0,4.5,5.8,52.0,49,25.9,83,19.6,0.0
2026-03-28 04:00:00,7.0,4.5,123.0,3.9,5.6,51.0,47,25.9,83,20.0,0.0
2026-03-28 05:00:00,6.2,4.3,136.0,5.0,6.4,49.0,45,25.3,84,22.0,0.0
2026-03-28 06:00:00,8.2,4.8,182.0,6.4,6.9,48.0,43,25.2,82,21.6,0.0
2026-03-28 07:00:00,12.0,6.5,246.0,8.2,7.6,46.0,42,25.2,80,21.8,0.0
2026-03-28 08:00:00,17.2,8.3,283.0,8.9,8.4,48.0,40,25.7,76,22.8,0.0
2026-03-28 09:00:00,19.7,8.4,269.0,7.5,9.2,56.0,39,26.4,72,25.2,0.0
2026-03-28 10:00:00,23.6,9.1,228.0,5.1,10.1,67.0,37,27.0,69,25.6,0.0
2026-03-28 11:00:00,26.3,10.2,198.0,3.3,10.6,76.0,36,27.8,67,27.1,0.0
2026-03-28 12:00:00,29.3,11.1,191.0,2.7,10.7,81.0,35,28.1,67,27.7,0.0
2026-03-28 13:00:00,34.7,11.8,194.0,2.8,10.5,83.0,34,28.1,64,27.4,0.0
2026-03-28 14:00:00,41.2,12.8,202.0,3.1,10.2,82.0,33,28.4,64,28.1,0.0
2026-03-28 15:00:00,48.2,13.1,219.0,3.5,9.8,76.0,32,28.5,63,29.9,0.0
2026-03-28 16:00:00,51.3,12.0,240.0,4.2,9.3,66.0,33,28.0,65,31.0,0.0
2026-03-28 17:00:00,37.5,9.2,252.0,6.1,9.3,58.0,34,27.6,70,32.5,0.0
2026-03-28 18:00:00,24.6,7.2,245.0,7.6,9.1,53.0,34,27.0,73,29.9,0.0
2026-03-28 19:00:00,12.7,6.4,228.0,9.7,8.8,47.0,33,26.7,75,26.6,0.0
2026-03-28 20:00:00,9.9,6.3,214.0,10.9,8.5,43.0,33,26.4,78,25.5,0.0
2026-03-28 21:00:00,10.2,6.2,210.0,10.6,8.3,44.0,33,26.5,78,24.0,0.0
2026-03-28 22:00:00,17.5,7.4,209.0,9.4,8.1,47.0,33,26.5,78,23.4,0.0
2026-03-28 23:00:00,37.8,12.1,203.0,8.0,7.7,54.0,33,26.6,77,26.1,0.0
2026-03-29 00:00:00,55.8,18.2,185.0,6.5,7.0,66.0,34,26.5,78,26.5,0.0
2026-03-29 01:00:00,60.8,22.2,161.0,4.9,6.1,81.0,36,26.1,80,29.2,0.0
2026-03-29 02:00:00,56.2,22.5,145.0,3.7,5.5,93.0,38,25.7,79,28.8,0.0
2026-03-29 03:00:00,49.0,20.7,137.0,3.0,5.2,97.0,41,25.6,73,28.5,0.0
2026-03-29 04:00:00,43.5,18.8,138.0,2.8,5.0,98.0,44,25.6,68,28.9,0.0
2026-03-29 05:00:00,38.2,17.8,157.0,3.6,5.6,96.0,47,25.3,67,29.8,0.0
2026-03-29 06:00:00,36.9,17.0,217.0,5.6,6.7,96.0,49,25.2,69,27.3,0.0
2026-03-29 07:00:00,36.6,17.5,297.0,8.2,8.1,96.0,51,25.1,70,26.0,0.0
2026-03-29 08:00:00,40.3,18.0,342.0,9.5,9.4,100.0,52,25.8,67,27.4,0.0
2026-03-29 09:00:00,36.2,16.4,320.0,8.2,10.2,112.0,52,26.8,60,27.2,0.0
2026-03-29 10:00:00,31.0,14.8,264.0,5.6,10.8,129.0,53,28.0,50,27.1,0.0
2026-03-29 11:00:00,29.2,13.4,222.0,3.6,11.2,141.0,54,28.2,65,25.7,0.0
2026-03-29 12:00:00,33.2,13.6,211.0,3.0,11.3,144.0,54,28.9,61,25.3,0.0
2026-03-29 13:00:00,40.2,14.7,213.0,3.0,11.2,143.0,61,29.1,61,25.6,0.0
2026-03-29 14:00:00,47.7,15.9,222.0,3.3,11.1,140.0,71,29.0,62,23.6,0.0
2026-03-29 15:00:00,56.1,17.1,240.0,3.7,10.9,137.0,80,28.9,62,22.9,0.0
2026-03-29 16:00:00,67.3,18.7,266.0,4.5,10.7,132.0,89,28.3,66,21.5,0.0
2026-03-29 17:00:00,73.8,18.9,290.0,6.2,10.8,124.0,96,27.6,66,19.3,0.0
2026-03-29 18:00:00,68.7,18.9,311.0,9.7,11.5,119.0,98,26.9,67,18.5,0.0
2026-03-29 19:00:00,55.1,18.1,330.0,14.5,12.5,111.0,96,26.3,71,18.2,0.0
2026-03-29 20:00:00,45.3,18.5,339.0,17.9,13.0,105.0,90,26.0,74,17.6,0.0
2026-03-29 21:00:00,42.4,18.7,337.0,19.0,12.6,101.0,82,25.9,75,17.6,0.0
2026-03-29 22:00:00,42.5,19.1,325.0,18.7,11.7,99.0,73,25.8,77,17.3,0.0
2026-03-29 23:00:00,45.1,19.8,304.0,17.6,10.6,98.0,64,25.8,75,17.9,0.0
2026-03-30 00:00:00,48.1,20.3,266.0,15.4,9.4,99.0,63,25.8,75,18.6,0.0
2026-03-30 01:00:00,50.5,20.3,219.0,12.3,8.1,102.0,63,25.5,78,18.0,0.0
2026-03-30 02:00:00,51.3,20.1,185.0,9.8,7.1,105.0,63,25.4,77,18.2,0.0
2026-03-30 03:00:00,49.7,19.7,170.0,8.1,6.6,108.0,62,25.2,75,19.1,0.0
2026-03-30 04:00:00,44.7,18.9,169.0,6.9,6.5,110.0,62,25.0,74,19.9,0.0
2026-03-30 05:00:00,36.4,17.1,189.0,5.7,6.5,115.0,62,24.7,63,19.5,0.0
2026-03-30 06:00:00,32.7,17.1,254.0,7.3,8.0,115.0,62,24.4,67,18.4,0.0
2026-03-30 07:00:00,33.1,19.0,342.0,9.4,10.0,116.0,62,24.2,71,18.4,0.0
2026-03-30 08:00:00,39.8,20.3,389.0,10.3,11.5,119.0,62,24.7,69,20.3,0.0
2026-03-30 09:00:00,41.6,20.2,357.0,8.7,12.1,127.0,63,25.5,63,21.1,0.0
2026-03-30 10:00:00,43.2,20.5,284.0,5.8,12.2,138.0,63,26.3,59,20.4,0.0
2026-03-30 11:00:00,44.6,20.7,230.0,3.6,12.1,145.0,68,27.1,56,21.3,0.0
2026-03-30 12:00:00,45.1,20.3,217.0,2.8,11.7,147.0,76,27.6,53,19.8,0.0
2026-03-30 13:00:00,45.9,19.6,222.0,2.7,11.2,145.0,84,27.9,53,19.9,0.0
2026-03-30 14:00:00,45.8,19.2,232.0,3.1,11.0,143.0,90,27.9,52,20.6,0.0
2026-03-30 15:00:00,44.8,18.7,245.0,3.6,11.4,141.0,96,27.7,51,20.6,0.0
2026-03-30 16:00:00,43.3,18.1,264.0,4.6,12.2,138.0,102,27.3,53,20.0,0.0
2026-03-30 17:00:00,34.0,14.5,286.0,6.6,13.0,133.0,106,27.0,55,18.7,0.0
2026-03-30 18:00:00,34.8,15.5,314.0,10.4,13.7,124.0,107,26.1,60,19.4,0.0
2026-03-30 19:00:00,34.2,17.9,346.0,15.5,14.6,110.0,104,25.3,63,15.9,0.0
2026-03-30 20:00:00,39.9,20.1,366.0,18.9,15.0,101.0,96,25.1,64,17.9,0.0
2026-03-30 21:00:00,42.5,20.4,371.0,19.2,14.7,98.0,87,25.0,63,17.8,0.0
2026-03-30 22:00:00,43.4,21.3,366.0,17.9,13.9,99.0,77,24.8,62,18.3,0.0
2026-03-30 23:00:00,44.9,22.1,347.0,16.0,12.8,101.0,67,24.5,62,16.6,0.0
2026-03-31 00:00:00,47.5,22.5,306.0,13.5,11.4,104.0,65,24.2,65,16.5,0.0
2026-03-31 01:00:00,51.8,23.1,251.0,10.5,9.7,108.0,66,24.1,64,15.6,0.0
2026-03-31 02:00:00,57.2,24.1,212.0,8.2,8.4,111.0,66,24.0,63,17.3,0.0
2026-03-31 03:00:00,62.2,25.2,184.0,6.2,7.7,112.0,66,24.0,63,17.6,0.0
2026-03-31 04:00:00,62.6,25.5,172.0,5.0,7.4,111.0,67,23.9,63,16.3,0.0
2026-03-31 05:00:00,53.2,23.0,214.0,5.5,7.3,114.0,67,23.6,65,17.5,0.0
2026-03-31 06:00:00,52.4,23.4,378.0,11.9,8.5,106.0,68,23.5,61,15.2,0.0
2026-03-31 07:00:00,53.1,26.6,597.0,20.5,10.1,94.0,68,23.5,62,15.1,0.0
2026-03-31 08:00:00,56.1,27.9,709.0,24.8,11.8,91.0,69,23.9,59,16.2,0.0
2026-03-31 09:00:00,58.9,24.7,608.0,20.6,13.5,103.0,70,24.6,56,18.5,0.0
2026-03-31 10:00:00,55.4,23.8,402.0,12.2,15.2,122.0,70,25.3,53,21.4,0.0
2026-03-31 11:00:00,53.3,23.7,247.0,5.8,16.2,136.0,70,26.1,52,19.6,0.0
2026-03-31 12:00:00,50.4,22.8,214.0,4.0,16.1,140.0,71,26.4,51,20.8,0.0
2026-03-31 13:00:00,48.7,22.3,233.0,4.1,15.3,140.0,71,26.6,50,20.2,0.0
2026-03-31 14:00:00,47.4,22.3,255.0,4.6,14.5,138.0,71,26.4,52,21.7,0.0
2026-03-31 15:00:00,45.8,22.3,266.0,4.8,13.7,137.0,72,26.5,53,21.4,0.0
2026-03-31 16:00:00,43.3,21.5,281.0,5.3,12.9,135.0,81,26.0,55,21.9,0.0
2026-03-31 17:00:00,39.2,19.7,293.0,6.8,13.5,132.0,90,26.4,54,20.2,0.0
2026-03-31 18:00:00,38.6,20.0,292.0,9.3,13.6,126.0,96,25.7,59,19.2,0.0
2026-03-31 19:00:00,36.9,20.7,289.0,12.9,13.8,118.0,97,25.4,60,18.1,0.0
2026-03-31 20:00:00,41.0,22.5,309.0,16.5,14.0,110.0,93,25.2,62,17.4,0.0
2026-03-31 21:00:00,45.3,24.5,385.0,20.4,14.4,101.0,87,25.0,63,14.8,0.0
2026-03-31 22:00:00,48.5,26.6,484.0,24.3,14.7,92.0,79,24.8,65,14.8,0.0
2026-03-31 23:00:00,51.3,28.9,538.0,25.9,14.5,87.0,74,24.8,65,14.8,0.0
2026-04-01 00:00:00,53.0,29.6,508.0,23.3,13.2,89.0,75,24.5,69,11.9,0.0
2026-04-01 01:00:00,51.9,27.8,432.0,18.4,11.4,94.0,75,24.3,69,10.2,0.0
2026-04-01 02:00:00,49.5,25.5,358.0,14.3,9.9,98.0,76,24.3,68,10.0,0.0
2026-04-01 03:00:00,45.8,23.6,281.0,11.6,9.0,98.0,76,24.2,69,11.2,0.0
2026-04-01 04:00:00,41.6,22.0,206.0,9.8,8.4,96.0,76,24.1,71,11.2,0.0
2026-04-01 05:00:00,39.5,21.8,197.0,11.7,8.5,91.0,76,23.8,74,11.2,0.0
2026-04-01 06:00:00,36.9,21.0,329.0,17.2,9.3,87.0,75,23.8,73,10.1,0.0
2026-04-01 07:00:00,38.2,23.7,527.0,24.5,10.6,82.0,75,23.9,72,10.4,0.0
2026-04-01 08:00:00,41.1,25.4,634.0,27.6,12.3,85.0,75,24.7,68,13.7,0.0
2026-04-01 09:00:00,40.0,21.7,552.0,22.5,15.0,102.0,75,25.5,66,17.3,0.0
2026-04-01 10:00:00,38.0,20.4,378.0,13.2,18.1,127.0,74,25.8,68,18.4,0.0
2026-04-01 11:00:00,37.0,19.8,249.0,6.1,19.9,144.0,74,26.9,64,17.2,0.0
2026-04-01 12:00:00,36.4,18.6,225.0,3.8,19.2,146.0,74,27.4,62,19.6,0.0
2026-04-01 13:00:00,35.6,16.9,245.0,3.7,17.2,141.0,73,27.7,60,21.3,0.0
2026-04-01 14:00:00,36.6,16.0,267.0,4.2,15.7,134.0,73,27.8,57,22.0,0.0
2026-04-01 15:00:00,34.9,14.8,277.0,4.8,15.6,126.0,72,27.7,56,24.2,0.0
2026-04-01 16:00:00,34.5,14.3,288.0,5.9,16.0,116.0,80,27.2,60,26.7,0.0
2026-04-01 17:00:00,43.4,18.1,300.0,8.2,16.6,105.0,87,26.8,65,25.4,0.0
2026-04-01 18:00:00,42.0,17.7,311.0,10.9,16.0,97.0,88,26.2,69,22.5,0.0
2026-04-01 19:00:00,39.8,17.9,322.0,14.8,15.0,85.0,81,25.8,72,17.8,0.0
2026-04-01 20:00:00,39.0,19.2,334.0,18.0,14.3,75.0,70,25.7,73,14.3,0.0
2026-04-01 21:00:00,39.0,20.0,357.0,20.1,14.0,70.0,70,25.3,78,11.5,0.0
2026-04-01 22:00:00,39.6,20.7,382.0,21.6,13.8,66.0,70,25.0,81,10.3,0.0
2026-04-01 23:00:00,40.0,21.3,381.0,22.2,13.4,64.0,69,25.0,83,8.3,0.0
2026-04-02 00:00:00,39.7,21.3,326.0,21.1,12.4,63.0,69,24.8,84,6.1,0.0
2026-04-02 01:00:00,38.9,20.7,245.0,19.1,11.1,62.0,68,24.7,83,4.7,0.0
2026-04-02 02:00:00,38.3,20.5,191.0,17.8,10.3,60.0,67,24.7,82,4.7,0.0
2026-04-02 03:00:00,38.8,21.0,181.0,17.7,10.1,55.0,67,24.5,83,4.0,0.0
2026-04-02 04:00:00,41.4,22.1,197.0,18.4,10.4,50.0,67,24.1,79,8.8,0.0
2026-04-02 05:00:00,36.1,18.7,239.0,14.3,9.5,58.0,67,25.1,82,6.6,0.0
2026-04-02 06:00:00,38.0,19.6,329.0,16.4,10.4,60.0,66,24.8,79,6.2,0.0
2026-04-02 07:00:00,42.6,22.9,445.0,19.3,11.9,63.0,66,24.5,78,8.9,0.0
2026-04-02 08:00:00,61.7,23.3,521.0,20.6,13.6,67.0,66,24.3,83,7.3,0.0
2026-04-02 09:00:00,69.2,24.2,522.0,19.0,15.8,71.0,66,24.2,83,12.2,1.1
2026-04-02 10:00:00,79.2,25.4,483.0,15.8,18.3,76.0,66,23.6,82,14.0,2.7
2026-04-02 11:00:00,95.9,27.5,447.0,13.1,20.8,82.0,67,23.0,85,12.2,3.8
2026-04-02 12:00:00,101.3,28.8,428.0,11.2,23.7,89.0,67,22.0,84,11.6,5.0
2026-04-02 13:00:00,110.8,31.5,413.0,9.8,26.5,97.0,68,22.4,82,3.6,4.1
2026-04-02 14:00:00,115.9,33.2,403.0,9.2,27.5,101.0,69,23.6,79,7.7,0.0
2026-04-02 15:00:00,114.8,32.8,400.0,9.4,25.1,99.0,71,23.4,80,11.5,0.5
2026-04-02 16:00:00,103.1,29.4,404.0,10.5,20.8,93.0,73,22.7,82,16.9,0.0
2026-04-02 17:00:00,59.5,21.0,413.0,11.5,14.9,90.0,74,22.9,80,13.6,0.0
2026-04-02 18:00:00,57.0,20.9,433.0,16.1,14.5,83.0,74,21.8,83,12.7,2.8
2026-04-02 19:00:00,51.7,21.2,460.0,22.4,14.1,73.0,74,20.7,85,10.2,3.3
2026-04-02 20:00:00,35.0,17.8,477.0,26.3,14.4,66.0,75,21.1,83,7.6,0.5
2026-04-02 21:00:00,25.6,12.4,467.0,25.2,16.2,66.0,75,21.6,82,4.9,0.0
2026-04-02 22:00:00,21.7,11.3,449.0,21.7,18.6,69.0,74,22.0,81,4.5,0.0
2026-04-02 23:00:00,21.1,12.0,462.0,19.3,20.2,70.0,73,20.9,82,8.4,0.0
2026-04-03 00:00:00,20.7,12.4,541.0,19.4,19.8,67.0,72,21.1,83,6.9,0.0
2026-04-03 01:00:00,20.4,13.2,653.0,20.6,18.5,63.0,72,21.2,83,2.9,0.0
2026-04-03 02:00:00,20.5,13.3,736.0,21.7,17.9,59.0,71,20.2,86,9.1,2.1
2026-04-03 03:00:00,21.2,13.1,742.0,22.2,18.8,56.0,70,19.2,87,12.2,3.9
2026-04-03 04:00:00,21.3,13.6,720.0,22.6,20.5,52.0,70,19.1,86,10.0,0.0
2026-04-03 05:00:00,26.0,14.6,754.0,19.1,16.3,53.0,69,18.5,89,12.2,0.0
2026-04-03 06:00:00,27.2,16.4,944.0,22.1,20.4,50.0,68,18.4,90,10.0,0.0
2026-04-03 07:00:00,29.2,19.7,1190.0,26.1,26.1,46.0,68,18.3,91,7.4,0.0
2026-04-03 08:00:00,30.6,19.7,1277.0,27.1,30.2,49.0,68,18.6,89,8.3,0.0
2026-04-03 09:00:00,27.0,16.3,1051.0,22.5,31.8,63.0,68,19.6,83,5.9,0.0
2026-04-03 10:00:00,23.3,13.6,666.0,15.0,32.0,83.0,67,21.4,75,4.3,0.0
2026-04-03 11:00:00,21.9,12.5,370.0,9.0,30.5,100.0,66,23.1,67,2.6,0.0
2026-04-03 12:00:00,21.9,12.2,269.0,6.1,26.4,112.0,64,24.1,65,8.0,0.0
2026-04-03 13:00:00,22.5,12.0,257.0,4.6,20.6,120.0,63,24.6,64,11.4,0.0
2026-04-03 14:00:00,22.0,10.7,264.0,4.0,16.2,124.0,61,24.9,63,13.4,0.0
2026-04-03 15:00:00,23.0,10.4,268.0,3.8,14.7,122.0,59,25.0,62,14.4,0.0
2026-04-03 16:00:00,23.4,10.5,291.0,4.5,14.5,115.0,57,24.8,64,14.5,0.0
2026-04-03 17:00:00,29.7,12.7,334.0,6.6,12.1,104.0,56,25.0,68,14.8,0.0
2026-04-03 18:00:00,30.6,13.7,414.0,11.7,12.3,91.0,55,24.6,70,14.3,0.0
2026-04-03 19:00:00,29.9,15.8,514.0,18.9,12.7,73.0,55,24.3,72,12.5,0.0
2026-04-03 20:00:00,32.7,18.2,581.0,25.5,13.0,58.0,54,24.2,72,10.2,0.0
2026-04-03 21:00:00,35.2,20.7,595.0,31.7,13.5,49.0,54,24.0,74,7.7,0.0
2026-04-03 22:00:00,37.4,23.9,577.0,37.2,13.9,44.0,54,23.8,73,8.3,0.0
2026-04-03 23:00:00,37.7,24.9,532.0,38.9,13.7,44.0,56,23.6,80,9.4,0.0
2026-04-04 00:00:00,35.9,23.5,444.0,33.8,12.2,52.0,57,23.8,76,9.2,0.0
2026-04-04 01:00:00,32.4,21.1,330.0,24.9,9.9,65.0,58,23.7,74,8.4,0.0
2026-04-04 02:00:00,28.3,18.5,246.0,17.7,8.3,75.0,58,23.4,74,7.8,0.0
2026-04-04 03:00:00,24.4,16.4,181.0,13.2,7.6,79.0,59,23.2,75,9.1,0.0
2026-04-04 04:00:00,21.7,15.1,147.0,10.3,7.5,80.0,59,22.9,78,10.5,0.0
2026-04-04 05:00:00,24.5,15.9,234.0,12.3,8.4,79.0,59,22.9,82,7.1,0.0
2026-04-04 06:00:00,24.8,16.9,586.0,20.6,10.4,73.0,59,22.8,80,5.0,0.0
2026-04-04 07:00:00,31.5,23.2,1059.0,31.7,13.2,65.0,59,22.4,82,3.3,0.0
2026-04-04 08:00:00,31.0,23.9,1310.0,36.6,15.6,67.0,60,22.9,82,3.2,0.0
2026-04-04 09:00:00,27.9,17.3,1121.0,29.4,17.3,89.0,60,24.8,70,5.6,0.0
2026-04-04 10:00:00,32.5,15.8,709.0,16.1,18.5,122.0,60,26.3,59,7.6,0.0
2026-04-04 11:00:00,36.0,15.7,386.0,5.9,18.6,145.0,60,27.6,48,6.8,0.0
2026-04-04 12:00:00,35.9,14.7,278.0,2.8,16.7,150.0,61,28.5,43,7.9,0.0
2026-04-04 13:00:00,34.1,13.6,259.0,2.9,13.6,145.0,61,28.7,45,12.2,0.0
2026-04-04 14:00:00,29.8,12.7,262.0,3.5,11.4,139.0,61,28.2,50,17.7,0.0
2026-04-04 15:00:00,27.7,12.6,269.0,3.5,10.9,135.0,63,27.7,50,20.7,0.0
2026-04-04 16:00:00,26.9,12.9,298.0,4.1,11.3,130.0,78,27.5,49,22.1,0.0
2026-04-04 17:00:00,21.2,10.7,333.0,6.5,11.8,124.0,91,27.2,56,22.3,0.0
2026-04-04 18:00:00,22.8,11.7,380.0,12.3,11.9,112.0,98,26.5,58,21.0,0.0
2026-04-04 19:00:00,22.9,14.1,433.0,20.2,12.1,96.0,96,25.8,65,17.9,0.0
2026-04-04 20:00:00,24.5,16.1,460.0,26.0,12.1,84.0,86,25.1,72,16.0,0.0
2026-04-04 21:00:00,24.9,16.6,440.0,27.8,11.8,79.0,72,24.7,76,13.6,0.0
2026-04-04 22:00:00,25.0,17.3,393.0,27.4,11.3,78.0,61,24.6,78,12.7,0.0
2026-04-04 23:00:00,24.6,17.3,348.0,26.0,10.6,78.0,60,24.9,80,14.2,0.0
2026-04-05 00:00:00,23.3,16.3,313.0,23.5,9.6,77.0,59,24.7,81,12.7,0.0
2026-04-05 01:00:00,22.4,15.7,281.0,20.1,8.4,77.0,59,24.5,81,12.2,0.0
2026-04-05 02:00:00,22.7,16.1,256.0,17.5,7.8,76.0,58,24.4,80,11.2,0.0
2026-04-05 03:00:00,22.8,16.3,205.0,15.6,7.8,73.0,58,24.1,80,10.1,0.0
2026-04-05 04:00:00,22.8,16.4,161.0,14.6,8.4,69.0,58,23.9,81,9.8,0.0
2026-04-05 05:00:00,18.7,14.2,231.0,12.0,8.2,71.0,58,23.8,82,8.2,0.0
2026-04-05 06:00:00,19.7,15.6,558.0,22.1,10.6,62.0,58,23.6,82,7.2,0.0
2026-04-05 07:00:00,28.8,24.3,998.0,35.5,14.1,51.0,58,23.6,82,6.9,0.0
2026-04-05 08:00:00,32.0,27.4,1226.0,41.6,17.1,52.0,58,24.2,79,7.9,0.0
2026-04-05 09:00:00,29.0,20.7,1031.0,33.3,19.5,76.0,58,24.9,72,13.5,0.0
2026-04-05 10:00:00,29.1,19.1,624.0,17.7,21.6,113.0,59,25.4,71,13.9,0.0
2026-04-05 11:00:00,29.9,18.8,315.0,5.9,22.4,140.0,59,25.7,69,14.0,0.0
2026-04-05 12:00:00,29.0,17.6,236.0,2.5,21.2,149.0,59,26.0,67,15.3,0.0
2026-04-05 13:00:00,27.8,16.6,255.0,2.9,18.7,148.0,59,26.5,65,17.0,0.0
2026-04-05 14:00:00,27.2,16.1,283.0,4.0,16.9,145.0,60,26.5,64,20.1,0.0
2026-04-05 15:00:00,26.3,15.4,282.0,4.3,16.5,142.0,60,26.4,62,15.0,0.0
2026-04-05 16:00:00,26.0,15.1,291.0,5.2,16.8,136.0,72,26.1,66,20.9,0.0
2026-04-05 17:00:00,27.7,15.7,338.0,8.9,19.5,131.0,90,26.4,62,17.6,0.0
2026-04-05 18:00:00,28.5,16.5,454.0,15.5,18.2,114.0,101,25.9,65,17.7,0.0
2026-04-05 19:00:00,28.3,19.0,607.0,24.8,16.4,91.0,102,25.3,72,16.3,0.0
2026-04-05 20:00:00,29.8,20.6,738.0,32.6,15.0,72.0,91,24.9,75,14.4,0.0
2026-04-05 21:00:00,31.3,21.8,846.0,38.0,14.4,61.0,75,24.6,77,13.0,0.0
2026-04-05 22:00:00,33.5,23.8,931.0,41.8,14.2,55.0,63,24.4,78,11.8,0.0
2026-04-05 23:00:00,36.2,25.8,929.0,42.8,13.6,52.0,63,24.4,76,12.6,0.0
2026-04-06 00:00:00,37.5,26.2,773.0,39.4,12.1,54.0,64,24.4,76,12.6,0.0
2026-04-06 01:00:00,37.1,24.9,531.0,33.1,10.3,58.0,65,24.2,78,10.7,0.0
2026-04-06 02:00:00,36.6,23.5,340.0,27.2,8.8,63.0,66,24.0,79,10.5,0.0
2026-04-06 03:00:00,36.6,22.2,238.0,22.1,8.0,66.0,66,24.0,78,10.1,0.0
2026-04-06 04:00:00,36.6,21.3,188.0,17.5,7.5,69.0,67,24.0,78,8.7,0.0
2026-04-06 05:00:00,37.7,21.3,214.0,17.5,8.2,66.0,67,24.3,76,7.0,0.0
2026-04-06 06:00:00,41.2,22.0,392.0,19.4,9.2,69.0,68,24.2,77,7.6,0.0
2026-04-06 07:00:00,44.2,24.4,647.0,21.8,10.6,73.0,68,24.2,79,6.9,0.0
2026-04-06 08:00:00,49.5,24.2,779.0,21.9,12.0,79.0,68,24.7,79,8.0,0.0
2026-04-06 09:00:00,52.3,22.5,662.0,17.3,13.8,91.0,68,25.8,70,11.5,0.0
2026-04-06 10:00:00,52.3,21.9,423.0,10.4,15.6,104.0,68,26.6,65,12.9,0.0
2026-04-06 11:00:00,64.3,23.6,244.0,5.1,16.2,113.0,69,27.2,67,16.8,0.0
2026-04-06 12:00:00,83.8,26.1,202.0,3.1,14.7,112.0,69,27.7,66,20.2,0.0
2026-04-06 13:00:00,77.8,24.7,219.0,2.7,12.0,107.0,70,27.7,67,25.9,0.0
2026-04-06 14:00:00,75.7,24.0,247.0,2.9,9.9,100.0,70,27.9,66,27.2,0.0
2026-04-06 15:00:00,69.2,22.2,278.0,3.5,9.0,93.0,71,28.0,66,28.7,0.0
2026-04-06 16:00:00,57.4,20.4,320.0,4.8,8.6,85.0,72,27.9,67,30.2,0.1
2026-04-06 17:00:00,51.3,18.7,345.0,5.7,8.4,81.0,72,27.7,73,26.2,0.0
2026-04-06 18:00:00,41.9,17.2,337.0,8.1,8.4,75.0,72,27.0,78,27.1,0.0
2026-04-06 19:00:00,35.7,17.2,312.0,11.3,8.3,68.0,73,26.3,83,27.3,0.0
2026-04-06 20:00:00,35.2,17.5,288.0,13.3,8.1,62.0,72,26.0,86,25.7,0.0
2026-04-06 21:00:00,33.4,17.1,274.0,12.9,7.8,60.0,72,25.9,87,23.9,0.0
2026-04-06 22:00:00,33.9,17.1,261.0,11.2,7.3,59.0,72,25.8,88,21.9,0.0
2026-04-06 23:00:00,33.9,17.1,244.0,9.5,6.9,59.0,71,26.0,87,23.4,0.0
2026-04-07 00:00:00,33.2,16.8,218.0,7.9,6.4,59.0,70,25.9,87,24.4,0.0
2026-04-07 01:00:00,31.5,16.1,188.0,6.2,5.9,60.0,69,25.9,86,23.0,0.0
2026-04-07 02:00:00,30.2,15.4,166.0,4.9,5.5,61.0,69,25.7,87,21.6,0.0
2026-04-07 03:00:00,28.9,14.7,151.0,4.0,5.2,62.0,68,25.6,88,20.5,0.0
2026-04-07 04:00:00,29.3,14.4,144.0,3.4,5.1,64.0,67,25.5,89,20.3,0.0
2026-04-07 05:00:00,37.0,15.3,161.0,4.2,5.6,66.0,67,25.1,88,18.8,0.0
2026-04-07 06:00:00,38.0,15.8,228.0,5.8,6.6,66.0,66,25.0,89,17.3,0.0
2026-04-07 07:00:00,43.2,17.7,318.0,8.0,8.0,66.0,66,25.0,87,20.5,0.0
2026-04-07 08:00:00,59.0,21.2,370.0,9.0,9.2,72.0,65,25.6,75,21.7,0.0
2026-04-07 09:00:00,65.0,24.0,343.0,7.7,9.8,88.0,65,26.4,69,23.0,0.0
2026-04-07 10:00:00,62.4,25.4,278.0,5.2,10.2,109.0,65,26.9,68,23.1,0.0
2026-04-07 11:00:00,61.7,25.8,229.0,3.4,10.5,125.0,65,28.3,61,26.7,0.0
2026-04-07 12:00:00,69.2,27.4,219.0,2.8,10.7,133.0,65,28.5,60,26.3,0.0
2026-04-07 13:00:00,80.3,29.3,227.0,2.8,10.7,137.0,66,28.8,60,25.7,0.0
2026-04-07 14:00:00,88.9,31.0,241.0,3.3,10.9,138.0,66,28.8,58,26.1,0.0
2026-04-07 15:00:00,91.0,31.4,260.0,3.8,11.3,137.0,67,28.6,60,27.8,0.0
2026-04-07 16:00:00,85.9,31.0,286.0,4.8,11.7,132.0,67,28.0,64,29.3,0.0
2026-04-07 17:00:00,72.6,27.9,316.0,7.3,11.6,124.0,79,27.9,67,30.8,0.0
2026-04-07 18:00:00,52.4,24.3,350.0,11.9,11.5,109.0,87,27.0,71,29.8,0.0
2026-04-07 19:00:00,38.9,22.6,388.0,18.3,11.4,88.0,87,26.3,72,27.9,0.0
2026-04-07 20:00:00,36.9,23.4,424.0,22.7,11.2,73.0,79,25.9,73,25.5,0.0
2026-04-07 21:00:00,35.9,23.9,469.0,23.6,11.1,69.0,71,25.6,75,23.3,0.0
2026-04-07 22:00:00,35.2,23.9,513.0,22.6,10.9,70.0,71,25.3,77,21.2,0.0
2026-04-07 23:00:00,34.5,23.7,522.0,20.9,10.5,74.0,72,25.5,78,19.9,0.0
2026-04-08 00:00:00,33.4,23.2,465.0,18.4,9.7,79.0,73,25.2,79,17.7,0.0
2026-04-08 01:00:00,32.0,22.6,373.0,15.2,8.8,86.0,73,25.0,81,13.4,0.0
2026-04-08 02:00:00,30.7,22.1,299.0,12.4,8.0,93.0,74,24.8,82,11.9,0.0
2026-04-08 03:00:00,30.0,21.7,243.0,10.2,7.3,98.0,74,24.8,80,12.0,0.0
2026-04-08 04:00:00,29.6,21.5,206.0,8.4,6.8,103.0,75,24.5,82,10.6,0.0
2026-04-08 05:00:00,29.1,21.2,247.0,6.4,7.0,115.0,76,24.5,81,9.7,0.0
2026-04-08 06:00:00,28.9,21.7,445.0,9.8,8.3,112.0,76,24.4,82,7.9,0.0
2026-04-08 07:00:00,31.5,24.2,721.0,14.2,10.4,110.0,77,24.3,83,6.2,0.0
2026-04-08 08:00:00,35.6,25.1,895.0,16.7,13.6,113.0,77,25.0,81,6.0,0.0
2026-04-08 09:00:00,45.8,26.3,872.0,15.2,19.3,128.0,78,26.2,75,8.2,0.0
2026-04-08 10:00:00,64.3,30.3,747.0,11.7,26.3,148.0,78,27.7,64,6.1,0.0
2026-04-08 11:00:00,85.9,35.7,628.0,8.6,31.0,167.0,78,28.7,57,10.2,0.0
2026-04-08 12:00:00,105.2,40.2,545.0,6.6,31.8,184.0,79,29.6,53,11.7,0.0
2026-04-08 13:00:00,115.5,41.7,468.0,5.1,30.3,198.0,96,29.8,52,14.7,0.0
2026-04-08 14:00:00,116.2,41.2,415.0,4.8,28.3,203.0,113,29.9,52,16.6,0.0
2026-04-08 15:00:00,106.6,39.2,390.0,5.8,26.1,192.0,133,29.6,53,17.4,0.0
2026-04-08 16:00:00,97.8,36.9,390.0,7.9,23.3,171.0,150,29.1,55,20.1,0.0
2026-04-08 17:00:00,80.6,32.1,419.0,9.8,18.6,139.0,159,28.0,64,20.7,0.0
2026-04-08 18:00:00,72.4,30.7,498.0,16.7,17.0,122.0,161,27.1,69,19.3,0.0
2026-04-08 19:00:00,57.0,30.3,606.0,26.2,14.9,98.0,157,26.0,80,17.1,0.0
2026-04-08 20:00:00,56.1,31.3,687.0,33.3,13.2,80.0,145,25.4,82,14.2,0.0
2026-04-08 21:00:00,55.9,32.1,712.0,35.8,12.6,74.0,122,25.1,85,11.0,0.0
2026-04-08 22:00:00,56.0,33.4,709.0,35.9,12.6,73.0,96,24.7,88,8.7,0.0
2026-04-08 23:00:00,56.9,34.9,704.0,35.2,12.5,73.0,87,24.8,89,4.7,0.0
2026-04-09 00:00:00,57.5,36.0,707.0,34.1,11.9,71.0,88,24.6,89,4.7,0.0
2026-04-09 01:00:00,63.3,39.0,708.0,32.2,11.3,70.0,89,24.3,90,4.1,0.0
2026-04-09 02:00:00,66.1,41.4,702.0,30.3,11.2,68.0,91,24.1,92,4.4,0.0
2026-04-09 03:00:00,65.2,40.5,667.0,27.7,11.7,65.0,93,24.1,91,3.6,0.0
2026-04-09 04:00:00,66.1,39.9,625.0,25.0,12.7,61.0,94,24.0,90,2.6,0.0
2026-04-09 05:00:00,71.9,43.3,640.0,22.8,12.4,66.0,96,23.6,92,2.3,0.0
2026-04-09 06:00:00,81.0,50.1,773.0,27.2,14.1,66.0,98,23.3,93,1.9,0.0
2026-04-09 07:00:00,90.8,58.9,962.0,32.9,16.7,68.0,100,23.0,95,2.1,0.0
2026-04-09 08:00:00,78.2,45.6,1084.0,35.0,20.4,79.0,104,23.8,94,1.8,0.0
2026-04-09 09:00:00,92.4,43.5,1087.0,30.1,26.7,108.0,106,25.4,79,1.1,0.0
2026-04-09 10:00:00,112.2,44.9,1024.0,21.6,34.0,146.0,108,27.2,65,1.1,0.0
2026-04-09 11:00:00,124.3,47.1,926.0,14.3,37.9,176.0,109,28.8,58,2.2,0.0
2026-04-09 12:00:00,122.5,46.9,780.0,9.8,35.7,191.0,111,29.5,57,6.5,0.0
2026-04-09 13:00:00,109.4,43.4,600.0,6.6,30.1,198.0,111,29.1,63,12.1,0.0
2026-04-09 14:00:00,96.2,40.0,462.0,5.1,25.0,196.0,112,28.6,62,15.8,0.0
2026-04-09 15:00:00,87.3,37.5,399.0,5.5,21.8,183.0,114,28.9,60,17.4,0.0
2026-04-09 16:00:00,82.0,35.0,378.0,7.6,19.0,160.0,138,28.2,65,19.6,0.0
2026-04-09 17:00:00,75.2,31.9,379.0,10.8,15.0,134.0,154,28.1,67,18.2,0.0
2026-04-09 18:00:00,74.3,32.7,400.0,15.2,14.3,122.0,158,27.2,69,17.3,0.0
2026-04-09 19:00:00,68.0,33.1,444.0,21.3,13.4,104.0,154,26.4,74,13.0,0.0
2026-04-09 20:00:00,73.6,34.1,498.0,26.3,12.9,89.0,140,25.9,79,9.0,0.0
2026-04-09 21:00:00,68.9,35.4,572.0,29.5,13.2,79.0,119,25.5,82,7.6,0.0
2026-04-09 22:00:00,65.2,36.0,658.0,31.6,13.9,71.0,112,25.2,84,5.4,0.0
2026-04-09 23:00:00,63.3,35.7,714.0,32.1,14.3,66.0,112,25.3,86,3.8,0.0
2026-04-10 00:00:00,62.2,35.0,731.0,30.1,14.1,63.0,112,25.1,87,4.6,0.0
2026-04-10 01:00:00,60.5,34.3,720.0,26.4,13.5,62.0,112,24.9,88,3.2,0.0
2026-04-10 02:00:00,58.8,33.3,669.0,23.1,13.2,62.0,112,24.6,89,4.5,0.0
2026-04-10 03:00:00,59.1,32.2,507.0,20.0,13.1,62.0,111,24.5,89,2.5,0.0
2026-04-10 04:00:00,60.1,31.4,306.0,17.3,13.2,61.0,110,24.2,90,2.8,0.0
2026-04-10 05:00:00,61.9,31.7,269.0,19.7,14.1,58.0,109,24.1,89,2.5,0.0
2026-04-10 06:00:00,65.4,31.2,579.0,26.4,14.5,55.0,108,23.9,89,2.9,0.0
2026-04-10 07:00:00,69.6,34.2,1054.0,35.1,15.3,52.0,106,24.0,87,2.9,0.0
2026-04-10 08:00:00,72.6,38.3,1344.0,38.5,18.1,61.0,104,25.3,79,2.4,0.0
2026-04-10 09:00:00,86.6,35.2,1269.0,31.3,25.3,92.0,103,27.4,63,3.5,0.0
2026-04-10 10:00:00,81.3,32.2,1010.0,18.8,34.5,135.0,102,29.0,55,4.7,0.0
2026-04-10 11:00:00,78.7,31.5,764.0,9.0,39.3,168.0,101,30.5,50,5.2,0.0
2026-04-10 12:00:00,69.6,28.6,580.0,5.1,35.8,183.0,99,30.3,55,9.6,0.0
2026-04-10 13:00:00,61.9,27.3,409.0,3.9,27.9,187.0,98,30.2,56,12.3,0.0
2026-04-10 14:00:00,57.3,26.5,296.0,4.0,21.4,184.0,96,30.2,55,14.4,0.0
2026-04-10 15:00:00,53.0,25.2,274.0,4.8,18.3,172.0,95,29.8,58,17.9,0.0
2026-04-10 16:00:00,50.6,24.1,310.0,6.8,16.6,153.0,118,29.3,59,20.0,0.0
2026-04-10 17:00:00,63.6,29.3,347.0,10.6,16.9,150.0,138,29.0,61,21.3,0.0
2026-04-10 18:00:00,59.0,29.3,374.0,16.3,15.3,130.0,150,27.6,72,20.9,0.0
2026-04-10 19:00:00,55.2,30.0,403.0,24.2,13.1,101.0,149,26.5,75,17.7,0.0
2026-04-10 20:00:00,56.7,30.4,415.0,29.9,11.6,79.0,135,26.0,77,13.8,0.0
2026-04-10 21:00:00,59.6,30.7,399.0,31.8,11.4,68.0,112,25.6,79,11.4,0.0
2026-04-10 22:00:00,63.1,31.7,366.0,31.6,11.9,64.0,91,25.2,82,8.7,0.0
2026-04-10 23:00:00,63.6,32.6,332.0,29.5,12.0,63.0,91,25.2,82,9.3,0.0
2026-04-11 00:00:00,60.8,31.3,301.0,24.6,11.2,66.0,91,24.8,85,10.6,0.0
2026-04-11 01:00:00,56.9,28.8,269.0,17.9,9.9,72.0,90,24.5,88,11.8,0.0
2026-04-11 02:00:00,52.5,26.7,243.0,12.5,8.9,78.0,90,24.5,86,6.8,0.0
2026-04-11 03:00:00,49.9,25.2,215.0,9.5,8.2,82.0,89,24.5,83,7.9,0.0
2026-04-11 04:00:00,51.2,24.2,193.0,7.8,7.8,84.0,89,24.6,82,6.8,0.0
2026-04-11 05:00:00,53.0,24.2,209.0,8.4,7.9,83.0,88,24.4,85,5.6,0.0
2026-04-11 06:00:00,58.6,25.2,308.0,11.6,8.7,82.0,87,24.2,86,4.9,0.0
2026-04-11 07:00:00,66.8,28.7,446.0,15.8,10.0,82.0,87,24.2,87,5.2,0.0
2026-04-11 08:00:00,84.8,32.8,521.0,17.7,11.5,86.0,86,25.5,80,8.4,0.0
2026-04-11 09:00:00,107.3,37.1,471.0,15.0,13.7,99.0,86,27.1,74,12.5,0.0
2026-04-11 10:00:00,132.2,41.7,358.0,10.1,16.1,116.0,86,28.6,64,13.6,0.0
2026-04-11 11:00:00,155.5,46.1,272.0,6.2,17.8,129.0,87,29.6,64,14.5,0.0
2026-04-11 12:00:00,163.0,48.7,246.0,4.6,18.2,135.0,88,30.7,54,16.6,0.0
2026-04-11 13:00:00,164.4,50.1,246.0,4.1,17.8,137.0,90,31.0,55,19.9,0.0
2026-04-11 14:00:00,165.3,51.2,258.0,4.6,17.1,135.0,92,30.9,55,23.2,0.0
2026-04-11 15:00:00,165.8,52.6,272.0,5.7,16.3,127.0,94,30.6,55,25.7,0.0
2026-04-11 16:00:00,163.9,53.8,299.0,7.8,15.2,114.0,97,30.0,57,26.0,0.0
2026-04-11 17:00:00,130.4,43.4,354.0,12.2,14.7,104.0,99,29.9,61,23.4,0.0
2026-04-11 18:00:00,120.1,44.4,472.0,19.3,13.5,86.0,100,28.8,63,21.3,0.0
2026-04-11 19:00:00,108.5,45.1,619.0,28.9,11.7,62.0,102,27.8,66,17.3,0.0
2026-04-11 20:00:00,108.3,44.4,706.0,35.2,10.4,45.0,104,27.2,68,15.0,0.0
2026-04-11 21:00:00,105.7,43.2,687.0,35.5,9.9,42.0,105,26.9,70,14.1,0.0
2026-04-11 22:00:00,103.4,41.4,607.0,32.4,9.7,46.0,106,26.7,71,12.1,0.0
2026-04-11 23:00:00,99.0,39.6,516.0,28.4,9.4,51.0,107,26.5,70,8.7,0.0
2026-04-12 00:00:00,89.9,36.7,409.0,23.4,8.5,55.0,108,26.4,70,7.6,0.0
2026-04-12 01:00:00,79.4,33.3,290.0,17.6,7.4,59.0,109,26.1,71,4.7,0.0
2026-04-12 02:00:00,72.2,31.1,218.0,13.2,6.8,62.0,109,25.5,74,3.3,0.0
2026-04-12 03:00:00,71.2,30.5,196.0,10.5,6.6,61.0,110,25.2,75,2.2,0.0
2026-04-12 04:00:00,73.6,30.7,220.0,9.3,6.8,59.0,110,24.9,76,1.8,0.0
2026-04-12 05:00:00,76.6,31.1,338.0,11.9,8.0,53.0,111,24.4,79,2.3,0.0
2026-04-12 06:00:00,77.5,32.6,657.0,20.6,10.0,45.0,112,23.9,81,2.5,0.0
2026-04-12 07:00:00,85.0,39.3,1070.0,32.2,12.8,35.0,112,23.4,84,3.3,0.0
2026-04-12 08:00:00,82.7,43.0,1304.0,38.1,16.2,38.0,113,24.8,78,3.8,0.0
2026-04-12 09:00:00,116.9,43.4,1186.0,32.7,20.8,65.0,114,27.9,59,3.8,0.0
2026-04-12 10:00:00,168.1,46.6,889.0,21.6,25.8,105.0,115,31.2,42,3.8,0.0
2026-04-12 11:00:00,191.4,46.3,653.0,12.5,28.7,139.0,116,33.7,35,2.2,0.0
2026-04-12 12:00:00,187.7,43.9,576.0,8.0,27.5,162.0,116,35.4,31,5.7,0.0
2026-04-12 13:00:00,170.4,41.1,560.0,5.5,24.2,178.0,115,35.2,36,13.5,0.0
2026-04-12 14:00:00,157.4,39.9,550.0,4.8,21.6,186.0,114,34.6,40,15.9,0.0
2026-04-12 15:00:00,151.8,40.0,523.0,6.2,21.2,183.0,113,34.5,36,16.8,0.0
2026-04-12 16:00:00,153.2,42.8,502.0,9.4,21.6,172.0,112,33.6,37,18.5,0.0
2026-04-12 17:00:00,123.9,37.4,508.0,14.1,20.9,163.0,120,32.3,50,17.9,0.0
2026-04-12 18:00:00,115.9,38.5,574.0,19.1,18.5,139.0,140,30.6,57,17.6,0.0
2026-04-12 19:00:00,105.2,38.9,667.0,26.0,15.2,106.0,148,29.1,63,15.1,0.0
2026-04-12 20:00:00,101.3,35.2,704.0,30.2,12.6,80.0,141,28.0,69,13.8,0.0
2026-04-12 21:00:00,97.8,34.0,633.0,29.7,11.5,69.0,123,27.3,76,12.4,0.0
2026-04-12 22:00:00,98.3,34.1,506.0,26.6,11.1,66.0,107,26.9,77,9.7,0.0
2026-04-12 23:00:00,98.5,34.6,404.0,23.0,10.7,66.0,106,26.8,77,6.2,0.0
2026-04-13 00:00:00,99.0,34.5,361.0,19.3,9.9,68.0,106,26.5,78,7.1,0.0
2026-04-13 01:00:00,92.9,32.9,343.0,15.1,9.0,72.0,105,26.4,77,6.7,0.0
2026-04-13 02:00:00,76.6,29.5,321.0,11.8,8.3,75.0,105,26.4,75,6.2,0.0
2026-04-13 03:00:00,58.2,25.0,263.0,9.3,7.6,77.0,105,26.3,73,6.5,0.0
2026-04-13 04:00:00,46.4,21.8,201.0,7.6,7.1,78.0,105,25.9,76,4.7,0.0
2026-04-13 05:00:00,40.3,21.5,208.0,9.1,7.7,74.0,104,25.2,80,4.7,0.0
2026-04-13 06:00:00,38.6,21.6,365.0,13.9,8.9,71.0,103,25.0,84,5.6,0.0
2026-04-13 07:00:00,41.6,25.2,591.0,20.2,10.6,68.0,101,25.2,86,7.4,0.0
2026-04-13 08:00:00,49.5,27.5,713.0,23.2,12.1,71.0,100,26.6,81,12.0,0.0
2026-04-13 09:00:00,65.2,29.7,622.0,19.8,13.5,88.0,99,28.1,74,14.8,0.0
2026-04-13 10:00:00,95.7,34.2,426.0,13.1,14.8,111.0,97,29.4,66,19.2,0.0
2026-04-13 11:00:00,142.0,42.1,277.0,7.7,15.4,127.0,96,30.4,65,18.4,0.0
2026-04-13 12:00:00,163.9,47.8,239.0,5.4,14.7,130.0,96,31.1,60,21.4,0.0
2026-04-13 13:00:00,161.1,49.2,249.0,4.5,13.2,126.0,96,31.4,58,24.1,0.0
2026-04-13 14:00:00,150.9,47.6,265.0,4.5,11.9,120.0,97,31.8,53,26.6,0.0
2026-04-13 15:00:00,133.6,42.8,273.0,5.3,11.1,113.0,98,31.7,51,28.4,0.0
2026-04-13 16:00:00,115.3,37.6,287.0,7.0,10.4,104.0,98,31.1,51,29.9,0.0
2026-04-13 17:00:00,81.3,27.2,316.0,9.2,9.5,96.0,97,30.4,55,27.7,0.0
2026-04-13 18:00:00,71.0,27.2,373.0,12.5,9.2,89.0,97,29.2,59,25.0,0.0
2026-04-13 19:00:00,60.1,27.5,444.0,16.9,8.8,79.0,96,28.1,66,21.6,0.0
2026-04-13 20:00:00,54.2,25.0,492.0,19.3,8.4,73.0,95,27.3,72,19.3,0.0
2026-04-13 21:00:00,44.8,21.7,503.0,18.0,8.0,74.0,94,26.9,76,16.3,0.0
2026-04-13 22:00:00,39.5,18.5,491.0,14.8,7.6,79.0,93,26.7,78,13.8,0.0
2026-04-13 23:00:00,38.1,16.5,455.0,11.7,7.1,84.0,91,26.9,77,13.6,0.0
2026-04-14 00:00:00,34.8,15.1,379.0,9.2,6.4,87.0,90,26.7,77,12.6,0.0
2026-04-14 01:00:00,28.2,13.6,278.0,6.8,5.7,89.0,88,26.6,76,11.4,0.0
2026-04-14 02:00:00,23.9,12.4,205.0,5.2,5.3,90.0,86,26.4,79,9.6,0.0
2026-04-14 03:00:00,26.9,12.1,162.0,4.3,5.2,89.0,85,26.3,80,9.6,0.0
2026-04-14 04:00:00,28.8,12.2,145.0,4.3,5.4,87.0,83,26.2,81,10.9,0.0
2026-04-14 05:00:00,44.5,14.8,196.0,6.4,6.1,83.0,83,26.6,77,8.8,0.0
2026-04-14 06:00:00,43.9,16.0,391.0,10.9,6.8,78.0,82,26.4,78,8.8,0.0
2026-04-14 07:00:00,51.8,19.8,653.0,16.9,7.8,72.0,82,26.5,78,9.4,0.0
2026-04-14 08:00:00,74.0,25.7,795.0,20.1,9.3,73.0,81,27.3,76,11.9,0.0
2026-04-14 09:00:00,130.9,34.5,698.0,17.6,11.7,88.0,81,28.7,68,15.5,0.0
2026-04-14 10:00:00,191.4,44.9,481.0,12.2,14.6,110.0,81,30.0,63,16.9,0.0
2026-04-14 11:00:00,238.0,54.7,312.0,7.9,16.5,127.0,82,30.8,58,17.7,0.0
2026-04-14 12:00:00,258.0,60.5,260.0,5.9,16.6,134.0,83,31.2,58,19.9,0.0
2026-04-14 13:00:00,253.3,62.4,256.0,4.9,15.6,137.0,84,31.5,58,21.5,0.0
2026-04-14 14:00:00,240.3,61.9,268.0,5.0,14.4,135.0,86,31.6,55,22.8,0.0
2026-04-14 15:00:00,217.0,58.8,287.0,6.4,13.2,128.0,87,31.2,57,23.2,0.0
2026-04-14 16:00:00,178.3,51.9,321.0,8.9,11.7,117.0,88,30.6,58,22.5,0.0
2026-04-14 17:00:00,139.7,43.1,365.0,11.9,11.5,107.0,90,30.5,54,19.5,0.0
2026-04-14 18:00:00,97.1,33.9,430.0,16.1,10.7,98.0,91,29.5,53,18.1,0.0
2026-04-14 19:00:00,70.5,29.0,505.0,21.7,9.5,87.0,92,28.4,59,15.1,0.0
2026-04-14 20:00:00,58.6,25.6,551.0,25.1,8.7,79.0,92,27.5,65,12.3,0.0
2026-04-14 21:00:00,51.8,24.8,549.0,24.3,8.5,79.0,92,27.0,68,12.1,0.0
2026-04-14 22:00:00,50.6,25.3,518.0,21.3,8.6,84.0,92,26.4,73,10.3,0.0
2026-04-14 23:00:00,52.9,26.4,474.0,18.4,8.6,87.0,93,26.3,76,6.5,0.0
2026-04-15 00:00:00,55.3,27.2,413.0,16.2,8.2,88.0,94,25.8,80,6.5,0.0
2026-04-15 01:00:00,55.1,27.0,340.0,14.1,7.7,89.0,95,25.4,82,5.9,0.0
2026-04-15 02:00:00,51.6,25.9,284.0,12.6,7.4,88.0,96,25.1,85,5.4,0.0
2026-04-15 03:00:00,48.0,24.7,228.0,11.2,7.5,86.0,97,24.9,87,4.7,0.0
2026-04-15 04:00:00,45.1,23.7,189.0,10.3,7.9,82.0,98,24.7,88,2.9,0.0
2026-04-15 05:00:00,42.3,23.1,247.0,12.6,8.6,74.0,99,24.6,87,2.6,0.0
2026-04-15 06:00:00,46.7,25.4,518.0,21.3,10.4,66.0,100,24.3,88,2.3,0.0
2026-04-15 07:00:00,54.7,32.9,887.0,33.0,13.1,55.0,101,24.4,88,2.4,0.0
2026-04-15 08:00:00,56.1,33.4,1087.0,39.2,16.0,58.0,102,25.7,84,2.6,0.0
2026-04-15 09:00:00,72.2,32.4,950.0,34.8,19.6,85.0,103,27.5,73,5.9,0.0
2026-04-15 10:00:00,86.8,34.2,644.0,24.9,23.4,126.0,103,29.6,62,7.2,0.0
2026-04-15 11:00:00,101.3,37.8,404.0,16.5,25.7,159.0,102,31.1,59,8.4,0.0
2026-04-15 12:00:00,107.6,40.2,324.0,11.9,25.5,181.0,100,31.9,54,12.4,0.0
2026-04-15 13:00:00,103.1,39.5,309.0,8.8,23.7,196.0,98,32.0,53,14.9,0.0
2026-04-15 14:00:00,100.1,37.5,311.0,7.4,21.5,199.0,96,31.7,55,16.8,0.0
2026-04-15 15:00:00,97.8,35.2,320.0,7.9,18.7,182.0,94,31.3,55,18.7,0.0
2026-04-15 16:00:00,95.0,32.8,346.0,10.1,15.5,153.0,119,30.6,59,19.4,0.0
2026-04-15 17:00:00,91.7,30.4,370.0,12.8,13.1,128.0,139,29.9,68,17.8,0.0
2026-04-15 18:00:00,81.5,29.5,381.0,17.1,11.9,112.0,148,28.6,74,16.8,0.0
2026-04-15 19:00:00,63.3,27.9,390.0,23.0,10.2,91.0,145,27.8,77,14.4,0.0
2026-04-15 20:00:00,55.9,26.3,405.0,26.8,9.0,75.0,131,27.0,83,13.6,0.0
2026-04-15 21:00:00,47.3,23.8,449.0,26.6,9.0,71.0,108,26.5,85,12.1,0.0
2026-04-15 22:00:00,39.0,22.1,499.0,24.4,9.5,74.0,89,26.2,86,9.8,0.0
2026-04-15 23:00:00,33.4,20.8,503.0,21.8,9.8,77.0,88,26.4,80,8.2,0.0
2026-04-16 00:00:00,29.3,19.5,414.0,19.3,9.4,80.0,88,26.4,74,7.1,0.0
2026-04-16 01:00:00,25.1,17.7,279.0,16.5,8.6,83.0,87,26.4,72,6.2,0.0
2026-04-16 02:00:00,21.0,15.5,180.0,13.9,8.0,87.0,86,26.2,73,7.2,0.0
2026-04-16 03:00:00,17.5,13.3,143.0,11.1,7.4,93.0,85,26.0,74,9.8,0.0
2026-04-16 04:00:00,15.8,11.9,144.0,8.4,7.0,99.0,84,25.9,72,12.6,0.0
2026-04-16 05:00:00,16.6,11.4,189.0,7.5,7.0,103.0,83,25.8,71,12.6,0.0
2026-04-16 06:00:00,17.1,12.1,325.0,11.0,7.8,102.0,82,25.7,71,12.3,0.0
2026-04-16 07:00:00,20.2,15.0,507.0,15.7,9.0,100.0,81,25.7,72,12.2,0.0
2026-04-16 08:00:00,24.2,17.3,603.0,17.9,10.4,103.0,79,26.7,69,15.5,0.0
2026-04-16 09:00:00,25.5,17.3,530.0,15.2,12.2,114.0,78,27.8,61,19.8,0.0
2026-04-16 10:00:00,25.1,16.4,371.0,10.0,14.2,130.0,77,28.5,56,20.9,0.0
2026-04-16 11:00:00,24.5,15.7,251.0,6.0,15.5,141.0,75,29.0,63,21.5,0.0
2026-04-16 12:00:00,23.5,14.7,219.0,4.4,15.5,143.0,73,29.4,62,21.9,0.0
2026-04-16 13:00:00,23.8,14.6,226.0,4.0,14.9,140.0,71,29.9,52,22.9,0.0
2026-04-16 14:00:00,24.9,14.8,244.0,4.5,14.4,136.0,74,29.9,52,23.7,0.0
2026-04-16 15:00:00,27.3,15.5,265.0,5.3,14.4,133.0,81,29.7,54,23.3,0.0
2026-04-16 16:00:00,31.2,16.8,297.0,6.9,14.5,128.0,88,29.3,55,21.8,0.0
2026-04-16 17:00:00,43.3,21.0,336.0,10.6,14.8,121.0,93,28.8,65,17.9,0.0
2026-04-16 18:00:00,49.1,23.9,390.0,17.5,14.7,107.0,95,27.9,72,16.1,0.0
2026-04-16 19:00:00,49.2,26.5,450.0,27.1,14.6,87.0,90,27.1,79,14.5,0.0
2026-04-16 20:00:00,54.7,29.0,492.0,34.4,14.4,71.0,78,26.5,83,12.2,0.0
2026-04-16 21:00:00,57.3,30.3,505.0,38.0,14.4,63.0,63,26.1,84,10.2,0.0
2026-04-16 22:00:00,58.6,31.5,499.0,39.4,14.3,59.0,63,25.8,86,10.2,0.0
2026-04-16 23:00:00,59.6,32.0,479.0,38.1,13.8,59.0,64,26.0,87,11.2,0.0
2026-04-17 00:00:00,59.5,31.0,440.0,32.9,12.3,64.0,65,25.8,88,11.4,0.0
2026-04-17 01:00:00,57.9,28.8,387.0,25.0,10.3,73.0,66,25.6,89,11.3,0.0
2026-04-17 02:00:00,56.0,26.7,333.0,18.3,8.8,81.0,67,25.5,90,11.4,0.0
2026-04-17 03:00:00,54.2,24.7,268.0,13.6,8.0,88.0,68,25.3,90,10.7,0.0
2026-04-17 04:00:00,51.3,23.1,203.0,10.0,7.7,94.0,69,25.2,89,10.5,0.0
2026-04-17 05:00:00,43.9,21.3,188.0,8.2,7.6,100.0,70,25.5,87,10.9,0.0
2026-04-17 06:00:00,40.9,21.1,277.0,11.8,8.3,98.0,71,25.5,87,11.2,0.0
2026-04-17 07:00:00,39.6,22.8,417.0,16.6,9.4,97.0,71,25.7,87,11.2,0.0
2026-04-17 08:00:00,41.6,24.4,499.0,19.0,10.7,101.0,72,26.5,83,13.7,0.0
2026-04-17 09:00:00,41.8,24.6,461.0,16.5,12.6,116.0,73,27.5,76,16.3,0.0
2026-04-17 10:00:00,45.1,24.9,364.0,11.5,14.7,136.0,73,28.4,72,18.1,0.0
2026-04-17 11:00:00,49.2,24.2,287.0,7.6,16.1,150.0,74,29.8,64,18.2,0.0
2026-04-17 12:00:00,51.3,23.2,255.0,5.8,16.0,151.0,75,30.4,62,19.5,0.0
2026-04-17 13:00:00,51.7,22.2,243.0,5.0,15.2,146.0,76,30.8,61,19.8,0.0
2026-04-17 14:00:00,50.3,21.2,246.0,5.4,14.4,138.0,78,31.0,58,20.9,0.0
2026-04-17 15:00:00,50.1,20.5,263.0,6.5,14.0,129.0,87,31.0,53,21.4,0.0
2026-04-17 16:00:00,51.0,20.3,296.0,8.8,13.6,117.0,93,30.7,52,21.8,0.0
2026-04-17 17:00:00,47.1,19.0,345.0,13.6,13.0,103.0,97,30.1,56,19.0,0.0
2026-04-17 18:00:00,44.1,19.6,428.0,22.0,12.6,87.0,94,28.8,63,17.8,0.0
2026-04-17 19:00:00,40.6,21.5,527.0,33.5,12.0,65.0,84,27.9,66,15.1,0.0
2026-04-17 20:00:00,40.9,22.5,588.0,40.8,11.5,49.0,77,27.2,70,12.4,0.0
2026-04-17 21:00:00,40.3,22.4,586.0,40.4,11.2,46.0,76,26.7,73,10.3,0.0
2026-04-17 22:00:00,39.0,21.7,546.0,35.9,10.9,48.0,75,26.3,76,9.6,0.0
2026-04-17 23:00:00,37.7,20.9,493.0,31.0,10.5,52.0,74,26.4,77,9.0,0.0
2026-04-18 00:00:00,37.0,20.0,426.0,26.4,9.7,55.0,73,26.0,79,8.9,0.0
2026-04-18 01:00:00,36.7,18.9,346.0,21.3,8.7,59.0,72,25.8,80,7.9,0.0
2026-04-18 02:00:00,36.4,17.9,281.0,17.2,8.1,62.0,72,25.5,80,7.3,0.0
2026-04-18 03:00:00,35.9,17.0,228.0,14.5,7.9,63.0,71,25.4,81,6.8,0.0
2026-04-18 04:00:00,37.5,16.6,190.0,12.8,8.0,62.0,70,25.3,80,8.0,0.0
2026-04-18 05:00:00,36.8,14.9,205.0,11.1,7.8,67.0,70,24.9,81,7.2,0.0
2026-04-18 06:00:00,43.2,16.2,329.0,14.3,8.9,69.0,69,24.8,84,6.5,0.0
2026-04-18 07:00:00,53.4,20.4,506.0,18.6,10.5,72.0,69,24.8,85,5.9,0.0
2026-04-18 08:00:00,77.1,23.6,600.0,20.3,12.3,82.0,68,25.8,79,8.1,0.0
2026-04-18 09:00:00,121.5,29.2,525.0,17.1,14.6,103.0,68,26.7,74,12.4,0.0
2026-04-18 10:00:00,137.8,32.4,367.0,11.3,17.2,131.0,69,27.3,68,14.2,0.0
2026-04-18 11:00:00,134.6,32.4,248.0,6.8,18.9,151.0,69,28.7,62,16.8,0.0
2026-04-18 12:00:00,123.4,31.2,219.0,4.9,19.1,158.0,70,29.5,55,18.8,0.0
2026-04-18 13:00:00,109.0,29.3,229.0,4.3,18.4,157.0,71,29.9,53,20.1,0.0
2026-04-18 14:00:00,94.1,27.0,248.0,4.6,17.5,153.0,71,30.1,50,20.6,0.0
2026-04-18 15:00:00,78.5,24.2,269.0,5.3,16.7,147.0,81,29.7,53,21.2,0.0
2026-04-18 16:00:00,66.4,22.4,299.0,7.0,15.7,138.0,97,28.8,59,20.8,0.0
2026-04-18 17:00:00,55.1,20.1,326.0,9.7,15.1,129.0,109,28.1,59,18.1,0.0
2026-04-18 18:00:00,55.1,20.7,338.0,15.4,14.5,116.0,114,27.5,60,17.7,0.0
2026-04-18 19:00:00,55.6,23.7,348.0,23.3,13.7,97.0,111,26.6,67,16.6,0.0
2026-04-18 20:00:00,64.5,27.4,377.0,30.0,13.1,81.0,99,26.1,71,14.1,0.0
2026-04-18 21:00:00,67.8,29.6,458.0,35.1,13.2,70.0,83,25.7,75,11.4,0.0
2026-04-18 22:00:00,68.5,31.7,559.0,39.1,13.7,62.0,74,25.4,79,9.7,0.0
2026-04-18 23:00:00,68.5,32.4,610.0,39.7,13.5,58.0,75,25.9,78,8.3,0.0
2026-04-19 00:00:00,65.7,30.5,568.0,34.6,12.1,61.0,76,25.5,79,8.4,0.0
2026-04-19 01:00:00,60.1,27.2,476.0,26.1,10.2,69.0,77,25.3,80,8.6,0.0
2026-04-19 02:00:00,53.6,24.0,391.0,19.0,8.7,75.0,77,25.1,80,8.2,0.0
2026-04-19 03:00:00,48.1,21.5,313.0,14.9,8.1,77.0,78,25.0,81,7.7,0.0
2026-04-19 04:00:00,45.2,19.9,242.0,12.2,7.9,78.0,78,24.7,85,9.1,0.0
2026-04-19 05:00:00,36.7,18.8,230.0,11.2,8.4,79.0,79,24.6,86,9.7,0.0
2026-04-19 06:00:00,36.4,19.2,343.0,13.7,9.6,81.0,79,24.7,84,10.5,0.0
2026-04-19 07:00:00,38.2,21.9,517.0,16.9,11.4,84.0,79,24.9,83,11.7,0.0
2026-04-19 08:00:00,40.5,21.9,609.0,18.1,13.4,92.0,79,25.6,78,15.2,0.0
2026-04-19 09:00:00,39.2,21.5,533.0,15.2,16.1,111.0,79,26.4,75,16.0,0.0
2026-04-19 10:00:00,37.5,21.7,376.0,10.2,19.1,136.0,79,27.2,73,16.8,0.0
2026-04-19 11:00:00,36.7,21.8,259.0,6.3,20.9,154.0,78,28.2,71,15.8,0.0
2026-04-19 12:00:00,36.3,21.2,231.0,4.7,20.7,160.0,77,28.7,68,17.6,0.0
2026-04-19 13:00:00,37.3,20.8,242.0,4.1,19.4,159.0,76,29.3,63,19.9,0.0
2026-04-19 14:00:00,38.5,20.3,263.0,4.5,18.2,155.0,75,29.2,69,21.8,0.0
2026-04-19 15:00:00,40.2,19.8,288.0,5.7,17.5,149.0,90,29.2,65,23.3,0.0
2026-04-19 16:00:00,41.8,19.8,324.0,7.9,17.0,140.0,104,29.1,64,23.1,0.0
2026-04-19 17:00:00,25.0,12.4,360.0,10.4,14.8,129.0,114,28.8,70,20.6,0.0
2026-04-19 18:00:00,23.1,13.2,392.0,15.0,14.0,118.0,118,28.0,74,17.4,0.0
2026-04-19 19:00:00,20.9,14.6,425.0,21.5,12.8,102.0,114,27.3,75,14.5,0.0
2026-04-19 20:00:00,21.1,16.1,459.0,27.3,12.2,88.0,103,26.8,77,11.6,0.0
2026-04-19 21:00:00,22.2,17.6,515.0,32.3,12.7,77.0,88,26.4,80,11.2,0.0
2026-04-19 22:00:00,24.2,19.7,573.0,36.5,13.7,68.0,70,26.1,83,9.9,0.0
2026-04-19 23:00:00,26.3,21.8,577.0,37.5,14.1,64.0,69,26.5,80,9.3,0.0
2026-04-20 00:00:00,26.5,21.8,478.0,33.2,13.1,66.0,68,26.1,83,9.4,0.0
2026-04-20 01:00:00,25.4,20.0,326.0,25.7,11.4,73.0,67,25.8,86,9.3,0.0
2026-04-20 02:00:00,25.9,18.4,215.0,19.1,10.0,79.0,66,25.6,87,9.0,0.0
2026-04-20 03:00:00,28.5,17.3,182.0,14.3,8.9,83.0,66,25.5,86,7.9,0.0
2026-04-20 04:00:00,32.8,16.8,190.0,10.5,8.1,86.0,65,25.2,89,8.0,0.0
2026-04-20 05:00:00,31.5,16.2,220.0,8.5,7.9,89.0,65,25.3,86,5.9,0.0
2026-04-20 06:00:00,32.6,16.9,285.0,11.6,8.7,87.0,65,25.1,86,6.5,0.0
2026-04-20 07:00:00,36.7,20.0,371.0,15.8,10.0,86.0,65,25.2,86,7.3,0.0
2026-04-20 08:00:00,48.3,22.3,421.0,17.6,11.8,90.0,65,26.1,82,10.1,0.0
2026-04-20 09:00:00,57.6,23.7,399.0,14.9,14.8,106.0,65,27.0,79,12.7,0.0
2026-04-20 10:00:00,67.5,25.7,341.0,9.9,18.4,128.0,65,27.9,75,14.9,0.0
2026-04-20 11:00:00,77.3,28.3,294.0,6.0,20.9,145.0,65,28.9,73,14.9,0.0
2026-04-20 12:00:00,81.5,30.3,273.0,4.6,21.7,155.0,66,29.3,71,17.6,0.0
2026-04-20 13:00:00,79.9,30.5,262.0,4.4,21.5,161.0,66,29.6,69,19.3,0.0
2026-04-20 14:00:00,76.1,29.6,263.0,4.9,20.6,160.0,70,29.8,65,21.9,0.0
2026-04-20 15:00:00,67.5,27.6,280.0,5.9,18.6,150.0,86,29.8,61,23.3,0.0
2026-04-20 16:00:00,59.4,25.7,308.0,7.6,16.0,135.0,99,29.3,64,24.0,0.0
2026-04-20 17:00:00,44.7,21.2,335.0,11.3,14.8,120.0,109,28.6,76,22.5,0.0
2026-04-20 18:00:00,39.2,20.1,359.0,16.2,13.9,104.0,112,27.7,78,21.3,0.0
2026-04-20 19:00:00,34.7,20.1,382.0,23.0,12.6,83.0,107,27.0,80,17.6,0.0
2026-04-20 20:00:00,34.5,21.4,399.0,27.8,11.7,66.0,94,26.6,83,17.0,0.0
2026-04-20 21:00:00,34.7,21.8,413.0,28.8,11.5,60.0,75,26.3,84,15.0,0.0
2026-04-20 22:00:00,34.7,21.5,422.0,27.8,11.6,59.0,72,26.1,85,12.3,0.0
2026-04-20 23:00:00,34.5,21.7,415.0,26.2,11.5,58.0,72,26.2,85,11.6,0.0
2026-04-21 00:00:00,34.0,21.6,382.0,24.3,10.7,56.0,72,26.1,85,10.1,0.0
2026-04-21 01:00:00,32.9,21.0,333.0,21.8,9.6,55.0,72,25.8,86,9.7,0.0
2026-04-21 02:00:00,31.3,19.9,289.0,19.3,8.8,55.0,72,25.7,87,9.6,0.0
2026-04-21 03:00:00,29.2,18.5,248.0,16.7,8.4,56.0,72,25.6,86,10.6,0.0
2026-04-21 04:00:00,29.1,17.6,212.0,14.1,8.3,57.0,73,25.4,87,10.2,0.0
2026-04-21 05:00:00,33.2,17.1,204.0,11.1,8.1,62.0,73,25.2,89,8.9,0.0
2026-04-21 06:00:00,36.0,17.6,253.0,13.5,8.9,62.0,73,25.2,86,8.3,0.0
2026-04-21 07:00:00,40.5,20.1,331.0,16.7,10.1,62.0,73,25.3,85,8.2,0.0
2026-04-21 08:00:00,50.9,21.5,374.0,17.8,11.7,68.0,73,26.2,81,12.1,0.0
2026-04-21 09:00:00,61.9,22.3,344.0,15.0,14.1,84.0,73,26.8,80,15.0,0.0
2026-04-21 10:00:00,66.1,23.3,280.0,10.2,16.9,105.0,73,27.6,76,17.5,0.0
2026-04-21 11:00:00,69.8,24.3,232.0,6.4,18.5,120.0,72,28.5,73,18.4,0.0
2026-04-21 12:00:00,69.4,24.1,221.0,4.6,17.7,123.0,72,28.9,71,20.1,0.0
2026-04-21 13:00:00,68.7,23.1,228.0,3.8,15.7,119.0,71,29.1,70,22.1,0.0
2026-04-21 14:00:00,68.5,22.2,241.0,3.9,14.1,113.0,71,29.2,66,23.5,0.0
2026-04-21 15:00:00,67.1,21.9,262.0,4.5,13.5,105.0,70,29.1,67,24.1,0.0
2026-04-21 16:00:00,64.0,21.6,289.0,5.9,13.3,95.0,70,28.4,73,23.7,0.0
2026-04-21 17:00:00,61.2,22.0,313.0,9.2,13.7,86.0,69,28.5,74,23.9,0.0
2026-04-21 18:00:00,54.9,21.1,323.0,14.5,13.2,74.0,69,28.0,70,23.0,0.0
2026-04-21 19:00:00,44.1,20.4,329.0,21.7,12.6,57.0,69,27.3,75,19.8,0.0
2026-04-21 20:00:00,40.3,21.1,349.0,27.1,12.1,44.0,69,26.8,78,15.6,0.0
2026-04-21 21:00:00,39.1,21.1,411.0,29.2,12.0,39.0,69,26.6,80,13.9,0.0
2026-04-21 22:00:00,38.5,21.3,487.0,29.4,12.2,37.0,69,26.4,83,12.6,0.0
2026-04-21 23:00:00,37.8,21.7,515.0,28.3,11.9,37.0,69,26.6,83,10.1,0.0
2026-04-22 00:00:00,36.6,21.2,448.0,25.5,10.9,38.0,69,26.4,85,11.0,0.0
2026-04-22 01:00:00,35.2,20.1,332.0,21.5,9.6,41.0,69,26.2,86,11.2,0.0
2026-04-22 02:00:00,32.9,18.6,242.0,18.0,8.5,43.0,69,26.0,87,11.6,0.0
2026-04-22 03:00:00,31.3,17.5,204.0,15.5,7.8,43.0,69,25.9,87,12.3,0.0
2026-04-22 04:00:00,29.9,16.6,191.0,13.5,7.4,43.0,69,25.8,87,12.0,0.0
2026-04-22 05:00:00,27.1,14.7,199.0,9.8,7.2,49.0,69,25.7,86,13.3,0.0
2026-04-22 06:00:00,27.1,14.8,241.0,10.5,8.6,51.0,69,25.7,87,13.5,0.0
2026-04-22 07:00:00,29.0,16.4,303.0,11.4,10.5,54.0,68,25.9,84,15.5,0.0
2026-04-22 08:00:00,31.4,15.9,337.0,11.3,12.2,59.0,68,26.6,78,18.8,0.0
2026-04-22 09:00:00,31.9,15.6,314.0,9.4,13.4,70.0,68,27.1,77,19.5,0.0
2026-04-22 10:00:00,32.9,16.0,263.0,6.6,14.3,83.0,67,27.8,74,20.2,0.0
2026-04-22 11:00:00,33.8,16.4,225.0,4.5,14.7,93.0,66,29.0,69,19.8,0.0
2026-04-22 12:00:00,34.7,16.4,215.0,3.6,14.2,97.0,66,29.5,67,21.4,0.0
2026-04-22 13:00:00,34.8,16.1,218.0,3.3,13.2,97.0,65,29.7,68,22.5,0.0
2026-04-22 14:00:00,34.5,15.9,226.0,3.6,12.3,94.0,64,29.6,69,23.7,0.0
2026-04-22 15:00:00,34.1,15.7,239.0,4.2,11.8,89.0,64,29.5,65,24.5,0.0
2026-04-22 16:00:00,33.1,15.5,258.0,5.4,11.4,81.0,63,29.4,67,24.9,0.0
2026-04-22 17:00:00,20.8,11.7,274.0,8.2,11.4,74.0,63,28.7,77,22.3,0.0
2026-04-22 18:00:00,20.9,12.0,286.0,13.0,11.4,65.0,62,27.9,81,19.8,0.0
2026-04-22 19:00:00,20.4,13.1,295.0,19.6,11.4,53.0,61,27.4,84,17.7,0.0
2026-04-22 20:00:00,21.7,14.3,297.0,23.5,11.2,45.0,60,27.1,85,15.1,0.0
2026-04-22 21:00:00,21.6,14.1,290.0,22.4,10.9,45.0,60,27.0,85,15.5,0.0
2026-04-22 22:00:00,20.5,13.6,275.0,18.7,10.5,49.0,59,26.7,89,13.2,0.0
2026-04-22 23:00:00,19.6,13.2,255.0,15.2,9.9,52.0,59,27.0,89,13.4,0.0
2026-04-23 00:00:00,18.9,12.8,224.0,12.8,9.1,54.0,58,26.4,89,8.9,0.0
2026-04-23 01:00:00,18.6,12.4,186.0,10.7,8.2,55.0,57,26.1,90,10.0,0.0
2026-04-23 02:00:00,18.7,12.2,160.0,9.1,7.5,56.0,56,25.9,91,10.6,0.0
2026-04-23 03:00:00,18.7,12.1,149.0,8.3,7.2,55.0,56,25.7,93,10.5,0.0
2026-04-23 04:00:00,18.8,12.0,149.0,8.0,7.3,54.0,55,25.5,93,9.8,0.0
2026-04-23 05:00:00,19.4,12.1,165.0,7.6,7.6,56.0,55,25.5,95,11.2,0.0
2026-04-23 06:00:00,20.3,12.6,214.0,9.3,8.4,55.0,55,25.5,94,12.6,0.0
2026-04-23 07:00:00,23.0,14.8,280.0,11.4,9.7,55.0,54,26.0,90,14.6,0.0
2026-04-23 08:00:00,27.1,16.1,319.0,12.3,10.9,59.0,54,27.2,82,14.6,0.0
2026-04-23 09:00:00,29.9,16.9,304.0,10.6,12.2,70.0,54,28.3,75,14.1,0.0
2026-04-23 10:00:00,32.5,17.6,262.0,7.5,13.6,85.0,54,29.5,71,13.4,0.0
2026-04-23 11:00:00,35.5,18.2,229.0,5.1,14.4,97.0,55,30.0,66,14.5,0.0
2026-04-23 12:00:00,37.4,18.3,218.0,4.0,14.2,102.0,55,30.9,62,15.8,0.0
2026-04-23 13:00:00,39.3,18.3,216.0,3.7,13.4,104.0,55,31.5,57,16.1,0.0
2026-04-23 14:00:00,40.5,18.3,222.0,4.0,12.7,102.0,55,31.5,58,16.4,0.0
2026-04-23 15:00:00,41.0,18.2,237.0,4.9,12.3,97.0,55,31.2,60,15.9,0.0
2026-04-23 16:00:00,39.0,18.0,260.0,6.5,12.1,89.0,56,31.0,61,14.0,0.0
2026-04-23 17:00:00,22.6,12.5,289.0,9.6,12.9,80.0,56,29.8,67,12.1,0.0
2026-04-23 18:00:00,22.6,13.9,327.0,15.5,13.1,68.0,56,29.0,71,7.3,0.0
2026-04-23 19:00:00,21.9,15.4,371.0,23.5,13.3,51.0,56,28.0,76,8.7,0.0
2026-04-23 20:00:00,22.5,16.5,411.0,28.9,13.3,39.0,56,27.2,82,10.7,0.0
2026-04-23 21:00:00,23.1,16.8,456.0,29.6,13.0,35.0,56,26.8,86,10.8,0.0
2026-04-23 22:00:00,24.6,17.2,498.0,27.7,12.5,36.0,57,26.5,87,6.8,0.0
2026-04-23 23:00:00,25.9,17.8,500.0,25.2,11.9,38.0,57,26.5,89,6.5,0.0
2026-04-24 00:00:00,26.8,18.0,428.0,22.6,11.1,39.0,57,26.4,90,6.0,0.0
2026-04-24 01:00:00,27.1,17.5,315.0,19.4,10.2,41.0,58,26.1,92,6.9,0.0
2026-04-24 02:00:00,26.5,16.5,229.0,16.4,9.3,43.0,58,26.1,92,8.0,0.0
2026-04-24 03:00:00,25.6,15.1,192.0,13.3,8.3,46.0,59,25.9,93,7.1,0.0
2026-04-24 04:00:00,25.4,14.3,182.0,10.4,7.5,49.0,59,25.7,94,6.4,0.0
2026-04-24 05:00:00,28.2,14.4,192.0,9.6,7.4,50.0,59,25.6,97,7.1,0.0
2026-04-24 06:00:00,28.6,15.1,237.0,10.7,8.9,50.0,59,25.8,96,7.7,0.0
2026-04-24 07:00:00,32.8,17.1,304.0,12.2,11.0,52.0,60,26.1,93,8.5,0.0
2026-04-24 08:00:00,36.4,17.5,342.0,12.6,12.9,57.0,60,27.5,83,11.7,0.0
2026-04-24 09:00:00,38.2,18.5,324.0,11.0,14.7,70.0,60,29.0,76,10.9,0.0
2026-04-24 10:00:00,40.7,19.6,278.0,8.3,16.3,88.0,60,30.1,72,11.7,0.0
2026-04-24 11:00:00,44.9,21.0,243.0,6.2,17.2,101.0,60,30.2,69,14.0,0.0
2026-04-24 12:00:00,47.4,21.5,232.0,5.0,16.9,108.0,60,31.0,64,14.4,0.0
2026-04-24 13:00:00,48.1,21.1,232.0,4.3,15.8,110.0,61,31.2,63,14.5,0.0
2026-04-24 14:00:00,44.9,20.1,239.0,4.3,14.8,109.0,61,31.0,64,15.5,0.0
2026-04-24 15:00:00,43.1,19.2,250.0,4.8,14.0,102.0,61,30.6,68,16.5,0.0
2026-04-24 16:00:00,39.5,18.2,268.0,6.1,13.3,91.0,61,30.3,67,14.7,0.0
2026-04-24 17:00:00,31.3,15.7,294.0,9.4,13.4,80.0,61,29.7,70,13.1,0.0
2026-04-24 18:00:00,28.8,15.7,338.0,16.2,13.4,67.0,62,28.8,75,11.3,0.0
2026-04-24 19:00:00,26.3,16.2,390.0,25.7,13.4,49.0,62,27.7,83,8.7,0.0
2026-04-24 20:00:00,26.7,18.7,419.0,33.0,13.5,35.0,62,27.1,88,7.9,0.0
2026-04-24 21:00:00,27.5,19.7,410.0,36.6,13.8,29.0,62,26.9,89,6.8,0.0
2026-04-24 22:00:00,28.6,20.7,379.0,38.1,14.1,26.0,62,26.6,90,5.8,0.0
2026-04-24 23:00:00,29.6,21.6,343.0,37.7,14.1,26.0,63,26.5,92,7.6,0.0
2026-04-25 00:00:00,30.2,21.8,302.0,34.8,13.5,28.0,63,26.5,91,6.9,0.0
2026-04-25 01:00:00,30.4,20.8,255.0,30.0,12.5,31.0,63,26.2,92,5.4,0.0
2026-04-25 02:00:00,30.7,19.6,221.0,25.3,11.6,35.0,63,25.8,95,8.0,0.0
2026-04-25 03:00:00,30.9,18.2,200.0,20.8,10.7,39.0,64,25.4,97,7.5,0.0
2026-04-25 04:00:00,31.7,17.0,191.0,16.4,9.8,42.0,64,25.1,98,6.8,0.0
2026-04-25 05:00:00,25.8,13.6,209.0,10.8,8.5,49.0,64,25.1,99,6.9,0.0
2026-04-25 06:00:00,28.1,14.4,283.0,14.2,9.6,47.0,64,25.0,99,6.5,0.0
2026-04-25 07:00:00,32.1,18.2,384.0,18.7,11.2,46.0,64,25.3,96,6.5,0.0
2026-04-25 08:00:00,40.2,20.2,444.0,21.0,13.3,52.0,64,27.0,84,6.0,0.0
2026-04-25 09:00:00,51.8,23.1,424.0,18.9,16.4,73.0,64,28.8,76,6.4,0.0
2026-04-25 10:00:00,65.2,26.5,364.0,14.5,19.9,103.0,65,30.2,70,8.8,0.0
2026-04-25 11:00:00,73.3,28.9,312.0,10.7,21.8,125.0,65,31.4,65,10.5,0.0
2026-04-25 12:00:00,77.1,29.6,284.0,8.1,20.9,135.0,66,32.3,59,12.2,0.0
2026-04-25 13:00:00,74.0,28.4,265.0,6.1,18.4,138.0,67,33.0,56,12.6,0.0
2026-04-25 14:00:00,72.4,27.4,260.0,5.4,16.3,136.0,68,33.0,56,13.3,0.0
2026-04-25 15:00:00,71.0,26.9,272.0,6.3,15.3,129.0,68,32.8,56,13.9,0.0
2026-04-25 16:00:00,68.9,26.6,298.0,8.5,14.7,118.0,69,32.0,59,13.5,0.0
2026-04-25 17:00:00,53.6,20.9,332.0,12.6,13.9,106.0,70,30.5,64,11.7,0.0
2026-04-25 18:00:00,47.4,21.4,379.0,18.2,13.0,92.0,77,29.6,68,10.7,0.0
2026-04-25 19:00:00,43.5,22.1,435.0,25.8,11.8,72.0,75,28.4,75,9.7,0.0
2026-04-25 20:00:00,45.6,22.4,482.0,30.8,10.9,57.0,71,27.9,77,8.9,0.0
2026-04-25 21:00:00,44.2,22.1,525.0,30.8,10.5,53.0,71,27.6,78,8.0,0.0
2026-04-25 22:00:00,42.6,21.7,561.0,28.2,10.4,54.0,72,27.3,79,7.6,0.0
2026-04-25 23:00:00,41.2,21.3,557.0,25.2,10.1,56.0,72,27.2,82,8.0,0.0
2026-04-26 00:00:00,40.7,20.8,484.0,22.4,9.5,56.0,72,27.1,81,7.7,0.0
2026-04-26 01:00:00,40.0,20.0,373.0,19.2,8.7,56.0,72,26.9,81,6.2,0.0
2026-04-26 02:00:00,39.8,19.0,283.0,16.3,8.2,57.0,72,26.6,81,6.4,0.0
2026-04-26 03:00:00,40.6,18.2,226.0,13.4,7.9,59.0,72,26.4,81,6.9,0.0
2026-04-26 04:00:00,40.7,17.5,191.0,10.8,7.7,61.0,72,26.1,82,7.6,0.0
2026-04-26 05:00:00,38.9,17.1,208.0,10.7,8.1,61.0,72,26.0,86,8.6,0.0
2026-04-26 06:00:00,38.5,17.4,332.0,15.3,9.1,58.0,72,26.1,86,9.4,0.0
2026-04-26 07:00:00,39.5,19.9,508.0,21.5,10.6,55.0,72,26.5,84,8.3,0.0
2026-04-26 08:00:00,43.4,22.9,603.0,24.6,12.1,59.0,72,28.5,75,8.1,0.0
2026-04-26 09:00:00,48.3,24.1,532.0,21.6,13.8,79.0,73,30.9,63,11.0,0.0
2026-04-26 10:00:00,50.1,24.6,380.0,15.5,15.5,106.0,73,32.7,53,13.0,0.0
2026-04-26 11:00:00,54.2,25.3,265.0,10.4,16.4,126.0,72,33.5,51,13.7,0.0
2026-04-26 12:00:00,62.4,26.0,235.0,7.7,16.1,133.0,72,34.3,47,14.8,0.0
2026-04-26 13:00:00,66.4,26.4,241.0,6.1,15.0,132.0,72,35.0,43,15.3,0.0
2026-04-26 14:00:00,67.8,26.1,258.0,5.7,13.9,128.0,72,35.2,41,15.5,0.0
2026-04-26 15:00:00,65.7,25.4,275.0,6.6,12.8,120.0,72,35.2,39,15.5,0.0
2026-04-26 16:00:00,61.9,24.6,303.0,8.6,11.7,108.0,71,34.7,39,14.6,0.0
2026-04-26 17:00:00,41.0,18.4,343.0,13.1,11.6,95.0,71,33.5,43,12.8,0.0
2026-04-26 18:00:00,37.5,18.9,413.0,19.3,11.4,82.0,71,32.0,48,11.9,0.0
2026-04-26 19:00:00,34.6,19.7,495.0,27.7,11.1,64.0,71,30.1,60,11.1,0.0
2026-04-26 20:00:00,33.3,19.8,546.0,33.4,10.8,51.0,71,29.1,65,9.9,0.0
2026-04-26 21:00:00,31.8,19.4,542.0,33.9,10.7,46.0,70,28.6,69,8.8,0.0
2026-04-26 22:00:00,29.9,18.6,505.0,31.7,10.8,46.0,70,28.2,72,7.8,0.0
2026-04-26 23:00:00,28.9,18.0,461.0,28.8,10.5,47.0,70,28.0,74,8.0,0.0
2026-04-27 00:00:00,28.6,17.4,412.0,25.5,9.7,48.0,70,27.8,76,7.7,0.0
2026-04-27 01:00:00,28.5,16.6,355.0,21.6,8.7,49.0,69,27.1,80,6.6,0.0
2026-04-27 02:00:00,28.8,16.0,306.0,18.2,7.9,51.0,69,26.8,83,7.3,0.0
2026-04-27 03:00:00,29.0,15.4,256.0,15.4,7.6,52.0,69,26.5,85,7.6,0.0
2026-04-27 04:00:00,29.2,14.9,213.0,13.0,7.5,53.0,68,26.3,87,8.2,0.0
2026-04-27 05:00:00,29.8,14.6,218.0,10.8,7.4,58.0,68,26.2,88,8.5,0.0
2026-04-27 06:00:00,33.6,15.8,324.0,13.3,8.1,59.0,68,26.4,88,9.6,0.0
2026-04-27 07:00:00,36.1,18.1,479.0,16.5,9.0,60.0,68,27.0,85,8.9,0.0
2026-04-27 08:00:00,43.7,20.7,561.0,17.6,10.1,67.0,68,28.8,75,9.9,0.0
2026-04-27 09:00:00,51.7,22.0,496.0,14.6,11.5,83.0,67,30.5,65,12.4,0.0
2026-04-27 10:00:00,55.2,23.2,360.0,9.5,13.1,104.0,67,31.8,58,13.8,0.0
2026-04-27 11:00:00,57.0,23.9,257.0,5.6,14.0,120.0,67,32.7,54,14.0,0.0
2026-04-27 12:00:00,56.0,23.8,232.0,4.1,13.8,125.0,67,32.8,55,15.7,0.0
2026-04-27 13:00:00,53.8,23.2,241.0,3.9,13.1,125.0,67,33.2,53,15.1,0.0
2026-04-27 14:00:00,51.9,22.6,258.0,4.3,12.4,122.0,67,33.3,52,15.4,0.0
2026-04-27 15:00:00,50.2,22.1,269.0,5.1,12.1,118.0,66,32.9,55,15.2,0.0
2026-04-27 16:00:00,49.4,21.9,288.0,6.6,12.0,112.0,66,32.5,56,14.5,0.0
2026-04-27 17:00:00,38.1,17.4,330.0,9.2,11.2,102.0,66,31.4,58,13.5,0.0
2026-04-27 18:00:00,35.6,17.9,424.0,14.3,11.0,91.0,66,30.5,63,13.0,0.0
2026-04-27 19:00:00,33.2,19.0,543.0,21.3,10.8,77.0,66,29.5,69,10.4,0.0
2026-04-27 20:00:00,33.5,19.2,614.0,25.7,10.5,67.0,65,28.9,73,9.3,0.0
2026-04-27 21:00:00,32.9,18.9,603.0,25.5,10.1,66.0,65,28.6,75,9.2,0.0
2026-04-27 22:00:00,32.7,18.5,545.0,22.7,9.6,70.0,65,28.5,75,8.9,0.0
2026-04-27 23:00:00,33.3,18.2,479.0,19.6,9.0,74.0,65,28.5,75,11.4,0.0
2026-04-28 00:00:00,33.8,17.9,411.0,16.6,8.3,78.0,65,28.4,75,11.6,0.0
2026-04-28 01:00:00,33.8,17.5,336.0,13.2,7.5,82.0,65,27.9,77,10.8,0.0
2026-04-28 02:00:00,32.7,16.9,275.0,10.5,7.0,85.0,65,27.5,80,11.2,0.0
2026-04-28 03:00:00,31.1,16.6,227.0,8.7,6.8,87.0,66,27.2,80,11.1,0.0
2026-04-28 04:00:00,29.3,16.3,193.0,7.5,6.9,89.0,66,27.0,81,10.9,0.0
2026-04-28 05:00:00,28.0,15.4,197.0,5.9,6.7,99.0,66,27.6,79,13.4,0.0
2026-04-28 06:00:00,27.8,16.2,277.0,8.9,7.3,98.0,66,27.5,80,12.5,0.0
2026-04-28 07:00:00,30.5,18.1,395.0,12.8,8.2,97.0,66,27.9,78,10.6,0.0
2026-04-28 08:00:00,36.2,20.7,459.0,14.6,9.2,100.0,66,29.5,70,12.3,0.0
2026-04-28 09:00:00,40.2,21.0,413.0,12.3,10.4,111.0,66,31.0,61,14.7,0.0
2026-04-28 10:00:00,44.0,21.3,313.0,7.8,11.7,125.0,66,32.0,57,15.7,0.0
2026-04-28 11:00:00,50.2,21.8,237.0,4.4,12.4,135.0,66,32.1,57,15.5,0.0
2026-04-28 12:00:00,51.8,21.7,217.0,3.3,12.2,136.0,65,32.5,56,15.4,0.0
2026-04-28 13:00:00,52.4,21.2,222.0,3.1,11.5,133.0,65,32.9,54,15.8,0.0
2026-04-28 14:00:00,52.0,20.9,236.0,3.6,10.9,129.0,65,32.8,54,16.6,0.0
2026-04-28 15:00:00,47.8,20.1,257.0,4.3,10.6,125.0,72,32.5,55,16.7,0.0
2026-04-28 16:00:00,42.8,19.5,287.0,5.5,10.3,119.0,78,32.2,56,15.7,0.0
2026-04-28 17:00:00,45.4,18.7,318.0,8.7,11.5,111.0,82,31.2,59,12.5,0.0
2026-04-28 18:00:00,34.1,17.3,348.0,12.8,11.0,99.0,82,30.5,64,11.5,0.0
2026-04-28 19:00:00,29.2,17.3,378.0,18.3,10.4,83.0,76,29.5,70,11.5,0.0
2026-04-28 20:00:00,33.8,17.6,407.0,21.7,9.8,71.0,65,29.0,73,13.7,0.0
2026-04-28 21:00:00,38.1,18.0,445.0,21.1,9.4,68.0,64,28.7,74,11.1,0.0
2026-04-28 22:00:00,40.7,18.2,481.0,18.5,9.0,69.0,64,28.5,73,11.2,0.0
2026-04-28 23:00:00,41.1,18.1,483.0,15.8,8.7,71.0,64,28.3,75,9.9,0.0
2026-04-29 00:00:00,39.6,17.8,419.0,13.5,8.3,72.0,64,28.0,78,9.2,0.0
2026-04-29 01:00:00,38.8,17.6,320.0,11.2,7.9,74.0,64,27.6,81,8.8,0.0
2026-04-29 02:00:00,39.3,17.6,244.0,9.5,7.7,75.0,64,27.4,83,7.9,0.0
2026-04-29 03:00:00,39.5,17.6,205.0,8.3,7.5,75.0,64,27.0,85,7.9,0.0
2026-04-29 04:00:00,39.8,17.6,189.0,7.6,7.5,75.0,64,26.9,87,7.8,0.0
2026-04-29 05:00:00,46.9,19.1,213.0,7.8,7.8,79.0,64,26.8,89,7.2,0.0
2026-04-29 06:00:00,46.0,20.0,313.0,11.0,8.9,78.0,65,26.6,90,7.8,0.0
2026-04-29 07:00:00,47.5,23.1,452.0,15.4,10.6,77.0,65,27.0,89,5.3,0.0
2026-04-29 08:00:00,62.6,27.3,535.0,17.6,12.7,84.0,66,28.5,81,6.5,0.0
2026-04-29 09:00:00,74.0,30.7,508.0,15.8,15.8,105.0,66,30.3,70,7.3,0.0
2026-04-29 10:00:00,82.2,33.6,426.0,11.9,19.4,134.0,67,32.0,62,8.1,0.0
2026-04-29 11:00:00,87.1,36.6,356.0,8.6,21.5,155.0,68,32.3,63,11.3,0.0
2026-04-29 12:00:00,87.1,37.5,321.0,6.8,21.2,164.0,69,32.4,63,13.2,0.0
2026-04-29 13:00:00,83.1,35.6,300.0,5.6,19.4,165.0,71,32.8,60,13.7,0.0
2026-04-29 14:00:00,77.5,33.2,293.0,5.4,17.5,160.0,72,32.8,59,13.8,0.0
2026-04-29 15:00:00,73.1,31.1,303.0,6.1,15.6,147.0,89,32.8,58,13.2,0.0
2026-04-29 16:00:00,73.6,29.9,328.0,7.8,13.6,127.0,103,32.3,61,12.7,0.0
2026-04-29 17:00:00,72.2,31.3,366.0,12.6,13.3,116.0,113,31.2,64,12.5,0.0
2026-04-29 18:00:00,75.4,30.5,432.0,17.9,12.4,101.0,115,30.5,66,10.1,0.0
2026-04-29 19:00:00,67.5,30.5,510.0,25.1,11.0,81.0,108,29.4,70,8.0,0.0
2026-04-29 20:00:00,70.1,30.6,555.0,29.2,9.9,68.0,92,28.8,76,8.6,0.0
2026-04-29 21:00:00,57.7,28.2,543.0,27.3,9.1,69.0,80,28.1,83,10.6,0.0
2026-04-29 22:00:00,42.6,24.9,496.0,22.2,8.5,77.0,81,27.9,85,8.2,0.0
2026-04-29 23:00:00,33.5,22.6,439.0,17.6,8.0,85.0,81,27.9,86,6.0,0.0
2026-04-30 00:00:00,34.7,22.5,368.0,14.5,7.6,89.0,82,27.8,86,4.3,0.0
2026-04-30 01:00:00,42.5,24.1,285.0,11.9,7.2,93.0,82,27.5,87,5.2,0.0
2026-04-30 02:00:00,49.0,25.6,225.0,9.9,7.1,96.0,83,27.2,88,6.4,0.0
2026-04-30 03:00:00,53.1,26.5,192.0,8.6,7.3,97.0,83,27.0,89,6.5,0.0
2026-04-30 04:00:00,56.2,27.2,181.0,8.0,7.7,98.0,84,26.8,90,7.4,0.0
2026-04-30 05:00:00,59.0,27.6,207.0,8.6,8.5,96.0,85,26.9,92,8.9,0.0
2026-04-30 06:00:00,60.5,28.4,308.0,11.6,9.0,96.0,86,27.0,90,9.7,0.0
2026-04-30 07:00:00,61.0,29.8,446.0,15.5,9.8,97.0,86,27.5,87,8.0,0.0
2026-04-30 08:00:00,71.7,31.8,520.0,17.3,10.9,102.0,87,29.1,76,8.9,0.0
2026-04-30 09:00:00,74.5,31.7,466.0,14.8,12.6,116.0,87,31.0,64,10.5,0.0
2026-04-30 10:00:00,74.7,31.1,347.0,10.0,14.6,134.0,88,32.4,56,12.4,0.0
2026-04-30 11:00:00,78.0,30.9,258.0,6.3,15.7,145.0,87,33.2,52,12.4,0.0
2026-04-30 12:00:00,80.3,29.9,236.0,4.8,15.1,144.0,87,34.0,50,13.5,0.0
2026-04-30 13:00:00,79.4,28.1,243.0,4.3,13.6,136.0,86,33.9,52,14.2,0.0
2026-04-30 14:00:00,72.2,25.7,259.0,4.5,12.4,127.0,85,33.7,53,13.9,0.0
2026-04-30 15:00:00,62.4,23.3,280.0,5.1,11.8,118.0,85,33.1,56,14.0,0.0
2026-04-30 16:00:00,53.9,21.8,311.0,6.3,11.6,108.0,84,32.5,57,12.9,0.0
2026-04-30 17:00:00,39.5,18.0,345.0,9.4,11.7,96.0,85,31.5,61,13.5,0.0
2026-04-30 18:00:00,38.8,18.7,389.0,15.6,11.6,84.0,82,30.8,65,11.7,0.0
2026-04-30 19:00:00,36.9,20.4,437.0,24.0,11.5,68.0,81,29.5,73,10.2,0.0
2026-04-30 20:00:00,39.7,21.7,460.0,29.1,11.2,58.0,80,29.0,77,9.4,0.0
2026-04-30 21:00:00,40.3,21.8,442.0,28.0,10.6,58.0,79,28.6,79,8.8,0.0
2026-04-30 22:00:00,39.6,21.0,399.0,23.6,9.7,65.0,79,28.3,80,9.7,0.0
2026-04-30 23:00:00,38.5,20.1,352.0,19.4,8.9,70.0,79,28.5,77,12.3,0.0
2026-05-01 00:00:00,37.7,19.4,300.0,16.6,8.2,73.0,78,28.5,75,10.6,0.0
2026-05-01 01:00:00,37.0,18.9,244.0,14.0,7.5,75.0,78,28.4,74,12.4,0.0
2026-05-01 02:00:00,36.8,18.3,203.0,11.8,7.0,77.0,78,28.5,72,14.4,0.0
2026-05-01 03:00:00,36.4,17.6,176.0,9.5,6.6,80.0,77,28.5,71,14.5,0.0
2026-05-01 04:00:00,35.6,16.8,165.0,7.6,6.3,83.0,76,28.4,71,13.8,0.0
2026-05-01 05:00:00,40.9,16.8,189.0,7.4,6.6,84.0,75,28.7,71,13.2,0.0
2026-05-01 06:00:00,37.6,16.7,288.0,10.4,7.0,81.0,74,28.8,70,13.4,0.0
2026-05-01 07:00:00,41.3,18.9,424.0,14.4,7.7,77.0,73,29.4,68,14.1,0.0
2026-05-01 08:00:00,52.3,23.1,498.0,16.3,8.6,79.0,72,31.0,62,13.5,0.0
2026-05-01 09:00:00,74.5,26.1,449.0,14.0,10.0,92.0,72,32.3,56,15.7,0.0
2026-05-01 10:00:00,109.7,30.7,338.0,9.5,11.6,112.0,71,33.3,52,14.9,0.0
2026-05-01 11:00:00,146.2,36.7,257.0,6.1,12.8,126.0,71,34.2,52,14.7,0.0
2026-05-01 12:00:00,177.4,41.8,241.0,4.9,13.3,131.0,71,35.0,49,14.2,0.0
2026-05-01 13:00:00,186.3,44.1,255.0,4.8,13.4,132.0,73,35.8,46,13.5,0.0
2026-05-01 14:00:00,175.6,43.3,280.0,5.4,13.1,129.0,74,35.8,45,14.3,0.0
2026-05-01 15:00:00,155.5,40.7,314.0,6.9,12.4,121.0,76,35.4,46,14.3,0.0
2026-05-01 16:00:00,127.1,36.7,359.0,9.3,11.4,109.0,77,34.4,50,13.9,0.0
2026-05-01 17:00:00,101.0,31.4,405.0,11.7,10.0,99.0,78,32.7,55,13.0,0.0
2026-05-01 18:00:00,71.5,27.9,456.0,15.3,9.5,92.0,80,31.7,60,13.1,0.0
2026-05-01 19:00:00,56.3,25.9,508.0,20.1,8.9,81.0,80,31.2,60,10.7,0.0
2026-05-01 20:00:00,49.1,23.6,531.0,22.5,8.3,76.0,81,31.1,58,8.4,0.0
2026-05-01 21:00:00,45.6,21.7,512.0,20.5,7.8,79.0,81,31.0,56,10.9,0.0
2026-05-01 22:00:00,45.5,20.4,465.0,16.2,7.3,87.0,81,30.7,56,10.2,0.0
2026-05-01 23:00:00,46.8,19.6,406.0,12.3,6.9,94.0,81,30.2,58,10.2,0.0
2026-05-02 00:00:00,44.5,18.8,328.0,9.6,6.4,98.0,81,30.0,60,12.8,0.0
2026-05-02 01:00:00,39.3,17.6,238.0,7.3,5.9,100.0,81,29.7,61,13.5,0.0
2026-05-02 02:00:00,38.0,16.6,175.0,5.6,5.6,101.0,81,29.7,59,13.6,0.0
2026-05-02 03:00:00,38.9,16.2,144.0,4.4,5.3,100.0,81,29.6,59,14.6,0.0
2026-05-02 04:00:00,40.3,16.1,139.0,4.0,5.2,96.0,81,29.5,61,15.6,0.0
2026-05-02 05:00:00,46.0,16.9,182.0,4.5,5.2,94.0,80,29.1,65,14.1,0.0
2026-05-02 06:00:00,65.7,20.5,327.0,8.6,6.1,87.0,80,29.0,63,12.8,0.0
2026-05-02 07:00:00,92.2,27.5,520.0,14.2,7.3,79.0,81,29.7,60,13.5,0.0
2026-05-02 08:00:00,126.2,36.9,622.0,17.1,8.5,77.0,82,31.4,57,13.3,0.0
2026-05-02 09:00:00,182.5,47.7,541.0,14.9,9.6,88.0,83,33.0,51,15.5,0.0
2026-05-02 10:00:00,215.6,55.1,368.0,10.1,10.7,105.0,85,34.2,46,17.1,0.0
2026-05-02 11:00:00,224.4,57.0,238.0,6.3,11.2,117.0,87,34.8,43,16.1,0.0
2026-05-02 12:00:00,211.4,54.0,207.0,4.8,10.8,120.0,89,35.5,40,17.3,0.0
2026-05-02 13:00:00,185.3,48.4,220.0,4.4,10.0,118.0,90,35.5,41,18.9,0.0
2026-05-02 14:00:00,147.6,40.6,240.0,4.6,9.2,116.0,90,35.5,41,19.4,0.0
2026-05-02 15:00:00,112.7,33.4,262.0,5.7,8.8,116.0,90,35.0,42,19.1,0.0
2026-05-02 16:00:00,85.9,28.8,291.0,7.4,8.6,116.0,89,34.2,45,18.3,0.0
2026-05-02 17:00:00,58.7,21.7,316.0,9.6,8.8,113.0,89,32.8,47,17.6,0.0
2026-05-02 18:00:00,48.7,21.3,333.0,11.9,8.5,109.0,88,31.8,51,17.1,0.0
2026-05-02 19:00:00,46.3,21.7,344.0,14.9,8.1,104.0,87,30.7,56,15.2,0.0
2026-05-02 20:00:00,41.9,21.0,344.0,16.5,7.8,101.0,87,30.2,58,13.5,0.0
2026-05-02 21:00:00,37.0,19.6,329.0,15.4,7.6,103.0,86,30.0,57,13.5,0.0
2026-05-02 22:00:00,33.1,18.0,303.0,12.9,7.4,107.0,86,30.0,57,13.0,0.0
2026-05-02 23:00:00,30.4,16.9,273.0,10.4,7.1,111.0,86,30.0,56,15.5,0.0
2026-05-03 00:00:00,28.1,15.8,235.0,8.3,6.5,114.0,86,30.0,56,14.8,0.0
2026-05-03 01:00:00,25.1,14.4,194.0,6.3,5.9,117.0,86,29.6,56,13.1,0.0
2026-05-03 02:00:00,22.2,13.2,167.0,4.9,5.4,119.0,85,29.5,56,12.7,0.0
2026-05-03 03:00:00,20.1,12.1,150.0,4.0,5.2,118.0,85,29.1,60,13.0,0.0
2026-05-03 04:00:00,19.1,11.3,147.0,3.7,5.2,116.0,85,28.8,62,11.8,0.0
2026-05-03 05:00:00,27.8,11.8,193.0,5.0,5.5,115.0,84,28.7,66,13.9,0.0
2026-05-03 06:00:00,26.0,12.3,344.0,9.7,6.3,109.0,84,28.4,67,12.2,0.0
2026-05-03 07:00:00,29.3,14.8,543.0,16.1,7.6,101.0,83,28.6,68,10.8,0.0
2026-05-03 08:00:00,39.0,18.4,659.0,19.6,9.3,101.0,82,30.4,64,8.1,0.0
2026-05-03 09:00:00,62.2,22.5,611.0,17.7,12.1,118.0,80,32.9,52,6.5,0.0
2026-05-03 10:00:00,94.3,28.2,478.0,12.9,15.3,143.0,78,35.4,41,6.8,0.0
2026-05-03 11:00:00,124.8,33.6,369.0,9.0,17.5,161.0,76,35.7,44,10.6,0.0
2026-05-03 12:00:00,135.5,35.9,318.0,7.0,18.0,167.0,74,36.2,43,12.6,0.0
2026-05-03 13:00:00,128.1,35.2,291.0,5.8,17.4,166.0,82,36.7,42,13.9,0.0
2026-05-03 14:00:00,120.1,33.4,287.0,5.8,16.3,160.0,93,36.5,41,14.4,0.0
2026-05-03 15:00:00,122.5,33.1,306.0,7.4,14.6,148.0,104,36.1,41,13.7,0.0
2026-05-03 16:00:00,124.3,33.1,348.0,10.2,12.4,131.0,114,35.2,46,12.9,0.0
2026-05-03 17:00:00,121.1,31.4,420.0,13.8,10.9,115.0,120,33.0,55,12.8,0.0
2026-05-03 18:00:00,103.1,30.0,561.0,19.0,10.0,102.0,120,31.5,65,10.3,0.0
2026-05-03 19:00:00,75.4,28.6,731.0,26.0,8.7,85.0,111,30.1,71,7.0,0.0
2026-05-03 20:00:00,88.0,27.8,816.0,30.1,7.8,73.0,95,29.5,73,6.1,0.0
2026-05-03 21:00:00,84.5,27.5,746.0,28.7,7.8,73.0,75,29.1,71,16.7,0.0
2026-05-03 22:00:00,81.3,27.2,592.0,24.3,8.2,78.0,74,29.0,70,9.9,0.0
2026-05-03 23:00:00,85.0,27.8,451.0,20.0,8.3,82.0,75,29.9,56,10.0,0.0
2026-05-05 00:00:00,229.1,53.1,408.0,15.8,7.7,85.0,121,30.0,49,6.9,0.0
2026-05-05 01:00:00,223.5,50.8,346.0,14.1,7.5,84.0,124,29.5,50,5.8,0.0
2026-05-05 02:00:00,211.4,48.0,294.0,12.7,7.4,83.0,127,28.8,53,7.4,0.0
2026-05-05 03:00:00,197.4,44.7,233.0,11.0,7.4,82.0,129,28.5,57,10.1,0.0
2026-05-05 04:00:00,179.7,41.3,184.0,9.7,7.5,82.0,131,28.4,59,11.4,0.0
2026-05-05 05:00:00,147.1,35.2,223.0,7.9,6.9,91.0,133,28.6,59,10.5,0.0
2026-05-05 06:00:00,134.6,33.9,440.0,14.1,8.1,85.0,133,28.6,60,9.1,0.0
2026-05-05 07:00:00,123.4,35.5,745.0,22.5,9.9,78.0,133,29.0,59,6.5,0.0
2026-05-05 08:00:00,125.7,37.7,953.0,27.1,12.3,83.0,132,30.9,53,5.1,0.0
2026-05-05 09:00:00,149.5,39.5,981.0,24.3,16.3,112.0,130,33.0,45,5.7,0.0
2026-05-05 10:00:00,161.1,42.1,910.0,17.7,20.9,152.0,125,34.5,41,6.9,0.0
2026-05-05 11:00:00,156.0,44.8,799.0,12.0,23.4,180.0,118,34.0,48,12.0,0.0
2026-05-05 12:00:00,137.8,44.0,632.0,8.6,22.1,183.0,119,33.5,50,15.2,0.0
2026-05-05 13:00:00,116.4,38.5,424.0,6.1,18.7,174.0,120,33.2,52,16.6,0.0
2026-05-05 14:00:00,104.5,33.3,282.0,5.0,15.9,160.0,121,32.5,60,16.9,0.0
2026-05-05 15:00:00,98.7,29.9,261.0,5.2,14.5,143.0,122,31.8,65,16.0,0.0
2026-05-05 16:00:00,100.6,29.0,306.0,6.7,13.6,121.0,122,31.8,67,14.5,0.0
2026-05-05 17:00:00,72.9,24.7,356.0,10.6,13.6,102.0,127,31.2,65,13.7,0.0
2026-05-05 18:00:00,66.8,23.9,391.0,19.3,13.8,84.0,125,30.1,76,11.3,0.0
2026-05-05 19:00:00,60.5,24.0,430.0,31.4,14.2,58.0,115,29.1,81,9.2,0.0
2026-05-05 20:00:00,55.8,27.0,471.0,41.5,14.8,37.0,112,28.4,88,5.9,0.0
2026-05-05 21:00:00,58.4,28.6,535.0,48.6,16.2,25.0,110,28.0,89,6.7,0.0
2026-05-05 22:00:00,60.1,30.5,602.0,53.7,17.8,17.0,107,27.6,90,5.4,0.0
2026-05-05 23:00:00,60.8,33.6,607.0,54.7,18.3,14.0,104,27.3,95,7.6,0.0
2026-05-06 00:00:00,60.8,34.1,486.0,49.1,16.4,17.0,102,27.4,93,10.7,0.0
2026-05-06 01:00:00,56.2,31.1,303.0,39.3,13.3,25.0,100,27.1,94,8.9,0.0
2026-05-06 02:00:00,56.2,29.0,186.0,30.7,11.0,31.0,98,26.9,94,5.8,0.0
2026-05-06 03:00:00,56.8,26.5,185.0,24.4,10.3,34.0,97,26.6,94,3.3,0.0
2026-05-06 04:00:00,60.5,25.6,250.0,19.4,10.4,36.0,95,26.4,95,1.1,0.0
2026-05-06 05:00:00,75.4,34.1,363.0,26.4,12.7,28.0,94,25.6,98,5.4,0.0
2026-05-06 06:00:00,83.6,39.1,569.0,27.6,14.5,30.0,94,25.4,96,4.8,0.0
2026-05-06 07:00:00,88.5,41.1,823.0,29.0,17.2,35.0,94,25.5,93,3.5,0.0
2026-05-06 08:00:00,95.9,36.9,967.0,28.5,20.1,49.0,95,27.4,79,2.1,0.0
2026-05-06 09:00:00,110.4,37.3,911.0,24.4,24.1,81.0,95,30.6,60,1.5,0.0
2026-05-06 10:00:00,119.0,39.2,745.0,18.4,28.4,122.0,94,33.3,49,5.4,0.0
2026-05-06 11:00:00,117.1,39.5,584.0,13.1,30.0,150.0,94,32.5,63,13.4,0.0
2026-05-06 12:00:00,109.2,36.6,455.0,9.4,26.8,154.0,94,32.5,61,14.0,0.0
2026-05-06 13:00:00,95.9,32.1,331.0,6.4,20.9,145.0,93,32.5,60,15.3,0.0
2026-05-06 14:00:00,85.0,28.3,250.0,4.8,16.3,132.0,92,32.2,61,16.4,0.0
2026-05-06 15:00:00,78.7,26.1,241.0,4.5,14.4,118.0,92,31.8,61,15.1,0.0
2026-05-06 16:00:00,74.3,24.9,275.0,5.6,13.8,102.0,92,31.5,60,15.2,0.0
2026-05-06 17:00:00,86.6,27.3,307.0,9.2,14.1,90.0,91,30.5,62,12.6,0.0
2026-05-06 18:00:00,78.5,26.5,319.0,14.8,13.9,75.0,92,29.8,67,11.4,0.0
2026-05-06 19:00:00,71.0,26.2,330.0,22.5,13.5,55.0,92,27.9,82,10.6,0.0
2026-05-06 20:00:00,62.6,27.1,343.0,28.2,13.2,40.0,92,27.5,84,11.2,0.0
2026-05-06 21:00:00,61.7,27.4,370.0,30.1,12.9,35.0,92,27.5,85,9.4,0.0
2026-05-06 22:00:00,58.3,27.0,401.0,30.1,12.7,34.0,92,27.2,87,7.6,0.0
2026-05-06 23:00:00,55.8,26.8,409.0,29.0,12.3,35.0,92,27.5,88,9.1,0.0
2026-05-07 00:00:00,53.3,26.7,375.0,27.1,11.7,36.0,91,27.2,89,7.7,0.0
2026-05-07 01:00:00,51.0,25.4,317.0,24.1,10.9,38.0,90,27.0,90,7.6,0.0
2026-05-07 02:00:00,48.9,23.5,267.0,21.0,10.1,41.0,90,26.9,92,8.5,0.0
2026-05-07 03:00:00,45.1,21.2,229.0,17.5,9.0,45.0,89,26.5,95,9.6,0.0
2026-05-07 04:00:00,41.1,19.2,197.0,13.8,7.9,49.0,89,26.3,96,9.4,0.0
2026-05-07 05:00:00,32.2,16.1,187.0,8.6,7.2,56.0,88,26.5,94,12.5,0.0
2026-05-07 06:00:00,31.1,15.9,216.0,9.2,8.3,58.0,87,26.6,93,12.8,0.0
2026-05-07 07:00:00,33.4,16.7,265.0,9.9,9.9,62.0,85,27.4,89,14.2,0.0
2026-05-07 08:00:00,40.4,17.3,296.0,9.9,11.4,68.0,82,28.8,78,15.1,0.0
2026-05-07 09:00:00,45.6,18.6,286.0,8.5,13.0,80.0,81,30.1,70,15.5,0.0
2026-05-07 10:00:00,54.0,20.3,256.0,6.3,14.5,96.0,79,31.2,64,15.7,0.0
2026-05-07 11:00:00,60.3,21.8,234.0,4.6,15.3,107.0,77,31.9,63,16.1,0.0
2026-05-07 12:00:00,64.0,22.3,228.0,3.8,14.9,111.0,76,32.3,61,15.8,0.0
2026-05-07 13:00:00,60.3,21.5,229.0,3.4,13.8,110.0,75,32.5,59,16.1,0.0
2026-05-07 14:00:00,51.3,20.0,237.0,3.6,12.8,107.0,74,32.1,61,16.6,0.0
2026-05-07 15:00:00,44.5,18.7,256.0,4.1,12.2,102.0,73,31.6,65,16.5,0.0
2026-05-07 16:00:00,40.6,18.1,282.0,5.2,11.8,95.0,72,31.0,68,15.7,0.0
2026-05-07 17:00:00,39.0,15.8,299.0,7.1,12.2,85.0,72,30.1,74,17.1,0.0
2026-05-07 18:00:00,37.0,16.1,298.0,10.4,11.8,76.0,71,29.5,78,16.7,0.0
2026-05-07 19:00:00,35.6,16.4,288.0,14.8,11.3,63.0,70,28.8,83,14.2,0.0
2026-05-07 20:00:00,33.4,16.8,282.0,17.9,10.8,54.0,69,28.6,85,13.9,0.0
2026-05-07 21:00:00,32.6,16.6,290.0,18.3,10.4,51.0,68,28.4,87,14.9,0.0
2026-05-07 22:00:00,32.1,16.7,303.0,17.2,9.9,52.0,67,28.2,88,10.5,0.0
2026-05-07 23:00:00,32.6,17.3,305.0,16.0,9.6,52.0,66,28.1,89,8.8,0.0
2026-05-08 00:00:00,32.6,17.6,285.0,14.8,9.4,52.0,65,28.1,88,6.5,0.0
2026-05-08 01:00:00,32.0,17.2,254.0,13.4,9.3,51.0,64,27.8,90,7.9,0.0
2026-05-08 02:00:00,30.5,16.7,232.0,12.3,9.2,51.0,64,27.5,91,8.4,0.0
2026-05-08 03:00:00,29.3,16.1,222.0,11.5,8.9,50.0,63,27.3,92,7.6,0.0
2026-05-08 04:00:00,28.5,15.8,221.0,10.9,8.6,48.0,63,27.1,93,7.3,0.0
2026-05-08 05:00:00,27.6,15.4,235.0,9.9,8.7,50.0,62,26.9,95,6.5,0.0
2026-05-08 06:00:00,29.4,16.2,280.0,11.1,10.9,52.0,62,27.0,95,7.2,0.0
2026-05-08 07:00:00,31.8,17.5,341.0,12.6,14.1,57.0,62,27.6,90,8.1,0.0
2026-05-08 08:00:00,34.9,17.9,378.0,13.1,17.0,66.0,62,28.7,83,8.6,0.0
2026-05-08 09:00:00,38.3,19.4,370.0,11.6,19.7,85.0,62,30.0,74,7.9,0.0
2026-05-08 10:00:00,42.8,21.7,339.0,9.0,22.2,110.0,62,31.3,67,8.1,0.0
2026-05-08 11:00:00,47.3,24.0,310.0,6.8,23.3,127.0,63,31.6,67,12.0,0.0
2026-05-08 12:00:00,48.3,24.8,290.0,5.4,22.1,133.0,63,32.0,65,13.6,0.0
2026-05-08 13:00:00,46.1,23.3,274.0,4.5,19.5,132.0,63,32.0,65,14.2,0.0
2026-05-08 14:00:00,43.2,21.1,268.0,4.2,17.2,127.0,63,31.9,65,14.3,0.0
2026-05-08 15:00:00,41.4,19.2,282.0,4.4,15.6,116.0,63,31.6,66,13.9,0.0
2026-05-08 16:00:00,40.7,18.0,306.0,5.3,14.3,100.0,63,31.4,68,13.3,0.0
2026-05-08 17:00:00,47.4,18.6,325.0,7.8,13.0,83.0,64,30.8,69,13.0,0.0
2026-05-08 18:00:00,44.1,18.1,332.0,13.0,13.0,72.0,64,30.0,76,12.3,0.0
2026-05-08 19:00:00,39.9,17.7,332.0,20.1,12.9,56.0,64,29.2,82,12.6,0.0
2026-05-08 20:00:00,35.9,18.7,329.0,24.9,12.6,45.0,64,28.9,85,11.7,0.0
2026-05-08 21:00:00,34.2,18.7,325.0,25.2,11.7,42.0,64,28.5,87,12.1,0.0
2026-05-08 22:00:00,32.2,18.0,316.0,23.2,10.6,44.0,64,28.4,88,13.0,0.0
2026-05-08 23:00:00,30.7,17.0,299.0,21.3,9.6,45.0,64,28.5,88,12.5,0.0
2026-05-09 00:00:00,30.0,16.5,262.0,20.1,9.0,45.0,64,28.4,88,10.5,0.1
2026-05-09 01:00:00,28.9,16.2,216.0,18.9,8.6,45.0,64,28.3,87,8.7,0.1
2026-05-09 02:00:00,28.1,15.8,185.0,18.0,8.5,44.0,64,27.8,92,8.0,0.0
2026-05-09 03:00:00,28.1,15.5,173.0,17.5,8.3,41.0,64,27.4,95,7.2,0.0
2026-05-09 04:00:00,28.1,15.4,177.0,17.3,8.3,38.0,64,27.1,97,5.9,0.0
2026-05-09 05:00:00,33.3,20.1,206.0,17.5,10.0,37.0,64,27.0,97,6.0,0.0
2026-05-09 06:00:00,34.0,20.9,290.0,18.4,12.9,40.0,64,27.1,96,4.5,0.0
2026-05-09 07:00:00,37.4,21.8,399.0,19.6,17.1,44.0,65,27.5,92,3.6,0.0
2026-05-09 08:00:00,39.1,20.4,461.0,19.1,20.6,54.0,65,28.8,82,5.3,0.0
2026-05-09 09:00:00,45.1,19.8,428.0,15.6,23.4,74.0,65,30.1,74,7.5,0.0
2026-05-09 10:00:00,48.2,21.7,347.0,10.5,25.6,98.0,65,31.0,68,10.3,0.0
2026-05-09 11:00:00,49.7,23.2,283.0,6.5,26.0,116.0,65,31.5,65,12.2,0.0
2026-05-09 12:00:00,49.0,22.7,260.0,4.7,23.4,121.0,65,32.0,63,13.4,0.0
2026-05-09 13:00:00,48.3,21.1,255.0,3.9,19.1,119.0,65,32.0,64,13.8,0.0
2026-05-09 14:00:00,46.9,19.4,256.0,3.9,15.6,114.0,65,32.0,64,14.4,0.0
2026-05-09 15:00:00,45.6,18.3,265.0,4.2,14.1,107.0,65,31.8,66,14.6,0.0
2026-05-09 16:00:00,43.4,17.3,281.0,5.2,13.4,98.0,65,31.4,67,14.2,0.0
2026-05-09 17:00:00,47.8,19.0,295.0,8.1,13.2,87.0,65,30.5,71,13.6,0.0
2026-05-09 18:00:00,47.1,18.6,307.0,13.1,13.3,76.0,65,29.8,75,12.4,0.0
2026-05-09 19:00:00,44.2,18.7,317.0,20.1,13.5,60.0,65,28.9,81,11.1,0.0
2026-05-09 20:00:00,42.3,20.3,320.0,25.4,13.7,48.0,65,28.4,86,10.1,0.0
2026-05-09 21:00:00,43.0,21.1,316.0,27.8,13.9,43.0,65,28.1,87,9.6,0.0
2026-05-09 22:00:00,43.4,21.8,305.0,28.6,14.0,42.0,65,28.0,89,9.2,0.0
2026-05-09 23:00:00,42.8,22.3,285.0,28.0,13.8,42.0,65,28.0,90,8.7,0.0
2026-05-10 00:00:00,40.9,21.9,248.0,25.3,12.9,44.0,66,27.9,90,10.1,0.0
2026-05-10 01:00:00,37.6,20.4,201.0,21.2,11.5,47.0,66,27.6,90,9.6,0.0
2026-05-10 02:00:00,35.0,18.9,169.0,17.6,10.4,49.0,67,27.5,90,9.6,0.0
2026-05-10 03:00:00,32.6,17.6,157.0,15.3,9.4,49.0,67,27.2,92,9.1,0.0
2026-05-10 04:00:00,30.4,16.9,160.0,13.5,8.5,48.0,67,27.0,93,9.1,0.0
2026-05-10 05:00:00,27.9,15.8,179.0,11.2,8.1,52.0,67,26.9,94,8.6,0.0
2026-05-10 06:00:00,29.0,17.1,233.0,11.6,10.3,56.0,67,27.0,93,8.3,0.0
2026-05-10 07:00:00,36.2,18.3,303.0,12.1,13.2,61.0,67,27.6,89,8.5,0.0
2026-05-10 08:00:00,54.5,22.5,344.0,11.8,15.7,70.0,66,29.0,80,9.0,0.0
2026-05-10 09:00:00,47.3,19.8,325.0,9.9,17.2,85.0,67,30.2,73,10.5,0.0
2026-05-10 10:00:00,51.8,21.4,275.0,7.2,18.2,102.0,67,31.0,69,12.7,0.0
2026-05-10 11:00:00,55.8,22.9,237.0,5.1,18.4,115.0,67,31.5,67,13.3,0.0
2026-05-10 12:00:00,59.5,23.6,226.0,4.0,17.2,119.0,66,32.3,61,14.4,0.0
2026-05-10 13:00:00,61.7,23.7,225.0,3.6,15.2,117.0,67,32.5,61,15.3,0.0
2026-05-10 14:00:00,60.8,23.1,233.0,3.8,13.6,113.0,67,32.4,61,15.9,0.0
2026-05-10 15:00:00,57.9,21.8,250.0,4.4,12.8,106.0,67,32.0,64,16.0,0.0
2026-05-10 16:00:00,53.3,20.0,274.0,5.6,12.4,96.0,67,31.6,66,15.5,0.0
2026-05-10 17:00:00,48.8,18.4,297.0,8.4,12.3,85.0,68,30.9,68,13.2,0.0
2026-05-10 18:00:00,45.1,17.6,312.0,14.3,12.4,71.0,68,30.2,72,11.7,0.0
2026-05-10 19:00:00,41.0,17.9,326.0,21.7,12.8,56.0,68,29.5,78,10.1,0.0
2026-05-10 20:00:00,39.3,19.6,346.0,26.8,13.1,46.0,67,29.0,82,9.1,0.0
2026-05-10 21:00:00,39.9,20.4,390.0,27.9,13.2,43.0,67,28.5,84,9.5,0.0
2026-05-10 22:00:00,39.6,20.7,440.0,26.8,13.2,45.0,67,28.2,87,8.4,0.0
2026-05-10 23:00:00,38.3,20.4,450.0,24.8,12.9,47.0,67,28.1,89,8.6,0.0
2026-05-11 00:00:00,36.2,19.4,383.0,21.8,12.0,50.0,67,28.1,89,9.6,0.0
2026-05-11 01:00:00,33.8,18.2,277.0,17.9,10.8,53.0,67,27.8,91,8.1,0.0
2026-05-11 02:00:00,31.9,17.2,197.0,14.6,9.7,56.0,67,27.5,93,8.5,0.0
2026-05-11 03:00:00,31.3,16.6,169.0,12.5,8.8,57.0,67,27.2,94,8.7,0.0
2026-05-11 04:00:00,31.4,16.4,169.0,11.0,8.0,57.0,66,27.1,94,7.4,0.0
2026-05-11 05:00:00,31.8,17.1,187.0,11.4,8.0,55.0,66,26.9,95,7.7,0.0
2026-05-11 06:00:00,33.3,17.2,239.0,12.1,9.7,59.0,66,27.0,95,8.7,0.0
2026-05-11 07:00:00,37.0,18.3,309.0,13.0,12.0,64.0,67,27.9,89,9.3,0.0
2026-05-11 08:00:00,45.3,19.6,350.0,12.9,14.0,73.0,67,29.0,81,10.2,0.0
2026-05-11 09:00:00,50.6,21.2,330.0,10.7,15.4,88.0,66,30.2,73,12.0,0.0
2026-05-11 10:00:00,54.1,23.0,279.0,7.5,16.5,106.0,66,31.0,70,13.4,0.0
2026-05-11 11:00:00,55.9,23.7,240.0,5.0,16.9,119.0,67,31.8,67,14.8,0.0
2026-05-11 12:00:00,55.2,23.2,229.0,3.8,16.2,122.0,67,32.5,63,15.6,0.0
2026-05-11 13:00:00,54.7,22.7,229.0,3.4,14.8,121.0,67,32.8,63,15.6,0.0
2026-05-11 14:00:00,53.8,22.4,239.0,3.7,13.9,117.0,66,32.8,62,14.3,0.0
2026-05-11 15:00:00,53.4,22.3,261.0,4.2,14.1,114.0,66,32.8,63,14.3,0.0
2026-05-11 16:00:00,52.4,22.1,292.0,5.5,14.8,109.0,66,32.3,66,13.5,0.0
2026-05-11 17:00:00,51.1,21.9,318.0,9.1,16.4,102.0,67,31.4,70,12.8,0.0
2026-05-11 18:00:00,46.2,21.0,334.0,16.7,16.7,85.0,67,30.4,75,11.0,0.0
2026-05-11 19:00:00,41.1,20.5,346.0,27.2,17.0,63.0,67,29.5,79,8.3,0.0
2026-05-11 20:00:00,37.6,22.2,356.0,35.0,17.1,45.0,67,29.0,83,8.3,0.0
2026-05-11 21:00:00,36.0,22.4,372.0,37.9,16.7,38.0,68,28.7,86,8.6,0.0
2026-05-11 22:00:00,34.5,22.5,387.0,38.0,16.0,36.0,68,28.5,86,8.8,0.0
2026-05-11 23:00:00,33.8,21.8,383.0,36.3,15.0,36.0,68,28.5,88,7.9,0.0
2026-05-12 00:00:00,32.1,20.3,346.0,32.2,13.3,39.0,68,28.4,88,7.7,0.0
2026-05-12 01:00:00,30.4,18.7,291.0,26.2,11.3,43.0,68,28.2,90,7.4,0.0
2026-05-12 02:00:00,29.3,17.6,246.0,21.3,9.8,47.0,68,28.0,92,6.0,0.0
2026-05-12 03:00:00,30.6,17.5,215.0,18.5,8.9,47.0,68,27.8,93,7.3,0.0
2026-05-12 04:00:00,31.8,17.4,195.0,16.7,8.6,47.0,68,27.7,93,8.9,0.0
2026-05-12 05:00:00,27.8,17.0,200.0,16.9,9.6,45.0,68,28.0,92,9.0,0.0
2026-05-12 06:00:00,29.6,16.2,256.0,16.3,12.0,50.0,68,28.0,92,8.7,0.0
2026-05-12 07:00:00,36.1,16.6,338.0,15.4,15.3,58.0,68,28.6,88,9.7,0.0
2026-05-12 08:00:00,44.8,17.9,387.0,14.0,18.1,70.0,68,29.7,80,7.8,0.0
2026-05-12 09:00:00,53.2,20.1,370.0,11.5,20.1,89.0,68,31.0,72,8.4,0.0
2026-05-12 10:00:00,62.2,22.8,320.0,8.5,21.6,112.0,68,32.2,67,9.5,0.0
2026-05-12 11:00:00,68.9,25.3,281.0,6.2,22.3,129.0,68,33.8,57,9.5,0.0
2026-05-12 12:00:00,73.6,26.3,266.0,5.0,21.9,138.0,68,34.4,54,10.3,0.0
2026-05-12 13:00:00,77.5,27.0,261.0,4.5,20.8,141.0,68,34.9,51,10.8,0.0
2026-05-12 14:00:00,88.7,28.7,271.0,4.8,19.7,141.0,69,34.8,52,12.0,0.0
2026-05-12 15:00:00,102.9,31.1,302.0,5.7,19.1,137.0,69,34.2,53,12.5,0.0
2026-05-12 16:00:00,114.8,32.9,348.0,7.4,18.6,129.0,70,33.3,56,12.0,0.0
2026-05-12 17:00:00,119.0,33.8,387.0,11.2,18.0,117.0,83,33.5,57,10.3,0.0
2026-05-12 18:00:00,110.4,32.7,415.0,18.9,17.0,97.0,89,32.0,62,9.8,0.0
2026-05-12 19:00:00,88.7,30.4,436.0,28.6,15.9,72.0,85,30.7,71,7.0,0.0
2026-05-12 20:00:00,66.8,28.9,449.0,35.6,15.0,54.0,74,30.0,79,9.1,0.0
2026-05-12 21:00:00,56.6,27.6,444.0,38.0,14.6,46.0,75,29.6,82,8.4,0.0
2026-05-12 22:00:00,49.1,27.0,430.0,37.7,14.3,45.0,75,29.4,82,7.1,0.0
2026-05-12 23:00:00,42.6,24.7,432.0,35.7,13.8,46.0,75,29.4,81,8.4,0.0
2026-05-13 00:00:00,36.2,22.1,467.0,31.4,12.4,49.0,76,29.1,81,6.6,0.0
2026-05-13 01:00:00,33.6,20.4,519.0,25.5,10.7,55.0,76,28.8,82,4.6,0.0
2026-05-13 02:00:00,35.7,20.8,559.0,21.0,9.7,59.0,76,28.4,84,2.7,0.0
2026-05-13 03:00:00,40.5,22.5,575.0,19.4,9.8,59.0,76,28.1,85,2.4,0.0
2026-05-13 04:00:00,42.8,23.2,580.0,19.3,10.6,56.0,77,27.6,88,4.9,0.0
2026-05-13 05:00:00,75.9,39.7,589.0,34.5,11.1,29.0,77,27.5,93,4.7,0.0
2026-05-13 06:00:00,61.9,34.5,626.0,33.5,11.6,38.0,79,27.3,93,5.6,0.0
2026-05-13 07:00:00,51.3,31.7,667.0,31.7,12.3,51.0,81,28.5,86,4.0,0.0
2026-05-13 08:00:00,54.5,30.9,659.0,28.3,12.4,69.0,82,30.8,70,5.3,0.0
2026-05-13 09:00:00,79.9,34.1,554.0,21.6,11.4,97.0,83,32.7,58,7.2,0.0
2026-05-13 10:00:00,137.4,45.8,399.0,13.2,9.7,129.0,85,34.2,53,8.7,0.0
2026-05-13 11:00:00,194.2,59.8,282.0,6.9,8.1,149.0,87,35.7,45,13.1,0.0
2026-05-13 12:00:00,200.2,63.8,241.0,4.4,6.7,148.0,90,36.2,39,17.3,0.0
2026-05-13 13:00:00,153.2,53.9,239.0,4.1,5.4,136.0,93,36.3,38,19.8,0.0
2026-05-13 14:00:00,83.8,34.8,246.0,4.6,4.5,123.0,95,36.6,35,20.5,0.0
2026-05-13 15:00:00,38.5,20.1,254.0,5.7,4.2,112.0,96,36.3,36,19.9,0.0
2026-05-13 16:00:00,26.8,16.4,273.0,7.7,4.3,101.0,95,35.3,39,20.4,0.0
2026-05-13 17:00:00,27.8,15.5,299.0,9.5,4.1,91.0,94,34.6,42,22.4,0.0
2026-05-13 18:00:00,22.9,15.0,343.0,12.5,4.3,84.0,92,33.3,46,19.5,0.0
2026-05-13 19:00:00,22.5,15.2,395.0,16.6,4.6,73.0,90,32.2,50,16.8,0.0
2026-05-13 20:00:00,23.5,15.5,424.0,19.1,4.9,66.0,89,31.8,51,14.1,0.0
2026-05-13 21:00:00,24.6,15.8,415.0,18.8,5.1,64.0,88,31.4,53,15.2,0.0
2026-05-13 22:00:00,26.1,16.6,382.0,17.0,5.1,64.0,87,30.9,56,15.3,0.0
2026-05-13 23:00:00,28.1,17.7,340.0,14.9,5.1,65.0,86,30.8,58,13.9,0.0
2026-05-14 00:00:00,29.7,18.5,285.0,12.9,4.8,65.0,85,30.2,60,13.2,0.0
2026-05-14 01:00:00,31.1,19.0,220.0,10.7,4.5,65.0,85,29.6,66,11.9,0.0
2026-05-14 02:00:00,30.3,18.5,172.0,8.8,4.2,64.0,85,29.0,71,11.7,0.0
2026-05-14 03:00:00,22.4,13.7,150.0,7.4,4.2,62.0,85,28.6,75,13.2,0.0
2026-05-14 04:00:00,15.3,9.7,145.0,6.4,4.2,60.0,84,28.5,78,14.1,0.0
2026-05-14 05:00:00,13.6,8.2,158.0,5.5,4.0,60.0,83,28.2,84,14.0,0.0
2026-05-14 06:00:00,12.3,7.8,204.0,6.9,4.5,59.0,80,27.9,87,15.0,0.0
2026-05-14 07:00:00,13.0,8.6,268.0,8.6,5.1,58.0,77,28.5,86,15.7,0.0
2026-05-14 08:00:00,17.8,11.3,305.0,9.4,5.5,61.0,75,29.6,79,17.4,0.0
2026-05-14 09:00:00,20.5,12.6,286.0,8.1,5.5,71.0,74,30.6,73,18.4,0.0
2026-05-14 10:00:00,21.7,13.1,239.0,5.9,5.3,83.0,72,31.5,69,18.9,0.0
2026-05-14 11:00:00,21.8,12.9,203.0,4.1,5.0,92.0,69,32.3,64,20.1,0.0
2026-05-14 12:00:00,21.4,13.0,192.0,3.4,4.7,93.0,65,32.5,62,20.6,0.0
2026-05-14 13:00:00,20.8,12.5,192.0,3.2,4.4,90.0,60,32.8,62,19.8,0.0
2026-05-14 14:00:00,21.2,12.5,198.0,3.4,4.2,85.0,57,32.7,62,19.2,0.0
2026-05-14 15:00:00,21.9,12.7,215.0,3.9,4.1,79.0,55,32.3,63,18.6,0.0
2026-05-14 16:00:00,22.9,12.9,238.0,4.8,4.1,71.0,54,31.6,67,18.2,0.0
2026-05-14 17:00:00,34.1,15.9,251.0,6.3,4.2,65.0,54,31.0,69,18.0,0.0
2026-05-14 18:00:00,32.2,15.6,245.0,8.7,4.4,58.0,54,29.8,75,18.1,0.0
2026-05-14 19:00:00,30.9,15.4,230.0,11.9,4.6,49.0,54,29.1,78,17.3,0.0
2026-05-14 20:00:00,22.8,11.5,215.0,14.0,4.8,42.0,54,28.9,78,16.9,0.0
2026-05-14 21:00:00,21.2,11.1,206.0,14.2,4.9,40.0,53,28.6,80,16.3,0.0
2026-05-14 22:00:00,20.9,11.0,198.0,13.4,5.0,39.0,53,28.5,81,15.9,0.0
2026-05-14 23:00:00,20.9,10.8,187.0,12.1,4.9,40.0,52,28.7,82,14.2,0.0
2026-05-15 00:00:00,21.2,10.4,170.0,10.2,4.6,41.0,52,28.6,82,13.6,0.0
2026-05-15 01:00:00,20.9,9.8,150.0,7.9,4.1,43.0,51,28.4,84,14.8,0.0
2026-05-15 02:00:00,21.3,9.5,137.0,6.1,3.8,45.0,50,28.2,85,14.5,0.0
2026-05-15 03:00:00,21.8,9.3,133.0,5.2,3.7,46.0,49,28.2,85,14.7,0.0
2026-05-15 04:00:00,22.6,9.2,136.0,4.8,3.8,46.0,48,28.2,85,16.0,0.0
2026-05-15 05:00:00,24.3,9.9,149.0,4.9,3.7,52.0,48,28.5,80,15.4,0.0
2026-05-15 06:00:00,24.7,9.9,180.0,5.6,3.9,52.0,48,28.3,80,14.2,0.0
2026-05-15 07:00:00,32.2,12.4,221.0,6.5,4.2,52.0,49,28.9,76,17.5,0.0
2026-05-15 08:00:00,37.4,14.2,245.0,6.8,4.4,55.0,50,29.9,68,16.2,0.0
2026-05-15 09:00:00,37.7,14.4,235.0,5.9,4.5,62.0,50,30.9,63,18.7,0.1
2026-05-15 10:00:00,38.4,14.5,208.0,4.3,4.5,72.0,50,31.8,60,17.7,0.0
2026-05-15 11:00:00,38.3,14.7,188.0,3.1,4.5,79.0,50,32.4,58,17.4,0.0
2026-05-15 12:00:00,36.7,14.5,185.0,2.7,4.4,81.0,50,32.8,56,17.3,0.0
2026-05-15 13:00:00,34.7,14.1,189.0,2.6,4.3,81.0,51,32.9,58,17.3,0.0
2026-05-15 14:00:00,33.5,13.7,198.0,2.9,4.3,79.0,51,32.8,59,16.9,0.0
2026-05-15 15:00:00,34.3,13.6,215.0,3.6,4.4,75.0,51,32.5,62,16.4,0.0
2026-05-15 16:00:00,36.1,13.8,237.0,4.6,4.5,69.0,51,32.0,64,16.1,0.0
2026-05-15 17:00:00,28.6,11.9,253.0,6.5,4.8,65.0,51,31.5,66,15.3,0.0
2026-05-15 18:00:00,31.1,12.7,260.0,9.1,5.0,57.0,51,30.4,72,14.5,0.0
2026-05-15 19:00:00,30.7,13.4,261.0,12.7,5.3,47.0,50,29.5,79,13.4,0.0
2026-05-15 20:00:00,27.1,12.9,257.0,15.4,5.5,39.0,50,29.0,83,12.1,0.0
2026-05-15 21:00:00,23.4,11.6,246.0,16.6,5.7,36.0,50,28.7,84,11.3,0.0
2026-05-15 22:00:00,22.1,11.4,230.0,16.9,5.9,36.0,50,28.5,85,11.7,0.0
2026-05-15 23:00:00,21.1,11.0,212.0,16.2,5.9,37.0,50,28.7,83,12.8,0.0
2026-05-16 00:00:00,19.7,10.1,192.0,13.8,5.5,40.0,50,28.5,84,13.7,0.0
2026-05-16 01:00:00,19.2,9.3,171.0,10.3,4.8,44.0,50,28.2,85,12.6,0.0
2026-05-16 02:00:00,19.6,9.1,157.0,7.6,4.4,48.0,50,28.0,86,10.9,0.0
2026-05-16 03:00:00,22.4,9.5,149.0,6.6,4.4,49.0,50,27.9,86,10.6,0.0
2026-05-16 04:00:00,25.6,10.2,148.0,6.3,4.6,50.0,50,27.8,86,9.1,0.0
2026-05-16 05:00:00,28.2,11.4,161.0,6.9,5.3,51.0,50,27.7,86,9.6,0.0
2026-05-16 06:00:00,30.6,12.4,205.0,7.5,5.6,53.0,51,27.6,86,9.0,0.0
2026-05-16 07:00:00,44.4,15.7,263.0,8.2,6.1,57.0,51,28.5,79,8.8,0.0
2026-05-16 08:00:00,51.1,17.5,297.0,8.3,6.4,63.0,51,29.7,71,9.8,0.0
2026-05-16 09:00:00,55.9,19.2,283.0,7.1,6.5,75.0,51,31.0,65,10.8,0.0
2026-05-16 10:00:00,59.4,20.7,244.0,5.4,6.4,91.0,52,31.8,61,11.8,0.0
2026-05-16 11:00:00,62.9,22.1,215.0,4.0,6.2,102.0,52,32.8,58,12.8,0.0
2026-05-16 12:00:00,65.4,22.6,208.0,3.4,5.9,106.0,53,33.0,57,14.2,0.0
2026-05-16 13:00:00,67.5,23.0,212.0,3.2,5.4,105.0,54,33.3,55,13.4,0.0
2026-05-16 14:00:00,70.5,23.5,221.0,3.5,5.1,102.0,55,33.2,55,13.9,0.0
2026-05-16 15:00:00,73.8,24.0,239.0,4.1,5.0,96.0,55,32.6,57,14.3,0.0
2026-05-16 16:00:00,77.5,24.7,264.0,5.3,5.0,87.0,56,31.8,61,14.4,0.0
2026-05-16 17:00:00,86.6,27.0,282.0,8.0,5.6,86.0,57,31.2,63,13.1,0.0
2026-05-16 18:00:00,87.3,27.1,290.0,11.1,5.7,74.0,59,30.0,69,12.6,0.0
2026-05-16 19:00:00,82.7,26.5,291.0,15.3,5.8,57.0,60,28.9,76,11.5,0.0
2026-05-16 20:00:00,75.7,25.0,285.0,19.0,6.0,44.0,61,28.5,80,10.4,0.0
2026-05-16 21:00:00,66.6,23.2,268.0,21.9,6.4,37.0,62,28.2,83,9.3,0.0
2026-05-16 22:00:00,61.2,22.9,242.0,24.1,6.9,32.0,63,28.0,84,9.9,0.0
2026-05-16 23:00:00,59.5,22.5,216.0,24.3,7.0,31.0,64,28.1,85,11.2,0.0
2026-05-17 00:00:00,57.3,21.5,189.0,21.0,6.4,34.0,65,27.8,87,11.9,0.0
2026-05-17 01:00:00,56.1,20.4,161.0,15.5,5.5,39.0,66,27.4,89,11.5,0.0
2026-05-17 02:00:00,54.4,19.2,142.0,11.0,4.8,44.0,67,27.2,88,11.9,0.0
2026-05-17 03:00:00,52.2,18.3,136.0,8.4,4.4,47.0,68,27.0,88,11.7,0.0
2026-05-17 04:00:00,51.9,17.8,139.0,6.7,4.1,49.0,69,27.0,87,12.0,0.0
2026-05-17 05:00:00,54.5,18.1,150.0,5.4,4.0,52.0,70,27.1,88,12.7,0.0
2026-05-17 06:00:00,51.0,17.8,176.0,5.9,4.5,53.0,70,27.0,88,11.7,0.0
2026-05-17 07:00:00,60.3,19.5,211.0,6.6,5.2,56.0,71,27.6,82,12.4,0.0
2026-05-17 08:00:00,72.6,22.2,231.0,6.8,5.8,62.0,71,28.9,74,12.3,0.0
2026-05-17 09:00:00,78.7,24.9,224.0,5.9,6.1,75.0,71,30.5,64,12.5,0.0
2026-05-17 10:00:00,86.4,27.1,202.0,4.5,6.3,92.0,72,32.0,56,13.1,0.0
2026-05-17 11:00:00,88.9,27.9,186.0,3.4,6.3,104.0,72,33.3,44,13.5,0.0
2026-05-17 12:00:00,89.6,27.3,182.0,2.9,6.0,107.0,73,33.7,45,14.5,0.0
2026-05-17 13:00:00,85.0,25.9,184.0,2.7,5.5,105.0,73,33.9,44,14.7,0.0
2026-05-17 14:00:00,80.6,24.8,188.0,2.9,5.2,101.0,74,33.8,45,15.2,0.0
2026-05-17 15:00:00,76.4,23.7,198.0,3.4,5.1,95.0,74,33.2,46,15.4,0.0
2026-05-17 16:00:00,71.7,22.9,210.0,4.3,5.2,88.0,74,32.2,52,15.3,0.0
2026-05-17 17:00:00,86.1,26.0,217.0,5.7,5.3,82.0,74,31.1,63,15.1,0.0
2026-05-17 18:00:00,77.8,25.6,213.0,7.8,5.3,72.0,73,29.6,71,14.6,0.0
2026-05-17 19:00:00,70.1,25.7,203.0,10.6,5.4,58.0,73,28.4,79,13.6,0.0
2026-05-17 20:00:00,60.3,23.4,192.0,12.6,5.4,47.0,73,28.0,81,13.4,0.0
2026-05-17 21:00:00,54.0,22.2,182.0,13.1,5.5,43.0,73,27.9,82,14.1,0.0
2026-05-17 22:00:00,54.1,22.5,172.0,12.7,5.5,43.0,73,27.7,83,14.3,0.0
2026-05-17 23:00:00,54.4,22.7,162.0,11.7,5.4,44.0,73,28.0,80,14.6,0.0
2026-05-18 00:00:00,53.2,22.3,151.0,9.9,5.0,46.0,73,27.7,83,13.7,0.0
2026-05-18 01:00:00,51.7,21.5,140.0,7.5,4.3,49.0,73,27.4,85,13.9,0.0
2026-05-18 02:00:00,51.2,20.7,133.0,5.7,3.9,52.0,73,27.2,86,13.9,0.0
2026-05-18 03:00:00,50.5,20.0,129.0,4.8,3.8,54.0,73,27.1,87,13.3,0.0
2026-05-18 04:00:00,49.0,19.4,130.0,4.3,3.9,55.0,73,27.0,86,13.3,0.0
2026-05-18 05:00:00,46.6,18.4,140.0,4.2,3.5,55.0,74,27.0,85,14.1,0.0
2026-05-18 06:00:00,46.7,18.7,170.0,5.1,3.9,56.0,74,27.1,82,14.6,0.0
2026-05-18 07:00:00,55.2,20.5,210.0,6.3,4.5,57.0,74,27.9,76,17.0,0.0
2026-05-18 08:00:00,63.8,24.2,234.0,6.8,4.9,61.0,74,28.8,71,18.0,0.0
2026-05-18 09:00:00,66.6,25.3,228.0,6.0,5.1,69.0,74,30.0,65,18.4,0.0
2026-05-18 10:00:00,69.2,26.1,207.0,4.5,5.1,80.0,74,31.0,61,17.5,0.0
2026-05-18 11:00:00,70.1,26.2,191.0,3.4,5.0,87.0,74,32.0,58,18.4,0.0
2026-05-18 12:00:00,68.2,25.6,187.0,2.9,4.8,88.0,74,32.2,57,19.1,0.0
2026-05-18 13:00:00,66.4,24.9,187.0,2.7,4.5,86.0,74,32.2,56,19.6,0.0
2026-05-18 14:00:00,65.7,24.7,192.0,2.9,4.3,83.0,74,32.1,59,19.6,0.0
2026-05-18 15:00:00,64.5,24.6,206.0,3.4,4.3,78.0,74,31.7,62,19.7,0.0
2026-05-18 16:00:00,62.9,24.4,224.0,4.3,4.3,72.0,74,31.2,64,19.8,0.0
2026-05-18 17:00:00,61.9,24.7,235.0,6.0,4.4,66.0,74,30.8,66,18.9,0.0
2026-05-18 18:00:00,60.5,24.6,233.0,8.0,4.5,60.0,74,29.6,72,18.4,0.0
2026-05-18 19:00:00,56.8,24.3,224.0,10.7,4.8,52.0,74,28.8,77,17.6,0.0
2026-05-18 20:00:00,48.4,21.0,213.0,12.6,4.9,46.0,73,28.5,79,16.9,0.0
2026-05-18 21:00:00,43.8,18.7,203.0,12.9,5.0,44.0,73,28.5,79,17.9,0.0
2026-05-18 22:00:00,41.4,17.8,191.0,12.4,5.0,45.0,73,28.5,80,17.0,0.0
2026-05-18 23:00:00,40.9,17.4,179.0,11.4,4.9,46.0,72,28.5,80,16.4,0.0
2026-05-19 00:00:00,40.0,16.8,164.0,9.7,4.6,48.0,72,28.4,81,17.3,0.0
2026-05-19 01:00:00,39.5,16.2,149.0,7.5,4.1,51.0,71,28.2,83,15.1,0.0
2026-05-19 02:00:00,39.6,15.9,139.0,5.8,3.8,53.0,71,28.2,82,15.6,0.0
2026-05-19 03:00:00,39.9,15.8,134.0,5.0,3.7,54.0,71,28.2,81,15.9,0.0
2026-05-19 04:00:00,40.0,15.7,134.0,4.6,3.8,54.0,70,28.2,82,16.6,0.0
2026-05-19 05:00:00,39.6,16.1,144.0,4.5,3.7,57.0,70,28.3,82,16.8,0.0
2026-05-19 06:00:00,39.8,16.2,173.0,5.2,3.9,58.0,70,28.3,82,17.2,0.0
2026-05-19 07:00:00,48.5,19.3,211.0,6.2,4.2,59.0,69,29.0,79,19.7,0.0
2026-05-19 08:00:00,60.5,22.2,235.0,6.6,4.5,62.0,69,30.0,72,21.3,0.0
2026-05-19 09:00:00,65.4,23.5,229.0,5.8,4.7,70.0,69,31.0,67,21.2,0.0
2026-05-19 10:00:00,63.8,23.1,207.0,4.5,4.8,80.0,69,31.9,66,20.2,0.0
2026-05-19 11:00:00,67.5,23.7,192.0,3.5,4.9,87.0,69,32.8,63,19.6,0.0
2026-05-19 12:00:00,70.8,24.4,190.0,3.1,4.8,90.0,69,33.0,63,19.5,0.0
2026-05-19 13:00:00,71.0,24.8,194.0,3.0,4.7,91.0,68,33.1,63,19.6,0.0
2026-05-19 14:00:00,67.8,24.5,204.0,3.3,4.6,89.0,68,32.9,65,19.2,0.0
2026-05-19 15:00:00,64.7,24.1,224.0,4.1,4.6,84.0,68,32.5,67,18.6,0.0
2026-05-19 16:00:00,59.5,23.1,249.0,5.2,4.6,76.0,68,31.9,71,17.7,0.0
2026-05-19 17:00:00,58.7,22.8,264.0,6.8,4.7,70.0,68,31.5,70,17.1,0.0
2026-05-19 18:00:00,49.8,21.4,259.0,9.1,4.9,62.0,68,30.4,76,16.1,0.0
2026-05-19 19:00:00,42.7,20.4,245.0,12.2,5.2,52.0,68,29.5,82,14.7,0.0
2026-05-19 20:00:00,34.3,16.6,231.0,14.4,5.4,44.0,67,29.0,86,12.6,0.0
2026-05-19 21:00:00,31.4,16.2,225.0,15.1,5.5,41.0,67,28.9,87,10.1,0.0
2026-05-19 22:00:00,31.9,16.4,220.0,14.8,5.6,42.0,67,28.6,87,9.9,0.0
2026-05-19 23:00:00,33.2,16.8,210.0,13.9,5.5,43.0,67,28.9,87,10.7,0.0
2026-05-20 00:00:00,34.0,16.8,190.0,12.0,5.1,45.0,67,28.5,90,11.2,0.0
2026-05-20 01:00:00,34.0,16.4,166.0,9.5,4.6,49.0,67,28.2,91,11.8,0.0
2026-05-20 02:00:00,34.2,16.2,149.0,7.5,4.3,52.0,67,28.0,92,12.1,0.0
2026-05-20 03:00:00,36.0,16.5,141.0,6.5,4.2,54.0,67,27.8,93,11.3,0.0
2026-05-20 04:00:00,38.4,16.9,139.0,6.0,4.3,56.0,67,27.6,93,12.1,0.0
2026-05-20 05:00:00,37.3,16.7,152.0,5.9,4.4,58.0,67,27.9,90,13.0,0.0
2026-05-20 06:00:00,38.1,17.1,193.0,6.8,4.7,61.0,67,27.8,89,14.0,0.0
2026-05-20 07:00:00,48.0,19.3,249.0,8.0,5.1,65.0,67,28.5,82,16.0,0.0
2026-05-20 08:00:00,56.2,22.5,282.0,8.5,5.5,72.0,67,29.5,75,15.4,0.0
2026-05-20 09:00:00,61.7,23.9,271.0,7.5,5.8,85.0,67,30.4,70,15.8,0.0
2026-05-20 10:00:00,68.0,25.4,237.0,5.7,5.9,101.0,67,31.2,67,16.4,0.0
2026-05-20 11:00:00,73.3,26.7,212.0,4.3,6.0,113.0,67,32.5,63,17.0,0.0
2026-05-20 12:00:00,76.1,27.1,207.0,3.8,5.9,117.0,68,33.0,58,17.1,0.0
2026-05-20 13:00:00,78.0,27.4,211.0,3.6,5.6,117.0,68,33.2,56,17.4,0.0
2026-05-20 14:00:00,76.8,27.4,220.0,4.0,5.4,114.0,68,33.2,57,17.0,0.0
2026-05-20 15:00:00,77.3,27.8,237.0,4.8,5.4,108.0,68,32.8,59,16.7,0.0
2026-05-20 16:00:00,75.9,28.0,259.0,6.1,5.4,100.0,69,32.1,64,16.9,0.0
2026-05-20 17:00:00,92.2,32.4,276.0,8.0,5.2,92.0,69,31.6,63,15.8,0.0
2026-05-20 18:00:00,83.6,31.2,286.0,11.2,5.5,81.0,70,30.4,71,14.6,0.0
2026-05-20 19:00:00,74.5,30.5,292.0,15.6,6.0,67.0,71,29.4,78,12.5,0.0
2026-05-20 20:00:00,61.2,27.5,287.0,18.3,6.2,56.0,72,28.9,83,11.8,0.0
2026-05-20 21:00:00,55.4,26.0,266.0,18.0,6.1,53.0,73,28.6,85,12.0,0.0
2026-05-20 22:00:00,53.7,24.9,236.0,16.1,5.8,54.0,73,28.5,86,13.2,0.0
2026-05-20 23:00:00,52.0,23.8,208.0,13.9,5.5,55.0,74,28.8,85,16.3,0.0
2026-05-22 00:00:00,90.3,36.4,191.0,13.5,5.9,48.0,93,28.7,82,13.0,0.0
2026-05-22 01:00:00,87.3,35.3,174.0,11.6,5.6,49.0,94,28.5,84,12.2,0.0
2026-05-22 02:00:00,84.8,34.1,162.0,10.1,5.4,49.0,96,28.3,85,11.3,0.0
2026-05-22 03:00:00,83.6,33.3,156.0,9.4,5.5,48.0,97,28.0,87,10.6,0.0
2026-05-22 04:00:00,82.4,32.6,155.0,9.1,5.7,47.0,98,27.9,88,9.7,0.0
2026-05-22 05:00:00,79.9,30.9,169.0,7.6,5.4,52.0,98,28.1,86,9.6,0.0
2026-05-22 06:00:00,79.9,31.0,214.0,8.2,5.8,53.0,99,27.9,87,9.7,0.0
2026-05-22 07:00:00,98.0,34.0,274.0,9.0,6.3,55.0,100,28.6,82,10.2,0.0
2026-05-22 08:00:00,117.6,37.4,310.0,9.1,6.7,60.0,100,29.9,75,10.5,0.0
2026-05-22 09:00:00,130.4,40.2,297.0,7.8,6.8,72.0,101,30.9,70,10.8,0.0
2026-05-22 10:00:00,138.8,42.4,259.0,5.8,6.9,87.0,101,31.6,67,11.8,0.0
2026-05-22 11:00:00,139.7,43.8,231.0,4.3,6.8,98.0,102,32.3,63,11.7,0.0
2026-05-22 12:00:00,143.0,45.1,227.0,3.7,6.6,103.0,103,32.7,61,12.4,0.0
2026-05-22 13:00:00,143.9,45.5,233.0,3.5,6.4,105.0,104,33.0,59,13.2,0.0
2026-05-22 14:00:00,143.9,45.6,242.0,3.8,6.2,103.0,105,32.9,60,14.1,0.0
2026-05-22 15:00:00,141.6,45.4,256.0,4.6,6.1,95.0,107,32.3,62,15.2,0.0
2026-05-22 16:00:00,132.2,43.9,273.0,5.9,5.9,83.0,108,31.5,66,15.6,0.0
2026-05-22 17:00:00,163.0,52.6,279.0,7.5,5.8,74.0,109,31.2,70,13.7,0.0
2026-05-22 18:00:00,156.9,51.2,265.0,8.6,5.6,67.0,110,30.1,75,13.7,0.0
2026-05-22 19:00:00,148.1,49.6,239.0,10.1,5.4,57.0,111,29.5,78,13.1,0.0
2026-05-22 20:00:00,147.6,49.1,217.0,11.0,5.2,50.0,112,29.4,79,14.8,0.0
2026-05-22 21:00:00,151.3,49.1,204.0,10.9,5.1,48.0,113,29.2,79,15.7,0.0
2026-05-22 22:00:00,142.5,48.5,195.0,10.2,5.1,50.0,114,29.1,79,14.5,0.0
2026-05-22 23:00:00,139.2,48.9,185.0,9.4,5.0,51.0,115,29.1,80,14.3,0.0
2026-05-23 00:00:00,137.4,49.0,170.0,8.5,4.9,52.0,116,29.0,80,13.7,0.0
2026-05-23 01:00:00,135.0,49.1,154.0,7.6,4.7,53.0,117,28.8,81,12.8,0.0
2026-05-23 02:00:00,133.6,48.4,143.0,6.8,4.6,54.0,119,28.5,83,11.8,0.0
2026-05-23 03:00:00,127.6,46.9,136.0,6.3,4.7,55.0,120,28.4,82,10.7,0.0
2026-05-23 04:00:00,121.1,44.0,134.0,6.1,4.8,57.0,122,28.2,82,10.0,0.0
2026-05-23 05:00:00,99.0,38.0,149.0,6.2,5.0,61.0,123,28.0,82,10.3,0.0
2026-05-23 06:00:00,90.3,36.2,199.0,7.2,5.4,64.0,124,27.6,84,10.0,0.0
2026-05-23 07:00:00,105.9,38.2,265.0,8.6,5.9,68.0,124,28.3,78,10.3,0.0
2026-05-23 08:00:00,110.8,40.2,305.0,9.1,6.3,75.0,125,29.4,73,9.9,0.0
2026-05-23 09:00:00,109.4,40.4,293.0,7.9,6.5,89.0,125,30.6,66,10.7,0.0
2026-05-23 10:00:00,108.3,40.7,255.0,5.9,6.6,106.0,125,31.5,62,12.0,0.0
2026-05-23 11:00:00,106.6,40.5,226.0,4.3,6.5,118.0,125,32.3,60,12.8,0.0
2026-05-23 12:00:00,102.9,40.0,221.0,3.6,6.2,122.0,124,32.5,58,13.4,0.0
2026-05-23 13:00:00,100.1,39.6,225.0,3.5,5.8,120.0,124,32.5,58,14.4,0.0
2026-05-23 14:00:00,99.0,39.1,231.0,3.7,5.5,115.0,123,32.0,62,15.5,0.0
2026-05-23 15:00:00,99.4,38.8,239.0,4.4,5.2,105.0,123,31.5,65,16.4,0.0
2026-05-23 16:00:00,100.8,39.0,248.0,5.5,5.0,91.0,122,31.0,67,16.7,0.0
2026-05-23 17:00:00,101.0,39.0,253.0,7.1,5.0,84.0,121,30.9,67,15.8,0.0
2026-05-23 18:00:00,102.2,39.5,249.0,8.7,5.1,76.0,120,29.9,71,14.9,0.0
2026-05-23 19:00:00,101.3,39.5,240.0,11.0,5.2,65.0,119,29.0,76,14.0,0.0
2026-05-23 20:00:00,100.4,39.5,229.0,12.8,5.3,57.0,118,28.5,78,13.4,0.0
2026-05-23 21:00:00,92.2,38.6,215.0,13.9,5.4,54.0,117,28.6,77,13.9,0.0
2026-05-23 22:00:00,89.6,38.5,199.0,14.6,5.6,54.0,116,28.5,78,14.3,0.0
2026-05-23 23:00:00,88.0,38.2,183.0,14.1,5.5,55.0,115,28.5,79,14.0,0.0
2026-05-24 00:00:00,85.7,37.3,166.0,11.7,5.0,58.0,113,28.2,80,13.6,0.0
2026-05-24 01:00:00,85.2,36.2,149.0,8.3,4.2,63.0,112,28.0,82,14.3,0.0
2026-05-24 02:00:00,82.4,35.2,137.0,5.6,3.7,67.0,111,27.8,82,14.6,0.0
2026-05-24 03:00:00,82.0,34.6,132.0,4.5,3.6,68.0,109,27.8,81,14.6,0.0
2026-05-24 04:00:00,85.7,35.7,133.0,4.3,3.7,68.0,108,27.8,79,14.2,0.0
2026-05-24 05:00:00,77.8,33.4,140.0,4.2,3.7,72.0,107,27.9,81,14.8,0.0
2026-05-24 06:00:00,81.0,33.9,158.0,4.5,3.9,74.0,107,28.0,78,14.5,0.0
2026-05-24 07:00:00,104.1,39.2,182.0,5.0,4.3,76.0,107,28.8,73,15.6,0.0
2026-05-24 08:00:00,108.7,40.6,195.0,5.0,4.5,79.0,107,29.6,70,17.7,0.0
2026-05-24 09:00:00,109.0,40.7,188.0,4.3,4.6,84.0,107,30.6,65,18.3,0.0
2026-05-24 10:00:00,109.7,40.9,171.0,3.2,4.6,90.0,107,31.5,61,18.8,0.0
2026-05-24 11:00:00,108.7,40.4,158.0,2.4,4.6,94.0,107,32.3,60,19.8,0.0
2026-05-24 12:00:00,108.5,40.2,156.0,2.1,4.5,93.0,107,32.7,58,20.0,0.0
2026-05-24 13:00:00,108.0,39.7,159.0,2.0,4.3,90.0,107,32.6,59,19.2,0.0
2026-05-24 14:00:00,107.1,39.1,164.0,2.2,4.1,86.0,107,32.8,59,18.8,0.0
2026-05-24 15:00:00,102.4,37.6,175.0,2.6,4.1,80.0,107,32.5,62,18.7,0.0
2026-05-24 16:00:00,96.9,35.7,188.0,3.3,4.1,74.0,107,31.8,66,18.6,0.0
2026-05-24 17:00:00,118.5,43.9,195.0,4.3,4.1,68.0,106,31.0,67,18.3,0.0
2026-05-24 18:00:00,110.1,41.4,191.0,5.3,4.2,62.0,107,30.0,72,17.2,0.0
2026-05-24 19:00:00,99.4,39.1,181.0,6.7,4.3,55.0,107,29.1,79,16.4,0.0
2026-05-24 20:00:00,83.4,32.8,171.0,7.7,4.4,49.0,107,28.8,81,17.6,0.0
2026-05-24 21:00:00,70.1,28.6,164.0,7.9,4.4,47.0,106,28.8,80,18.2,0.0
2026-05-24 22:00:00,65.4,27.1,158.0,7.6,4.3,47.0,105,28.8,81,16.9,0.0
2026-05-24 23:00:00,62.4,25.5,151.0,7.1,4.2,48.0,104,28.9,79,17.4,0.0
2026-05-25 00:00:00,59.1,24.0,141.0,6.2,3.9,49.0,103,28.7,80,17.6,0.0
2026-05-25 01:00:00,58.2,23.3,131.0,5.1,3.6,50.0,101,28.8,78,17.4,0.0
2026-05-25 02:00:00,58.8,23.3,125.0,4.3,3.3,51.0,100,28.5,81,17.6,0.0
2026-05-25 03:00:00,58.3,23.4,121.0,3.9,3.2,52.0,99,28.4,82,17.7,0.0
2026-05-25 04:00:00,57.9,23.6,122.0,3.7,3.3,53.0,98,28.4,81,17.1,0.0
2026-05-25 05:00:00,61.9,24.9,134.0,3.8,3.3,54.0,97,28.0,87,16.2,0.0
2026-05-25 06:00:00,58.9,24.6,171.0,4.8,3.7,55.0,96,28.1,87,15.8,0.0
2026-05-25 07:00:00,69.8,27.0,220.0,6.1,4.2,58.0,95,29.0,82,17.6,0.0
2026-05-25 08:00:00,95.5,34.6,250.0,6.8,4.7,62.0,94,30.2,74,18.0,0.0
2026-05-25 09:00:00,99.0,34.8,243.0,6.1,5.0,70.0,94,31.2,69,18.4,0.0
2026-05-25 10:00:00,103.6,35.9,216.0,4.7,5.2,80.0,93,32.0,66,17.3,0.0
2026-05-25 11:00:00,105.2,36.4,196.0,3.6,5.3,87.0,93,32.3,66,18.0,0.0
2026-05-25 12:00:00,102.0,36.1,189.0,3.1,5.2,89.0,92,32.6,65,19.0,0.0
2026-05-25 13:00:00,90.3,33.5,189.0,2.9,4.9,89.0,92,32.9,64,20.3,0.0
2026-05-25 14:00:00,83.4,31.5,195.0,3.2,4.7,86.0,92,32.9,65,20.2,0.0
2026-05-25 15:00:00,79.9,30.3,213.0,4.0,4.6,81.0,91,32.3,68,19.8,0.0
2026-05-25 16:00:00,74.0,28.6,238.0,5.3,4.6,73.0,90,31.8,72,18.6,0.0
2026-05-25 17:00:00,80.3,31.0,255.0,6.9,4.9,69.0,90,31.5,72,16.9,0.0
2026-05-25 18:00:00,66.6,27.8,257.0,9.0,5.0,62.0,88,30.5,78,13.9,0.0
2026-05-25 19:00:00,50.3,22.6,250.0,11.8,5.2,52.0,87,29.6,83,13.0,0.0
2026-05-25 20:00:00,42.4,19.7,239.0,14.3,5.5,44.0,86,29.4,84,12.7,0.0
2026-05-25 21:00:00,39.9,19.4,225.0,16.2,5.9,40.0,85,29.2,85,11.3,0.0
2026-05-25 22:00:00,38.1,19.1,207.0,17.7,6.4,38.0,84,29.0,87,10.2,0.0
2026-05-25 23:00:00,37.7,19.4,189.0,17.8,6.6,38.0,83,29.2,87,10.3,0.0
2026-05-26 00:00:00,37.5,19.0,172.0,15.7,6.2,40.0,83,28.8,90,10.5,0.0
2026-05-26 01:00:00,36.6,17.9,155.0,12.3,5.4,44.0,82,28.5,92,10.6,0.0
2026-05-26 02:00:00,34.9,16.7,143.0,9.4,4.8,47.0,82,28.3,93,12.7,0.0
2026-05-26 03:00:00,35.3,16.1,134.0,7.5,4.5,49.0,81,28.1,93,13.3,0.0
2026-05-26 04:00:00,36.2,15.9,131.0,6.2,4.4,51.0,80,28.1,93,13.5,0.0
2026-05-26 05:00:00,33.2,15.4,144.0,6.0,4.3,52.0,80,28.1,93,13.2,0.0
2026-05-26 06:00:00,34.1,15.8,192.0,7.0,4.7,53.0,79,28.0,94,12.7,0.0
2026-05-26 07:00:00,41.8,18.2,256.0,8.3,5.3,54.0,78,28.8,88,13.3,0.0
2026-05-26 08:00:00,57.9,23.5,296.0,8.8,5.8,60.0,77,30.0,80,12.0,0.0
2026-05-26 09:00:00,62.9,25.8,287.0,7.7,6.0,73.0,76,31.1,75,11.4,0.0
2026-05-26 10:00:00,71.7,28.7,252.0,5.8,6.1,90.0,75,32.2,71,11.3,0.0
2026-05-26 11:00:00,77.1,30.5,226.0,4.4,6.1,103.0,75,33.2,66,13.5,0.0
2026-05-26 12:00:00,80.6,31.3,218.0,3.8,6.0,108.0,74,33.7,63,14.5,0.0
2026-05-26 13:00:00,77.8,30.7,218.0,3.7,5.7,108.0,74,33.8,63,15.7,0.0
2026-05-26 14:00:00,73.3,29.3,226.0,4.0,5.5,105.0,74,33.8,63,16.2,0.0
2026-05-26 15:00:00,65.9,27.2,248.0,4.7,5.3,98.0,73,33.5,63,15.9,0.0
2026-05-26 16:00:00,55.9,24.4,279.0,5.9,5.2,87.0,73,33.1,65,15.1,0.0
2026-05-26 17:00:00,47.1,21.5,299.0,8.0,5.5,80.0,73,32.8,67,13.4,0.0
2026-05-26 18:00:00,38.2,18.8,299.0,10.8,5.8,70.0,72,31.3,74,12.2,0.0
2026-05-26 19:00:00,30.3,17.2,288.0,14.7,6.2,56.0,71,30.0,81,12.0,0.0
2026-05-26 20:00:00,24.1,14.8,277.0,17.5,6.5,45.0,71,29.5,84,10.8,0.0
2026-05-26 21:00:00,24.2,15.0,272.0,18.3,6.7,41.0,70,29.1,87,10.2,0.0
2026-05-26 22:00:00,27.2,16.3,267.0,18.0,6.7,41.0,70,29.0,88,9.4,0.0
2026-05-26 23:00:00,30.3,17.3,254.0,17.2,6.7,41.0,70,28.9,90,8.0,0.0
2026-05-27 00:00:00,31.7,17.6,223.0,15.9,6.6,40.0,69,28.5,92,6.6,0.0
2026-05-27 01:00:00,32.5,17.4,184.0,14.1,6.3,40.0,69,28.2,93,6.9,0.0
2026-05-27 02:00:00,31.5,16.8,155.0,12.3,6.1,41.0,69,28.0,94,9.2,0.0
2026-05-27 03:00:00,30.7,16.1,140.0,10.5,5.8,42.0,69,27.9,94,10.6,0.0
2026-05-27 04:00:00,32.2,15.8,135.0,8.8,5.5,45.0,69,27.9,93,12.4,0.0
2026-05-27 05:00:00,32.0,15.4,148.0,7.4,5.4,48.0,69,28.2,92,13.8,0.0
2026-05-27 06:00:00,33.1,15.7,194.0,8.2,5.6,49.0,69,28.1,92,13.9,0.0
2026-05-27 07:00:00,38.8,17.6,258.0,9.2,6.0,51.0,69,28.9,87,13.6,0.0
2026-05-27 08:00:00,48.3,20.5,296.0,9.5,6.2,56.0,69,30.0,79,14.0,0.0
2026-05-27 09:00:00,51.6,22.6,283.0,8.2,6.2,68.0,69,31.1,73,14.3,0.0
2026-05-27 10:00:00,53.1,23.9,244.0,6.1,6.1,84.0,69,32.1,69,13.9,0.0
2026-05-27 11:00:00,52.5,24.6,214.0,4.5,5.9,96.0,68,33.0,64,14.8,0.0
2026-05-27 12:00:00,50.6,24.7,206.0,3.8,5.7,102.0,68,33.3,64,15.8,0.0
2026-05-27 13:00:00,48.8,24.6,208.0,3.7,5.5,103.0,67,33.3,65,16.2,0.0
2026-05-27 14:00:00,48.1,24.5,217.0,4.0,5.3,101.0,67,33.2,66,16.7,0.0
2026-05-27 15:00:00,47.4,24.0,236.0,4.7,5.2,93.0,66,32.8,68,16.7,0.0
2026-05-27 16:00:00,46.9,23.2,263.0,6.0,5.2,82.0,66,32.3,71,16.2,0.0
2026-05-27 17:00:00,59.5,27.8,284.0,8.1,5.3,75.0,66,32.2,69,15.3,0.0
2026-05-27 18:00:00,58.3,27.1,299.0,11.4,5.7,65.0,66,31.2,74,13.5,0.0
2026-05-27 19:00:00,54.6,26.4,309.0,15.9,6.1,50.0,67,30.0,81,11.8,0.0
2026-05-27 20:00:00,43.3,22.2,306.0,18.8,6.4,40.0,68,29.5,87,11.6,0.0
2026-05-27 21:00:00,39.2,20.7,281.0,18.6,6.3,38.0,69,29.1,89,12.3,0.0
2026-05-27 22:00:00,37.5,20.1,243.0,16.7,6.1,40.0,69,28.9,91,14.0,0.0
2026-05-27 23:00:00,37.4,19.8,207.0,14.5,5.7,43.0,69,29.1,89,12.9,0.0
2026-05-28 00:00:00,36.3,19.2,178.0,12.2,5.2,45.0,70,28.9,91,13.4,0.0
2026-05-28 01:00:00,35.2,18.5,152.0,9.6,4.7,47.0,70,28.6,92,14.3,0.0
2026-05-28 02:00:00,34.3,17.8,134.0,7.5,4.3,48.0,70,28.4,93,14.0,0.0
2026-05-28 03:00:00,33.6,17.2,124.0,6.3,4.1,48.0,70,28.4,92,14.7,0.0
2026-05-28 04:00:00,32.8,17.0,123.0,5.7,4.1,49.0,70,28.3,92,15.0,0.0
2026-05-28 05:00:00,33.3,16.9,135.0,5.4,4.1,51.0,70,28.4,91,15.5,0.0
2026-05-28 06:00:00,32.4,16.9,174.0,6.6,4.5,51.0,70,28.2,92,14.7,0.0
2026-05-28 07:00:00,35.9,18.6,227.0,8.2,5.2,51.0,70,29.1,86,15.9,0.0
2026-05-28 08:00:00,43.5,21.6,260.0,8.9,5.6,54.0,70,30.2,79,17.1,0.0
2026-05-28 09:00:00,47.0,23.3,252.0,7.8,5.7,65.0,71,31.4,72,17.1,0.0
2026-05-28 10:00:00,48.5,24.3,223.0,5.8,5.7,79.0,71,32.2,69,16.9,0.0
2026-05-28 11:00:00,48.5,24.8,201.0,4.3,5.6,89.0,71,33.2,65,16.7,0.0
2026-05-28 12:00:00,47.5,24.7,196.0,3.7,5.4,93.0,71,33.4,65,16.4,0.0
2026-05-28 13:00:00,46.9,24.5,199.0,3.4,5.0,94.0,71,33.6,64,16.1,0.0
2026-05-28 14:00:00,47.8,24.7,208.0,3.7,4.8,91.0,71,33.3,67,17.5,0.0
2026-05-28 15:00:00,46.3,24.0,227.0,4.4,4.7,85.0,71,32.8,72,17.8,0.0
2026-05-28 16:00:00,46.4,23.3,252.0,5.6,4.7,75.0,71,32.2,74,18.0,0.0
2026-05-28 17:00:00,75.7,35.3,268.0,7.2,4.7,67.0,71,32.0,74,16.8,0.0
2026-05-28 18:00:00,68.2,33.2,266.0,9.6,4.8,60.0,71,30.9,79,15.7,0.0
2026-05-28 19:00:00,55.5,27.5,254.0,12.9,5.1,51.0,72,30.0,84,15.1,0.0
2026-05-28 20:00:00,46.0,24.2,241.0,15.3,5.3,44.0,72,29.6,88,13.8,0.0
2026-05-28 21:00:00,43.5,23.2,232.0,16.2,5.6,41.0,72,29.5,89,12.6,0.0
2026-05-28 22:00:00,42.8,23.1,223.0,16.3,6.0,41.0,72,29.2,90,11.9,0.0
2026-05-28 23:00:00,41.2,22.6,209.0,15.5,6.1,41.0,73,29.4,90,13.3,0.0
2026-05-29 00:00:00,38.8,21.4,184.0,13.4,5.7,43.0,73,29.0,92,14.4,0.0
2026-05-29 01:00:00,36.4,19.8,155.0,10.4,5.0,45.0,73,28.9,92,13.2,0.0
2026-05-29 02:00:00,33.4,18.1,134.0,7.9,4.5,48.0,73,28.8,91,13.1,0.0
2026-05-29 03:00:00,31.5,16.9,124.0,6.4,4.2,50.0,73,28.7,91,12.4,0.0
2026-05-29 04:00:00,30.7,16.2,124.0,5.3,4.1,51.0,73,28.6,91,15.1,0.0
2026-05-29 05:00:00,30.9,16.2,137.0,5.0,3.9,53.0,73,28.8,92,15.5,0.0
2026-05-29 06:00:00,31.0,16.2,178.0,6.1,4.3,53.0,73,28.8,91,13.8,0.0
2026-05-29 07:00:00,34.8,17.8,234.0,7.5,4.8,53.0,73,29.5,87,13.8,0.0
2026-05-29 08:00:00,43.7,21.5,268.0,8.1,5.2,57.0,73,30.6,79,16.2,0.0
2026-05-29 09:00:00,49.4,24.4,260.0,7.3,5.5,69.0,73,31.9,72,15.9,0.0
2026-05-29 10:00:00,53.7,26.7,232.0,5.6,5.7,84.0,73,32.6,70,16.0,0.0
2026-05-29 11:00:00,57.7,28.2,211.0,4.4,5.7,95.0,73,33.5,66,16.4,0.0
2026-05-29 12:00:00,60.5,28.9,208.0,3.8,5.5,99.0,74,34.0,64,17.3,0.0
2026-05-29 13:00:00,62.6,29.2,212.0,3.6,5.2,98.0,74,34.5,63,17.5,0.0
2026-05-29 14:00:00,62.9,28.7,221.0,3.9,4.9,95.0,74,34.3,63,17.2,0.0
2026-05-29 15:00:00,62.9,27.9,238.0,4.7,4.8,88.0,75,34.0,65,17.1,0.0
2026-05-29 16:00:00,58.4,26.4,260.0,6.0,4.7,78.0,75,33.0,70,17.3,0.0
2026-05-29 17:00:00,78.2,33.3,277.0,8.0,4.6,75.0,75,32.2,72,17.3,0.0
2026-05-29 18:00:00,62.2,28.9,287.0,10.5,4.9,66.0,75,31.3,75,16.4,0.0
2026-05-29 19:00:00,44.0,23.3,293.0,13.9,5.2,54.0,75,30.3,80,15.9,0.0
2026-05-29 20:00:00,34.1,19.6,290.0,16.0,5.4,45.0,74,30.0,83,13.6,0.0
2026-05-29 21:00:00,31.1,18.4,277.0,15.6,5.3,43.0,74,29.8,85,12.1,0.0
2026-05-29 22:00:00,30.4,18.1,257.0,13.8,5.0,45.0,74,29.5,85,12.2,0.0
2026-05-29 23:00:00,30.2,17.7,232.0,11.8,4.7,47.0,73,29.4,87,11.8,0.0
2026-05-31 00:00:00,28.1,16.5,181.0,11.0,5.0,46.0,69,29.4,90,13.4,0.0
2026-05-31 01:00:00,28.3,16.3,154.0,8.3,4.4,48.0,69,29.2,90,14.7,0.0
2026-05-31 02:00:00,29.5,16.6,136.0,6.3,4.0,50.0,69,29.1,89,14.6,0.0
2026-05-31 03:00:00,31.1,17.3,129.0,5.5,3.9,50.0,69,28.9,92,13.4,0.0
2026-05-31 04:00:00,32.8,18.0,131.0,5.4,3.9,48.0,69,28.7,92,12.5,0.0
2026-05-31 05:00:00,33.3,18.3,141.0,5.9,4.4,49.0,70,28.9,92,14.1,0.0
2026-05-31 06:00:00,34.8,19.0,168.0,6.1,4.6,50.0,70,28.8,92,11.8,0.0
2026-05-31 07:00:00,38.6,20.4,203.0,6.3,4.9,52.0,70,29.6,86,11.7,0.0
2026-05-31 08:00:00,44.6,22.6,223.0,6.1,5.1,55.0,70,30.5,80,13.4,0.0
2026-05-31 09:00:00,47.3,23.3,211.0,5.3,5.1,61.0,70,31.5,74,15.2,0.1
2026-05-31 10:00:00,46.7,23.3,183.0,4.1,5.0,67.0,70,32.1,71,16.6,0.2
2026-05-31 11:00:00,44.8,22.5,162.0,3.2,4.9,73.0,70,32.6,70,16.2,0.2
2026-05-31 12:00:00,42.8,21.7,157.0,2.6,4.7,77.0,69,33.0,67,15.9,0.2
2026-05-31 13:00:00,40.5,20.4,160.0,2.3,4.5,79.0,68,32.8,69,16.0,0.1
2026-05-31 14:00:00,40.4,20.5,165.0,2.2,4.4,79.0,68,32.8,69,16.1,0.1
2026-05-31 15:00:00,38.1,19.2,173.0,2.5,4.4,76.0,67,32.5,71,17.0,0.1
2026-05-31 16:00:00,37.5,19.0,184.0,3.1,4.4,70.0,66,32.0,73,16.9,0.1
2026-05-31 17:00:00,49.9,23.4,190.0,4.1,4.6,65.0,66,31.6,71,16.8,0.1
2026-05-31 18:00:00,47.4,22.4,187.0,5.7,4.8,60.0,66,30.9,73,16.0,0.0
2026-05-31 19:00:00,42.8,21.0,179.0,7.9,5.1,52.0,66,30.4,75,15.9,0.1
2026-05-31 20:00:00,41.1,21.4,172.0,9.5,5.4,47.0,66,30.1,77,14.3,0.1
2026-05-31 21:00:00,39.5,21.4,168.0,10.1,5.6,46.0,66,30.0,76,13.5,0.1
2026-05-31 22:00:00,35.0,19.1,165.0,10.1,5.8,46.0,67,29.9,76,12.5,0.2
2026-05-31 23:00:00,33.6,18.2,159.0,9.9,5.8,47.0,67,29.9,80,12.5,0.1
2026-06-01 00:00:00,33.6,18.1,147.0,9.4,5.6,47.0,67,29.5,83,10.2,0.0
2026-06-01 01:00:00,41.4,21.1,133.0,8.6,5.2,48.0,67,29.2,84,10.1,0.0
2026-06-01 02:00:00,39.1,20.1,124.0,8.0,5.0,48.0,68,29.1,85,10.8,0.0
2026-06-01 03:00:00,39.8,20.1,117.0,7.8,5.0,47.0,68,29.0,85,11.2,0.0
2026-06-01 04:00:00,38.5,19.4,115.0,7.8,5.1,46.0,68,28.9,85,9.9,0.0
2026-06-01 05:00:00,40.9,18.9,130.0,5.9,5.0,55.0,68,28.6,86,6.6,0.0
2026-06-01 06:00:00,40.4,19.4,183.0,7.0,5.6,56.0,68,28.6,86,7.0,0.0
2026-06-01 07:00:00,55.5,23.3,253.0,8.5,6.5,59.0,69,29.5,81,8.0,0.0
2026-06-01 08:00:00,59.4,24.3,296.0,9.1,7.1,64.0,69,30.8,74,9.0,0.0
2026-06-01 09:00:00,63.6,25.6,283.0,7.9,7.2,76.0,69,31.8,68,10.8,0.0
2026-06-01 10:00:00,66.4,27.2,242.0,5.8,7.0,91.0,69,32.3,65,12.5,0.0
2026-06-01 11:00:00,67.5,28.1,210.0,4.1,6.8,101.0,69,33.0,62,11.8,0.0
2026-06-01 12:00:00,65.2,27.9,201.0,3.4,6.5,104.0,70,33.0,61,12.4,0.0
2026-06-01 13:00:00,62.4,27.1,202.0,3.1,6.0,102.0,71,32.9,64,14.1,0.0
2026-06-01 14:00:00,57.6,25.9,207.0,3.2,5.7,97.0,71,32.7,65,14.8,0.0
2026-06-01 15:00:00,53.0,24.7,219.0,3.8,5.5,89.0,72,32.1,68,14.7,0.0
2026-06-01 16:00:00,47.4,23.2,236.0,4.8,5.4,78.0,72,31.8,70,14.4,0.0
2026-06-01 17:00:00,79.2,34.7,245.0,6.3,5.8,75.0,72,32.2,66,13.8,0.0
2026-06-01 18:00:00,76.1,33.3,238.0,8.1,5.9,66.0,73,31.5,67,13.2,0.0
2026-06-01 19:00:00,73.6,32.0,224.0,10.6,6.0,54.0,74,31.0,69,14.3,0.0
2026-06-01 20:00:00,69.8,31.1,212.0,12.7,6.1,44.0,75,30.3,73,14.0,0.0
2026-06-01 21:00:00,63.8,29.9,209.0,14.0,6.3,40.0,76,30.1,75,12.1,0.0
2026-06-01 22:00:00,59.3,28.9,208.0,15.0,6.4,39.0,77,30.1,76,7.7,0.0
2026-06-01 23:00:00,52.5,25.4,202.0,15.7,6.6,38.0,78,30.1,75,5.8,0.0
2026-06-02 00:00:00,51.9,25.1,183.0,16.2,6.7,36.0,79,29.6,79,9.0,0.0
2026-06-02 01:00:00,49.6,25.2,158.0,16.5,6.8,33.0,79,29.2,81,16.1,0.0
2026-06-02 02:00:00,46.7,24.8,143.0,16.2,6.9,32.0,80,29.1,82,6.3,0.0
2026-06-02 03:00:00,47.0,24.6,142.0,15.1,6.9,33.0,80,29.3,81,6.0,0.0
2026-06-02 04:00:00,46.6,24.0,150.0,13.5,6.8,35.0,80,29.0,83,6.7,0.0
2026-06-02 05:00:00,42.0,24.2,171.0,21.1,9.6,27.0,81,29.1,82,10.9,0.0
2026-06-02 06:00:00,49.5,25.6,218.0,17.9,9.4,34.0,81,29.1,82,9.9,0.0
2026-06-02 07:00:00,57.5,26.2,277.0,13.5,9.1,44.0,82,29.9,77,11.1,0.0
2026-06-02 08:00:00,62.6,27.5,311.0,9.7,8.8,55.0,82,30.6,73,13.5,0.0
2026-06-02 09:00:00,65.2,28.1,293.0,7.3,8.3,67.0,82,31.1,70,13.8,0.0
2026-06-02 10:00:00,69.2,28.9,249.0,5.7,7.7,80.0,83,32.2,65,12.6,0.0
2026-06-02 11:00:00,72.6,29.6,221.0,4.5,7.3,93.0,83,33.0,59,9.1,0.0
2026-06-02 12:00:00,75.9,31.0,225.0,3.8,7.4,106.0,83,33.5,56,8.6,0.0
2026-06-02 13:00:00,74.5,31.7,244.0,3.6,7.7,119.0,83,34.2,55,9.3,0.0
2026-06-02 14:00:00,74.0,32.2,267.0,4.0,8.1,125.0,83,33.9,58,12.2,0.0
2026-06-02 15:00:00,73.1,32.5,297.0,4.9,8.4,123.0,84,33.0,60,12.8,0.0
2026-06-02 16:00:00,71.9,32.1,332.0,6.3,8.7,115.0,85,32.7,61,11.2,0.0
2026-06-02 17:00:00,110.1,45.2,349.0,8.3,10.1,107.0,86,31.9,67,14.0,0.0
2026-06-02 18:00:00,102.7,42.4,336.0,11.1,9.6,90.0,86,30.6,75,15.1,0.0
2026-06-02 19:00:00,95.9,40.0,306.0,15.0,8.9,66.0,87,30.1,77,10.5,0.0
2026-06-02 20:00:00,91.5,38.4,279.0,17.7,8.3,49.0,88,29.8,78,12.4,0.0
2026-06-02 21:00:00,84.3,35.0,263.0,18.0,7.8,44.0,89,29.5,80,12.2,0.0
2026-06-02 22:00:00,72.2,31.2,249.0,17.1,7.5,44.0,89,29.4,81,11.4,0.0
2026-06-02 23:00:00,68.0,29.3,231.0,16.3,7.2,45.0,89,29.0,81,11.6,0.0
2026-06-03 00:00:00,65.9,28.3,200.0,16.0,7.1,43.0,90,28.8,80,8.8,0.0
2026-06-03 01:00:00,60.1,26.8,165.0,15.9,7.2,41.0,90,28.6,80,6.9,0.0
2026-06-03 02:00:00,57.7,25.5,147.0,15.7,7.3,39.0,90,28.3,80,4.5,0.0
2026-06-03 03:00:00,55.3,24.0,156.0,15.6,7.3,36.0,90,28.1,82,2.3,0.0
2026-06-03 04:00:00,51.9,22.9,183.0,15.6,7.3,32.0,90,28.0,83,4.1,0.0
2026-06-03 05:00:00,75.0,32.8,219.0,19.2,9.7,34.0,90,27.9,81,2.8,0.0
2026-06-03 06:00:00,78.7,34.3,276.0,18.1,10.8,39.0,91,27.7,83,4.0,0.0
2026-06-03 07:00:00,86.4,34.8,344.0,16.5,12.2,46.0,91,28.4,79,8.2,0.0
2026-06-03 08:00:00,91.0,33.9,380.0,14.4,12.9,56.0,92,29.6,73,3.6,0.0
2026-06-03 09:00:00,88.7,32.7,359.0,11.4,12.4,71.0,93,30.8,68,6.8,0.0
2026-06-03 10:00:00,85.0,31.8,307.0,8.0,11.1,87.0,93,31.3,67,11.7,0.0
2026-06-03 11:00:00,80.6,31.0,263.0,5.3,9.8,99.0,93,32.3,60,10.1,0.0
2026-06-03 12:00:00,75.7,29.5,241.0,3.9,8.5,102.0,94,32.5,61,11.2,0.0
2026-06-03 13:00:00,71.9,28.0,227.0,3.3,7.1,99.0,93,32.8,63,11.8,0.0
2026-06-03 14:00:00,65.2,25.9,222.0,3.3,6.1,94.0,93,33.1,63,13.1,0.0
2026-06-03 15:00:00,61.7,25.0,233.0,3.9,5.8,87.0,93,32.7,65,14.4,0.0
2026-06-03 16:00:00,61.0,24.9,253.0,5.1,5.9,78.0,92,32.3,67,14.5,0.0
2026-06-03 17:00:00,77.3,30.6,266.0,7.1,6.6,75.0,91,32.3,62,13.3,0.0
2026-06-03 18:00:00,75.0,30.3,266.0,9.6,6.8,66.0,90,31.0,68,15.0,0.0
2026-06-03 19:00:00,71.7,30.0,260.0,12.9,7.2,54.0,89,30.2,72,16.1,0.0
2026-06-03 20:00:00,72.4,30.4,249.0,15.1,7.3,46.0,88,29.8,76,14.0,0.0
2026-06-03 21:00:00,71.2,30.0,232.0,15.1,7.0,45.0,87,29.8,77,10.9,0.0
2026-06-03 22:00:00,69.4,30.2,209.0,13.9,6.6,47.0,87,29.8,77,9.7,0.0
2026-06-03 23:00:00,75.7,31.7,190.0,12.6,6.2,49.0,87,29.9,77,11.3,0.0
2026-06-04 00:00:00,83.8,33.3,175.0,11.4,6.0,51.0,87,29.6,80,11.5,0.0
2026-06-04 01:00:00,89.6,35.5,163.0,10.0,5.9,53.0,87,29.5,80,11.1,0.0
2026-06-04 02:00:00,89.4,35.0,155.0,8.9,5.9,55.0,88,29.3,82,10.5,0.0
2026-06-04 03:00:00,84.1,32.9,146.0,8.3,5.9,56.0,89,29.2,82,9.1,0.0
2026-06-04 04:00:00,78.0,30.9,141.0,7.9,5.9,56.0,90,29.1,82,9.6,0.0
2026-06-04 05:00:00,77.5,31.2,151.0,8.5,6.2,57.0,91,29.4,82,11.1,0.0
2026-06-04 06:00:00,76.8,30.9,193.0,8.6,6.2,60.0,90,29.3,82,11.4,0.0
2026-06-04 07:00:00,91.7,33.6,249.0,8.7,6.3,65.0,90,29.8,80,12.3,0.0
2026-06-04 08:00:00,90.1,33.6,283.0,8.4,6.3,71.0,90,30.6,75,13.6,0.0
2026-06-04 09:00:00,87.8,32.9,270.0,7.2,6.2,78.0,90,31.3,71,13.8,0.0
2026-06-04 10:00:00,88.2,32.7,233.0,5.7,6.0,85.0,90,32.0,68,15.3,0.1
2026-06-04 11:00:00,85.4,31.7,206.0,4.4,5.8,91.0,90,32.7,65,15.2,0.1
2026-06-04 12:00:00,83.4,30.7,202.0,3.7,5.6,94.0,90,32.4,67,15.4,0.0
2026-06-04 13:00:00,81.3,29.9,207.0,3.2,5.4,96.0,90,32.7,66,14.9,0.0
2026-06-04 14:00:00,78.2,29.3,216.0,3.3,5.2,95.0,90,32.8,64,15.8,0.0
2026-06-04 15:00:00,71.9,27.8,231.0,4.0,5.2,90.0,91,32.4,67,16.6,0.0
2026-06-04 16:00:00,69.4,27.1,251.0,5.2,5.2,82.0,91,32.0,70,16.6,0.0
2026-06-04 17:00:00,114.8,43.0,261.0,7.3,5.6,77.0,91,31.6,71,16.8,0.0
2026-06-04 18:00:00,102.7,40.5,254.0,9.1,5.6,69.0,92,30.6,75,16.6,0.0
2026-06-04 19:00:00,91.7,38.4,237.0,11.7,5.7,58.0,93,30.3,76,14.6,0.0
2026-06-04 20:00:00,78.9,32.9,223.0,13.7,5.8,50.0,94,30.1,77,14.7,0.0
2026-06-04 21:00:00,70.8,30.9,218.0,15.0,6.1,46.0,94,30.0,78,14.3,0.0
2026-06-04 22:00:00,69.6,30.6,215.0,15.8,6.5,44.0,94,29.8,80,13.9,0.0
2026-06-04 23:00:00,68.7,30.7,208.0,15.7,6.6,44.0,94,29.7,82,13.1,0.0
2026-06-05 00:00:00,66.1,29.7,189.0,14.1,6.3,45.0,94,29.4,84,12.2,0.0
2026-06-05 01:00:00,63.8,28.7,165.0,11.6,5.7,48.0,94,29.2,85,11.8,0.0
2026-06-05 02:00:00,60.1,27.0,149.0,9.5,5.3,51.0,93,29.0,86,10.8,0.0
2026-06-05 03:00:00,59.6,26.1,143.0,8.2,5.2,53.0,93,28.9,86,10.9,0.0
2026-06-05 04:00:00,60.1,25.7,144.0,7.2,5.3,54.0,92,28.7,87,11.8,0.0
2026-06-05 05:00:00,63.8,27.1,159.0,6.8,5.3,57.0,91,28.9,88,12.1,0.0
2026-06-05 06:00:00,72.9,28.9,201.0,7.5,5.6,59.0,91,28.8,89,11.1,0.0
2026-06-05 07:00:00,90.6,31.4,257.0,8.5,6.0,62.0,91,29.6,84,12.0,0.0
2026-06-05 08:00:00,114.1,35.7,290.0,8.7,6.3,68.0,91,30.7,77,12.4,0.0
2026-06-05 09:00:00,128.1,38.5,278.0,7.5,6.6,80.0,91,31.8,71,13.0,0.0
2026-06-05 10:00:00,132.7,39.9,244.0,5.7,6.8,95.0,91,32.8,66,12.5,0.0
2026-06-05 11:00:00,134.6,40.6,219.0,4.2,6.9,106.0,92,33.3,64,12.9,0.0
2026-06-05 12:00:00,125.7,39.3,213.0,3.5,6.7,111.0,93,33.2,65,14.2,0.0
2026-06-05 13:00:00,112.0,37.0,216.0,3.2,6.3,112.0,94,33.2,65,15.1,0.0
2026-06-05 14:00:00,100.4,34.2,225.0,3.5,6.0,110.0,94,33.1,66,15.2,0.0
2026-06-05 15:00:00,92.9,32.5,245.0,4.3,5.9,104.0,95,32.9,66,15.4,0.0
2026-06-05 16:00:00,88.0,31.2,271.0,5.6,5.9,96.0,95,32.4,68,14.7,0.0
2026-06-05 17:00:00,106.6,36.8,288.0,7.6,6.4,89.0,95,32.2,67,13.0,0.0
2026-06-05 18:00:00,90.8,33.1,287.0,9.8,6.5,79.0,95,31.1,74,13.4,0.0
2026-06-05 19:00:00,75.0,29.9,276.0,12.8,6.6,66.0,94,30.0,78,12.7,0.0
2026-06-05 20:00:00,59.5,26.2,267.0,15.3,6.7,55.0,93,29.6,80,12.7,0.0
2026-06-05 21:00:00,54.6,24.0,267.0,16.7,6.9,50.0,93,29.8,78,10.2,0.0
2026-06-05 22:00:00,49.1,23.3,269.0,17.5,7.0,47.0,92,29.8,78,8.9,0.0
2026-06-05 23:00:00,51.0,24.1,261.0,17.6,7.1,46.0,92,29.6,80,8.4,0.0
2026-06-06 00:00:00,51.2,24.4,232.0,16.6,7.0,46.0,91,29.1,83,8.7,0.0
2026-06-06 01:00:00,52.0,24.1,193.0,14.8,6.8,47.0,91,29.0,83,8.6,0.0
2026-06-06 02:00:00,55.4,23.7,164.0,13.0,6.6,48.0,90,28.8,84,9.9,0.0
2026-06-06 03:00:00,57.2,23.3,151.0,11.4,6.4,49.0,90,28.6,85,10.4,0.0
2026-06-06 04:00:00,56.7,22.8,148.0,9.7,6.2,49.0,90,28.5,85,10.6,0.0
2026-06-06 05:00:00,56.8,22.8,159.0,8.3,5.8,53.0,89,28.7,87,11.1,0.0
2026-06-06 06:00:00,64.5,24.2,196.0,8.5,5.9,56.0,89,28.6,87,11.7,0.0
2026-06-06 07:00:00,80.3,26.3,246.0,8.6,5.9,60.0,89,29.2,82,12.4,0.0
2026-06-06 08:00:00,88.5,28.8,276.0,8.3,6.0,66.0,88,30.4,74,11.9,0.0
2026-06-06 09:00:00,96.9,31.5,264.0,7.0,6.1,78.0,88,31.5,67,11.6,0.0
2026-06-06 10:00:00,89.9,30.4,232.0,5.3,6.2,91.0,87,32.4,64,13.2,0.0
2026-06-06 11:00:00,85.0,29.8,208.0,3.9,6.1,101.0,86,33.2,61,14.8,0.0
2026-06-06 12:00:00,77.1,27.9,202.0,3.3,5.8,103.0,85,33.2,62,15.7,0.0
2026-06-06 13:00:00,70.3,25.8,203.0,3.0,5.3,100.0,84,33.3,63,16.3,0.0
2026-06-06 14:00:00,65.9,24.4,210.0,3.2,5.0,96.0,83,33.3,64,16.9,0.0
2026-06-06 15:00:00,61.7,23.5,227.0,3.9,4.9,90.0,82,32.9,66,16.7,0.0
2026-06-06 16:00:00,59.5,22.8,249.0,5.0,4.9,81.0,81,32.6,67,16.2,0.0
2026-06-06 17:00:00,75.9,27.4,260.0,6.4,4.8,73.0,81,32.0,69,15.2,0.0
2026-06-06 18:00:00,80.3,28.9,251.0,7.9,4.9,67.0,80,31.3,71,15.7,0.0
2026-06-06 19:00:00,66.1,24.1,232.0,9.9,4.9,58.0,79,30.8,72,16.9,0.0
2026-06-06 20:00:00,62.4,23.1,215.0,11.3,5.0,52.0,79,30.2,77,18.2,0.0
2026-06-06 21:00:00,57.6,21.8,207.0,11.7,5.1,50.0,79,30.0,78,14.4,0.0
2026-06-06 22:00:00,51.6,18.9,201.0,11.6,5.1,50.0,78,29.9,78,13.6,0.0
2026-06-06 23:00:00,51.1,18.4,191.0,11.1,5.1,51.0,78,29.7,80,13.1,0.0
2026-06-07 00:00:00,52.3,18.6,173.0,10.2,5.0,52.0,78,29.3,82,12.1,0.0
2026-06-07 01:00:00,53.3,19.0,151.0,9.1,4.8,54.0,77,29.2,82,12.4,0.0
2026-06-07 02:00:00,54.1,19.6,136.0,8.0,4.6,56.0,77,29.0,82,12.8,0.0
2026-06-07 03:00:00,56.3,20.7,133.0,7.2,4.5,58.0,76,28.9,83,13.1,0.0
2026-06-07 04:00:00,58.8,22.3,137.0,6.5,4.6,60.0,76,28.9,83,14.1,0.0
2026-06-07 05:00:00,61.9,24.6,146.0,5.3,4.2,66.0,76,29.0,84,13.5,0.0
2026-06-07 06:00:00,64.0,26.3,164.0,5.5,4.4,69.0,76,28.9,84,13.3,0.0
2026-06-07 07:00:00,78.5,30.6,187.0,5.7,4.7,73.0,76,29.6,80,15.1,0.0
2026-06-07 08:00:00,84.8,33.1,200.0,5.6,5.0,78.0,77,30.9,72,15.9,0.0
2026-06-07 09:00:00,86.1,33.8,194.0,4.7,5.1,86.0,77,32.0,66,15.9,0.0
2026-06-07 10:00:00,85.9,33.5,179.0,3.5,5.2,95.0,77,33.0,61,15.5,0.0
2026-06-07 11:00:00,86.8,32.7,167.0,2.6,5.2,101.0,78,33.8,59,15.5,0.0
2026-06-07 12:00:00,87.3,31.7,164.0,2.2,5.1,101.0,78,33.9,59,16.3,0.0
2026-06-07 13:00:00,88.9,30.7,166.0,2.2,4.9,97.0,78,33.8,60,16.5,0.0
2026-06-07 14:00:00,90.1,30.0,170.0,2.4,4.7,93.0,79,33.8,61,16.1,0.0
2026-06-07 15:00:00,88.7,29.2,179.0,2.9,4.6,88.0,79,33.4,64,16.8,0.0
2026-06-07 16:00:00,89.6,28.8,191.0,3.6,4.6,83.0,80,32.8,67,16.8,0.0
2026-06-07 17:00:00,110.6,33.8,198.0,4.6,4.6,79.0,80,32.3,68,16.5,0.0
2026-06-07 18:00:00,99.7,31.3,195.0,5.8,4.7,73.0,81,31.1,74,16.5,0.0
2026-06-07 19:00:00,83.8,28.5,187.0,7.6,4.8,64.0,81,30.2,80,16.4,0.0
2026-06-07 20:00:00,69.8,24.9,179.0,8.9,4.9,58.0,81,30.0,80,18.1,0.0
2026-06-07 21:00:00,60.3,22.9,173.0,9.5,5.1,57.0,81,30.0,80,16.6,0.0
2026-06-07 22:00:00,61.9,24.7,168.0,9.8,5.3,57.0,82,30.0,79,14.7,0.0
2026-06-07 23:00:00,64.5,26.7,161.0,9.6,5.3,59.0,82,29.8,82,14.4,0.0
2026-06-08 00:00:00,66.4,27.9,150.0,8.8,5.1,61.0,83,29.6,83,12.5,0.0
2026-06-08 01:00:00,66.8,28.1,138.0,7.6,4.8,63.0,84,29.3,84,13.0,0.0
2026-06-08 02:00:00,64.7,26.7,129.0,6.5,4.5,65.0,84,29.4,82,13.9,0.0
2026-06-08 03:00:00,60.5,24.6,121.0,5.5,4.2,66.0,85,29.3,83,15.1,0.0
2026-06-08 04:00:00,57.6,22.8,117.0,4.7,4.0,67.0,85,29.1,84,15.0,0.0
2026-06-08 05:00:00,55.2,21.7,127.0,4.3,3.8,70.0,85,29.2,85,14.8,0.0
2026-06-08 06:00:00,54.5,21.5,166.0,5.4,4.2,70.0,85,29.2,85,14.1,0.0
2026-06-08 07:00:00,68.0,25.1,219.0,6.9,4.8,70.0,85,30.0,79,13.7,0.0
2026-06-08 08:00:00,79.6,28.8,252.0,7.6,5.3,74.0,84,31.0,72,15.3,0.0
2026-06-08 09:00:00,87.8,31.0,246.0,6.8,5.6,84.0,84,32.1,66,14.2,0.0
2026-06-08 10:00:00,92.0,32.8,221.0,5.2,5.8,97.0,84,32.9,65,15.2,0.0
2026-06-08 11:00:00,98.0,34.7,201.0,4.0,5.8,106.0,84,33.5,64,16.9,0.0
2026-06-08 12:00:00,100.8,35.4,195.0,3.5,5.5,108.0,84,33.9,62,17.5,0.0
2026-06-08 13:00:00,100.4,35.2,195.0,3.3,5.1,105.0,84,34.1,62,18.0,0.0
2026-06-08 14:00:00,95.9,33.9,199.0,3.5,4.7,100.0,84,34.0,64,18.1,0.0
2026-06-08 15:00:00,82.4,30.5,210.0,4.2,4.6,93.0,85,33.5,67,17.7,0.0
2026-06-08 16:00:00,68.5,26.9,227.0,5.3,4.5,84.0,85,32.9,70,18.2,0.0
2026-06-08 17:00:00,82.0,30.4,239.0,6.6,4.5,76.0,85,32.2,73,19.7,0.0
2026-06-08 18:00:00,70.1,27.9,245.0,8.2,4.7,70.0,84,31.0,78,19.5,0.0
2026-06-08 19:00:00,59.0,24.3,247.0,10.6,4.9,61.0,84,30.6,80,15.4,0.0
2026-06-08 20:00:00,50.1,21.4,245.0,12.5,5.2,54.0,84,30.3,82,13.6,0.0
2026-06-08 21:00:00,46.4,21.0,240.0,14.0,5.6,50.0,84,30.2,83,13.9,0.0
2026-06-08 22:00:00,45.5,21.5,231.0,15.2,6.1,48.0,83,29.9,85,12.5,0.0
2026-06-08 23:00:00,45.4,22.1,216.0,15.2,6.3,47.0,83,29.9,87,13.1,0.0
2026-06-09 00:00:00,44.4,21.9,190.0,13.3,5.9,48.0,83,29.7,88,13.6,0.0
2026-06-09 01:00:00,41.7,20.5,159.0,10.2,5.1,51.0,82,29.6,88,14.0,0.0
2026-06-09 02:00:00,38.0,18.8,137.0,7.6,4.5,54.0,81,29.4,90,14.7,0.0
2026-06-09 03:00:00,33.9,17.2,127.0,6.1,4.1,55.0,81,29.2,91,14.8,0.0
2026-06-09 04:00:00,31.3,15.9,126.0,5.0,3.9,57.0,80,29.2,91,14.2,0.0
2026-06-09 05:00:00,29.9,15.2,136.0,4.4,3.7,59.0,79,29.2,91,16.0,0.0
2026-06-09 06:00:00,28.2,14.6,169.0,5.6,4.1,57.0,79,29.3,90,16.4,0.0
2026-06-09 07:00:00,29.0,15.2,215.0,7.3,4.7,55.0,78,30.0,85,19.1,0.0
2026-06-09 08:00:00,32.9,17.7,242.0,8.1,5.1,56.0,77,31.1,77,20.4,0.0
2026-06-09 09:00:00,36.8,19.4,233.0,7.2,5.2,64.0,76,32.0,73,19.8,0.0
2026-06-09 10:00:00,41.0,20.5,206.0,5.4,5.1,75.0,75,32.9,69,19.2,0.0
2026-06-09 11:00:00,46.8,21.9,186.0,4.0,5.0,83.0,74,33.5,65,20.3,0.0
2026-06-09 12:00:00,51.7,22.3,182.0,3.4,4.8,86.0,73,33.5,66,21.8,0.0
2026-06-09 13:00:00,54.8,22.6,186.0,3.2,4.6,87.0,72,33.8,64,20.9,0.0
2026-06-09 14:00:00,57.5,23.1,195.0,3.4,4.4,85.0,71,34.0,65,20.1,0.0
2026-06-09 15:00:00,57.9,23.3,216.0,4.1,4.4,80.0,70,33.6,66,19.0,0.0
2026-06-09 16:00:00,55.8,22.6,242.0,5.3,4.5,73.0,69,33.0,71,18.0,0.0
2026-06-09 17:00:00,74.5,27.2,259.0,6.4,4.4,66.0,69,32.5,72,17.3,0.0
2026-06-09 18:00:00,67.1,26.1,257.0,8.3,4.6,60.0,69,31.4,78,16.0,0.0
2026-06-09 19:00:00,57.4,23.4,245.0,10.9,5.0,53.0,68,30.6,83,16.1,0.0
2026-06-09 20:00:00,48.4,20.8,233.0,12.7,5.2,47.0,68,30.2,85,17.0,0.0
2026-06-09 21:00:00,42.1,19.6,228.0,13.3,5.3,45.0,68,29.9,87,16.6,0.0
2026-06-09 22:00:00,39.7,19.2,224.0,13.1,5.4,45.0,68,29.7,87,14.5,0.0
2026-06-09 23:00:00,38.1,18.6,213.0,12.3,5.3,46.0,68,29.7,88,14.9,0.0
2026-06-10 00:00:00,36.7,17.9,189.0,10.7,5.0,47.0,68,29.4,90,14.0,0.0
2026-06-10 01:00:00,34.8,17.1,159.0,8.6,4.5,49.0,67,29.2,90,13.3,0.0
2026-06-10 02:00:00,33.5,16.5,136.0,6.8,4.1,51.0,67,29.1,90,14.1,0.0
2026-06-10 03:00:00,32.2,15.9,123.0,5.7,3.9,52.0,67,29.2,87,15.6,0.0
2026-06-10 04:00:00,31.5,15.4,117.0,5.0,3.9,52.0,67,29.1,88,16.9,0.0
2026-06-10 05:00:00,32.0,15.2,125.0,4.5,3.6,54.0,67,29.3,90,19.2,0.0
2026-06-10 06:00:00,30.0,15.0,162.0,5.8,4.0,53.0,67,29.4,89,20.6,0.0
2026-06-10 07:00:00,29.9,15.6,213.0,7.6,4.4,52.0,67,30.0,85,21.3,0.0
2026-06-10 08:00:00,35.3,17.3,244.0,8.4,4.8,54.0,67,31.0,79,21.9,0.0
2026-06-10 09:00:00,44.8,21.0,232.0,7.4,4.9,63.0,67,32.1,72,22.7,0.0
2026-06-10 10:00:00,52.2,22.3,200.0,5.5,4.9,75.0,67,33.0,67,22.9,0.0
2026-06-10 11:00:00,59.8,23.6,177.0,4.0,4.8,84.0,67,33.8,65,21.0,0.0
2026-06-10 12:00:00,67.3,24.9,174.0,3.5,4.7,89.0,67,34.1,64,21.1,0.0
2026-06-10 13:00:00,72.9,25.9,180.0,3.4,4.6,91.0,67,34.1,66,20.7,0.0
2026-06-10 14:00:00,74.7,26.4,193.0,3.9,4.6,90.0,68,34.0,67,20.3,0.0
2026-06-10 15:00:00,76.6,27.0,218.0,4.9,4.6,86.0,68,33.8,67,18.8,0.0
2026-06-10 16:00:00,72.9,26.4,251.0,6.4,4.7,79.0,68,33.4,69,16.8,0.0
2026-06-10 17:00:00,92.0,32.5,277.0,8.9,5.1,73.0,69,32.9,71,14.7,0.0
2026-06-10 18:00:00,73.1,29.1,294.0,13.0,5.5,63.0,69,31.8,75,13.9,0.0
2026-06-10 19:00:00,54.4,24.2,305.0,18.6,6.0,49.0,69,31.0,79,11.8,0.0
2026-06-10 20:00:00,42.4,20.7,305.0,21.6,6.2,40.0,69,30.5,83,9.3,0.0
2026-06-10 21:00:00,40.5,19.2,292.0,19.7,5.9,40.0,69,30.3,84,8.0,0.0
2026-06-10 22:00:00,40.9,18.8,268.0,15.3,5.3,45.0,69,30.1,85,11.1,0.0
2026-06-10 23:00:00,42.7,18.6,240.0,11.4,4.7,50.0,69,29.9,85,10.8,0.0
2026-06-11 00:00:00,45.2,18.8,204.0,9.0,4.3,52.0,69,29.7,86,12.4,0.0
2026-06-11 01:00:00,46.6,18.9,164.0,7.1,3.9,54.0,69,29.6,85,13.7,0.0
2026-06-11 02:00:00,47.7,19.1,134.0,5.7,3.7,56.0,70,29.5,86,13.8,0.0
2026-06-11 03:00:00,48.8,19.5,117.0,4.7,3.6,57.0,70,29.3,88,13.5,0.0
2026-06-11 04:00:00,49.5,20.0,111.0,4.3,3.6,58.0,70,29.2,90,14.4,0.0
2026-06-11 05:00:00,50.9,20.8,127.0,4.9,3.8,57.0,71,29.2,91,15.4,0.0
2026-06-11 06:00:00,51.8,21.9,187.0,7.3,4.4,57.0,71,29.3,90,15.7,0.0
2026-06-11 07:00:00,60.3,24.8,268.0,10.4,5.2,57.0,72,30.0,87,13.0,0.0
2026-06-11 08:00:00,69.2,30.3,318.0,12.2,6.0,63.0,72,31.6,78,15.0,0.0
2026-06-11 09:00:00,94.3,36.6,304.0,11.3,6.7,80.0,74,33.1,71,14.6,0.0
2026-06-11 10:00:00,148.1,47.1,258.0,9.0,7.3,104.0,75,34.7,63,14.6,0.0
2026-06-11 11:00:00,200.7,58.1,224.0,7.1,7.6,121.0,77,35.4,57,16.8,0.0
2026-06-11 12:00:00,237.5,66.4,219.0,6.2,7.2,129.0,80,36.3,53,16.1,0.0
2026-06-11 13:00:00,238.4,68.7,226.0,5.8,6.5,131.0,84,36.9,50,17.8,0.0
2026-06-11 14:00:00,232.4,68.2,239.0,6.1,5.9,127.0,88,36.8,50,18.0,0.0
2026-06-11 15:00:00,221.2,65.7,263.0,7.2,5.5,116.0,91,36.3,51,17.4,0.0
2026-06-11 16:00:00,182.5,56.0,293.0,9.0,5.2,99.0,95,35.4,56,15.7,0.0
2026-06-11 17:00:00,146.7,45.2,314.0,11.7,5.1,84.0,98,34.2,63,16.1,0.0
2026-06-11 18:00:00,109.2,34.5,320.0,13.9,5.1,74.0,99,32.6,71,14.0,0.0
2026-06-11 19:00:00,72.4,26.7,316.0,16.8,5.1,60.0,99,31.8,72,6.9,0.0
2026-06-11 20:00:00,58.1,20.7,301.0,18.2,5.1,50.0,99,31.2,75,10.4,0.0
2026-06-11 21:00:00,49.7,18.6,271.0,16.6,5.0,48.0,99,31.0,74,13.6,0.0
2026-06-11 22:00:00,44.6,18.0,230.0,13.5,4.9,50.0,99,30.5,79,11.6,0.0
2026-06-11 23:00:00,40.4,16.9,193.0,10.6,4.7,52.0,99,30.3,81,12.1,0.0
2026-06-12 00:00:00,39.5,16.4,163.0,8.4,4.3,53.0,99,29.8,83,13.1,0.0
2026-06-12 01:00:00,40.0,16.1,137.0,6.5,3.9,55.0,99,29.5,86,15.8,0.0
2026-06-12 02:00:00,42.8,16.4,120.0,5.1,3.6,56.0,99,29.4,86,17.1,0.0
2026-06-12 03:00:00,44.9,16.8,112.0,4.4,3.5,56.0,98,29.2,87,18.3,0.0
2026-06-12 04:00:00,47.3,17.3,112.0,4.3,3.6,56.0,98,29.2,86,18.4,0.0
2026-06-12 05:00:00,48.5,17.2,127.0,4.4,3.6,56.0,98,29.3,86,17.8,0.0
2026-06-12 06:00:00,49.5,18.2,170.0,6.0,4.1,55.0,98,29.0,89,16.7,0.0
2026-06-12 07:00:00,53.7,20.0,228.0,8.2,4.8,54.0,97,29.8,85,17.1,0.0
2026-06-12 08:00:00,61.9,22.5,263.0,9.3,5.3,57.0,97,30.8,79,18.2,0.0
2026-06-12 09:00:00,77.5,28.1,253.0,8.3,5.4,67.0,96,31.8,74,17.7,0.0
2026-06-12 10:00:00,94.1,31.5,221.0,6.1,5.3,82.0,95,32.5,71,18.1,0.0
2026-06-12 11:00:00,107.8,34.2,197.0,4.5,5.2,92.0,94,33.5,66,18.7,0.0
2026-06-12 12:00:00,114.6,35.4,190.0,3.9,5.1,96.0,92,33.9,64,18.7,0.0
2026-06-12 13:00:00,114.1,35.2,192.0,3.8,4.9,96.0,89,34.2,62,19.6,0.0
2026-06-12 14:00:00,102.2,33.2,201.0,4.1,4.8,93.0,86,33.8,66,19.9,0.0
2026-06-12 15:00:00,91.7,31.0,225.0,5.0,4.7,87.0,83,33.7,66,18.4,0.0
2026-06-12 16:00:00,80.1,28.5,256.0,6.3,4.7,78.0,80,33.0,70,17.9,0.0
2026-06-12 17:00:00,73.1,27.0,278.0,7.8,4.8,70.0,78,31.9,76,19.2,0.0
2026-06-12 18:00:00,58.3,24.1,284.0,10.0,4.9,62.0,76,30.9,82,17.8,0.0
2026-06-12 19:00:00,43.9,19.6,280.0,12.9,5.0,52.0,75,30.2,86,12.9,0.0
2026-06-12 20:00:00,36.6,17.1,267.0,14.5,5.0,44.0,74,30.0,84,15.7,0.0
2026-06-12 21:00:00,39.3,16.9,240.0,13.8,4.9,43.0,74,30.1,83,15.3,0.0
2026-06-12 22:00:00,39.6,17.0,203.0,11.9,4.7,44.0,74,30.0,83,15.1,0.0
2026-06-12 23:00:00,41.3,17.2,171.0,9.9,4.5,46.0,74,30.0,79,17.3,0.0
2026-06-13 00:00:00,43.3,17.2,148.0,8.2,4.2,47.0,74,29.9,80,15.5,0.0
2026-06-13 01:00:00,43.3,17.0,130.0,6.5,3.9,48.0,74,29.7,81,17.4,0.0
2026-06-13 02:00:00,42.8,16.7,118.0,5.1,3.6,49.0,74,29.4,81,17.7,0.0
2026-06-13 03:00:00,43.5,16.5,112.0,4.2,3.4,49.0,74,29.4,81,18.3,0.0
2026-06-13 04:00:00,43.2,16.2,112.0,3.7,3.4,49.0,74,29.1,83,17.8,0.0
2026-06-13 05:00:00,47.4,17.1,124.0,3.8,3.3,51.0,74,29.3,80,18.7,0.0
2026-06-13 06:00:00,48.1,17.3,158.0,4.8,3.6,50.0,74,29.4,79,18.4,0.0
2026-06-13 07:00:00,59.0,20.4,204.0,6.2,4.0,50.0,74,30.0,76,19.8,0.0
2026-06-13 08:00:00,69.4,23.5,231.0,6.8,4.3,52.0,74,30.8,72,20.3,0.0
2026-06-13 09:00:00,78.2,25.5,221.0,6.0,4.3,59.0,74,31.7,66,20.8,0.0
2026-06-13 10:00:00,86.8,27.0,192.0,4.6,4.2,68.0,74,32.5,61,21.0,0.0
2026-06-13 11:00:00,92.4,28.0,171.0,3.4,4.1,75.0,73,32.8,58,19.8,0.0
2026-06-13 12:00:00,94.5,28.2,167.0,2.9,4.1,78.0,73,33.1,57,18.3,0.0
2026-06-13 13:00:00,87.3,27.0,171.0,2.7,4.0,79.0,72,33.2,58,18.1,0.0
2026-06-13 14:00:00,79.2,25.3,179.0,2.9,4.0,77.0,71,33.4,59,18.7,0.0
2026-06-13 15:00:00,70.8,23.9,193.0,3.5,4.0,73.0,71,33.0,61,18.7,0.0
2026-06-13 16:00:00,64.5,22.1,210.0,4.4,4.0,66.0,70,32.5,64,18.7,0.0
2026-06-13 17:00:00,65.7,23.3,221.0,5.8,4.2,63.0,69,32.4,65,18.3,0.0
2026-06-13 18:00:00,63.6,23.1,219.0,7.5,4.3,58.0,69,31.1,70,19.6,0.0
2026-06-13 19:00:00,61.7,22.8,210.0,9.9,4.5,51.0,69,30.2,74,20.0,0.0
2026-06-13 20:00:00,57.3,22.8,199.0,11.5,4.6,46.0,69,30.1,74,16.7,0.0
2026-06-13 21:00:00,52.9,21.9,186.0,11.6,4.7,45.0,70,30.0,75,16.3,0.0
2026-06-13 22:00:00,50.9,20.8,169.0,11.0,4.7,45.0,70,29.8,76,15.5,0.0
2026-06-13 23:00:00,52.4,21.4,154.0,10.1,4.6,46.0,71,29.8,78,15.8,0.0
2026-06-14 00:00:00,44.6,19.1,139.0,9.0,4.4,47.0,71,29.5,78,16.8,0.0
2026-06-14 01:00:00,41.3,18.2,124.0,7.6,4.2,47.0,71,29.4,77,17.4,0.0
2026-06-14 02:00:00,30.5,13.1,114.0,6.4,4.0,48.0,71,29.3,77,16.9,0.0
2026-06-14 03:00:00,26.3,11.4,111.0,5.6,3.9,48.0,71,29.1,78,15.9,0.0
2026-06-14 04:00:00,24.0,10.6,113.0,5.0,3.9,48.0,71,28.9,80,16.5,0.0
2026-06-14 05:00:00,22.4,10.4,120.0,4.6,3.8,52.0,70,29.3,78,16.4,0.0
2026-06-14 06:00:00,22.4,10.3,139.0,4.9,4.1,52.0,69,29.3,77,16.8,0.0
2026-06-14 07:00:00,25.2,11.2,163.0,5.2,4.4,53.0,69,29.9,72,18.8,0.0
2026-06-14 08:00:00,30.9,13.5,177.0,5.2,4.6,55.0,68,30.3,69,20.7,0.0
2026-06-14 09:00:00,34.1,14.1,171.0,4.4,4.5,60.0,67,31.0,65,21.2,0.0
2026-06-14 10:00:00,36.1,14.5,155.0,3.2,4.3,67.0,66,31.8,62,20.7,0.0
2026-06-14 11:00:00,36.7,14.4,143.0,2.3,4.1,72.0,65,32.7,58,21.2,0.0
2026-06-14 12:00:00,36.4,13.9,141.0,2.0,4.0,72.0,64,32.7,56,20.5,0.0
2026-06-14 13:00:00,35.3,13.3,143.0,2.0,3.9,71.0,63,32.9,58,21.7,0.0
2026-06-14 14:00:00,35.2,13.1,147.0,2.2,3.8,68.0,61,32.2,61,21.9,0.0
2026-06-14 15:00:00,35.5,13.2,155.0,2.5,3.8,65.0,60,32.2,61,22.1,0.0
2026-06-14 16:00:00,36.3,13.6,164.0,3.1,3.8,61.0,59,32.1,61,21.1,0.0
2026-06-14 17:00:00,57.9,18.9,169.0,3.7,3.4,58.0,59,31.6,64,21.0,0.0
2026-06-14 18:00:00,54.7,19.3,165.0,5.0,3.7,54.0,58,31.1,65,20.8,0.0
2026-06-14 19:00:00,52.9,19.9,157.0,6.7,4.0,49.0,58,30.1,71,21.3,0.0
2026-06-14 20:00:00,51.2,21.2,150.0,7.8,4.3,46.0,58,29.5,74,21.2,0.2
2026-06-14 21:00:00,48.9,21.0,147.0,7.7,4.3,46.0,57,29.5,75,21.7,0.2
2026-06-14 22:00:00,44.9,19.6,145.0,6.9,4.2,47.0,57,29.2,77,19.2,0.0
2026-06-14 23:00:00,42.3,18.2,141.0,6.1,4.1,48.0,57,29.1,77,18.3,0.0
2026-06-15 00:00:00,35.2,14.1,131.0,5.3,3.9,49.0,57,28.9,78,18.6,0.0
2026-06-15 01:00:00,34.8,14.0,118.0,4.4,3.6,50.0,56,28.8,78,17.5,0.0
2026-06-15 02:00:00,30.9,12.7,110.0,3.8,3.4,51.0,56,28.8,77,18.1,0.0
2026-06-15 03:00:00,31.3,12.7,105.0,3.4,3.3,51.0,56,28.8,77,19.6,0.0
2026-06-15 04:00:00,31.7,13.0,104.0,3.3,3.4,51.0,56,28.7,77,18.6,0.0
2026-06-15 05:00:00,31.2,12.6,115.0,3.5,3.4,53.0,56,28.9,80,17.8,0.0
2026-06-15 06:00:00,29.6,12.5,150.0,4.7,3.9,53.0,57,28.8,81,17.0,0.1
2026-06-15 07:00:00,33.9,14.6,196.0,6.3,4.5,52.0,57,29.4,77,19.7,0.0
2026-06-15 08:00:00,36.3,15.9,224.0,7.1,4.9,54.0,57,30.2,72,20.6,0.0
2026-06-15 09:00:00,35.0,15.2,216.0,6.2,4.9,60.0,57,30.9,68,22.1,0.0
2026-06-15 10:00:00,38.0,15.9,191.0,4.4,4.6,67.0,57,31.6,65,21.9,0.1
2026-06-15 11:00:00,43.4,17.5,172.0,3.1,4.4,73.0,58,32.3,60,20.9,0.1
2026-06-15 12:00:00,31.3,13.6,168.0,2.6,4.2,75.0,58,31.9,63,20.1,0.0
2026-06-15 13:00:00,30.3,13.2,171.0,2.6,4.1,74.0,58,32.5,61,19.8,0.0
2026-06-15 14:00:00,30.3,13.3,177.0,2.9,4.0,72.0,58,32.4,60,20.2,0.0
2026-06-15 15:00:00,30.5,13.5,189.0,3.7,4.0,68.0,58,32.0,65,21.3,0.1
2026-06-15 16:00:00,29.3,13.2,206.0,5.0,4.1,61.0,58,31.5,69,21.5,0.1
2026-06-15 17:00:00,36.3,16.6,215.0,7.0,4.0,53.0,58,31.7,65,20.9,0.3
2026-06-15 18:00:00,40.4,18.6,211.0,8.4,4.3,50.0,58,31.0,69,19.9,0.0
2026-06-15 19:00:00,37.7,18.1,201.0,10.3,4.7,46.0,58,30.4,72,19.4,0.1
2026-06-15 20:00:00,34.2,16.3,192.0,11.4,5.0,43.0,57,30.1,74,18.6,0.1
2026-06-15 21:00:00,30.6,14.6,189.0,11.1,5.1,43.0,57,30.1,74,17.5,0.1
2026-06-15 22:00:00,32.1,14.6,187.0,10.0,5.0,43.0,56,29.9,76,16.1,0.1
2026-06-15 23:00:00,32.9,14.4,180.0,9.0,4.9,44.0,56,29.7,78,15.4,0.0
2026-06-16 00:00:00,31.3,13.8,160.0,8.3,4.8,44.0,56,29.4,80,14.7,0.0
2026-06-16 01:00:00,31.2,13.8,136.0,7.8,4.6,43.0,56,29.0,82,14.4,0.0
2026-06-16 02:00:00,37.0,15.7,119.0,7.3,4.6,43.0,56,28.8,84,13.1,0.0
2026-06-16 03:00:00,31.7,14.1,113.0,6.9,4.7,43.0,56,28.7,84,12.6,0.0
2026-06-16 04:00:00,30.7,13.5,116.0,6.5,4.9,44.0,56,28.5,85,12.6,0.0
2026-06-16 05:00:00,27.9,12.1,134.0,6.0,5.0,47.0,56,28.6,86,11.7,0.0
2026-06-16 06:00:00,28.9,12.7,186.0,6.6,5.2,48.0,56,28.6,86,10.2,0.0
2026-06-16 07:00:00,36.9,14.8,254.0,7.5,5.5,50.0,56,29.2,83,11.4,0.0
2026-06-16 08:00:00,44.8,17.5,293.0,7.8,5.7,53.0,56,30.3,76,13.5,0.0
2026-06-16 09:00:00,49.8,18.9,275.0,7.1,5.6,57.0,56,31.1,71,16.5,0.1
2026-06-16 10:00:00,51.7,19.8,227.0,5.9,5.3,62.0,56,31.3,72,19.2,0.2
2026-06-16 11:00:00,54.2,20.3,191.0,4.8,5.0,67.0,57,31.2,71,18.9,0.2
2026-06-16 12:00:00,56.0,20.5,181.0,4.0,4.8,71.0,57,31.7,69,17.8,0.1
2026-06-16 13:00:00,58.2,21.0,183.0,3.4,4.7,75.0,58,32.5,64,17.5,0.0
2026-06-16 14:00:00,57.3,21.1,191.0,3.3,4.6,77.0,58,32.5,64,17.2,0.0
2026-06-16 15:00:00,54.9,21.0,208.0,3.7,4.6,75.0,59,32.8,61,16.9,0.0
2026-06-16 16:00:00,54.0,20.8,230.0,4.6,4.7,71.0,60,32.6,61,16.9,0.0
2026-06-16 17:00:00,79.4,28.8,244.0,5.7,4.7,70.0,60,32.1,63,16.2,0.0
2026-06-16 18:00:00,74.3,28.1,241.0,8.1,5.0,63.0,61,31.0,68,16.5,0.0
2026-06-16 19:00:00,69.4,27.1,229.0,11.5,5.4,53.0,62,30.6,69,16.0,0.0
2026-06-16 20:00:00,62.6,26.7,217.0,14.0,5.8,46.0,63,30.4,71,14.0,0.0
2026-06-16 21:00:00,58.9,26.0,208.0,15.1,6.2,42.0,64,30.3,72,13.8,0.0
2026-06-16 22:00:00,58.2,25.4,198.0,15.3,6.5,41.0,65,30.0,74,13.5,0.0
2026-06-16 23:00:00,57.6,24.7,186.0,14.6,6.5,41.0,66,29.9,75,12.6,0.0
2026-06-17 00:00:00,55.1,23.5,167.0,12.2,5.9,43.0,67,29.6,77,14.6,0.0
2026-06-17 01:00:00,52.6,21.7,146.0,8.9,5.1,46.0,68,29.4,79,16.7,0.1
2026-06-17 02:00:00,56.2,22.2,131.0,6.5,4.5,48.0,68,29.3,80,17.2,0.0
2026-06-17 03:00:00,50.6,20.4,121.0,5.9,4.5,47.0,69,29.1,81,12.6,0.1
2026-06-17 04:00:00,55.8,22.3,117.0,6.1,4.9,46.0,70,29.1,80,11.7,0.0
2026-06-17 05:00:00,55.6,21.6,129.0,6.7,5.4,47.0,70,29.4,80,11.4,0.0
2026-06-17 06:00:00,58.0,22.7,174.0,7.4,5.4,47.0,71,29.2,80,11.4,0.0
2026-06-17 07:00:00,55.6,21.2,235.0,8.2,5.5,48.0,72,29.5,78,13.6,0.0
2026-06-17 08:00:00,54.6,20.7,271.0,8.4,5.5,51.0,73,30.3,73,15.0,0.0
2026-06-17 09:00:00,54.7,20.8,256.0,7.3,5.5,57.0,73,31.1,68,15.7,0.0
2026-06-17 10:00:00,61.0,22.9,216.0,5.6,5.4,65.0,73,31.7,66,15.7,0.0
2026-06-17 11:00:00,53.6,20.9,186.0,4.3,5.3,71.0,73,32.7,58,15.6,0.0
2026-06-17 12:00:00,51.9,20.4,179.0,3.7,5.1,74.0,73,32.9,57,15.4,0.0
2026-06-17 13:00:00,51.5,20.1,183.0,3.5,4.9,75.0,73,32.6,60,15.3,0.1
2026-06-17 14:00:00,48.3,19.6,192.0,3.7,4.8,74.0,73,32.1,63,15.0,0.1
2026-06-17 15:00:00,45.3,19.0,210.0,4.1,4.7,71.0,73,32.3,64,15.4,0.0
2026-06-17 16:00:00,44.4,18.7,235.0,4.9,4.7,65.0,73,31.9,65,15.4,0.0
2026-06-17 17:00:00,63.1,25.3,248.0,6.0,4.7,63.0,73,31.8,64,13.7,0.0
2026-06-17 18:00:00,58.4,24.3,241.0,8.7,5.1,57.0,73,31.0,67,13.1,0.0
2026-06-17 19:00:00,51.8,23.4,224.0,12.5,5.7,48.0,72,30.5,68,13.5,0.0
2026-06-17 20:00:00,51.5,25.0,209.0,15.3,6.1,42.0,72,30.2,70,15.3,0.0
2026-06-17 21:00:00,51.6,26.3,203.0,16.5,6.4,40.0,72,30.1,70,15.7,0.0
2026-06-17 22:00:00,47.3,24.7,199.0,16.6,6.6,40.0,72,30.1,70,14.0,0.0
2026-06-17 23:00:00,45.5,23.6,190.0,15.8,6.5,41.0,72,30.0,71,13.9,0.0
2026-06-18 00:00:00,45.1,22.6,170.0,13.3,6.0,44.0,72,29.7,72,15.7,0.0
2026-06-18 01:00:00,46.3,22.2,144.0,9.9,5.2,48.0,71,29.6,73,13.6,0.0
2026-06-18 02:00:00,49.6,22.7,128.0,7.3,4.7,50.0,72,29.5,73,12.4,0.0
2026-06-18 03:00:00,53.3,23.5,124.0,6.6,4.8,49.0,72,29.2,75,12.5,0.0
2026-06-18 04:00:00,57.6,25.0,128.0,6.8,5.3,46.0,72,29.2,76,10.3,0.0
2026-06-18 05:00:00,51.7,22.2,144.0,6.7,5.3,48.0,72,29.7,75,11.6,0.0
2026-06-18 06:00:00,43.4,18.7,184.0,7.6,5.6,48.0,72,29.5,77,11.7,0.0
2026-06-18 07:00:00,47.1,19.3,236.0,8.8,5.9,48.0,72,29.7,77,14.9,0.0
2026-06-18 08:00:00,45.6,18.5,265.0,9.1,6.1,50.0,72,30.5,74,15.0,0.0
2026-06-18 09:00:00,45.4,18.3,249.0,7.9,6.0,57.0,71,31.4,69,15.3,0.0
2026-06-18 10:00:00,46.8,18.9,210.0,5.8,5.8,67.0,71,32.1,65,16.1,0.0
2026-06-18 11:00:00,47.5,19.3,181.0,4.2,5.5,74.0,71,32.5,61,16.3,0.0
2026-06-18 12:00:00,47.0,19.2,175.0,3.5,5.2,76.0,71,32.6,60,15.8,0.0
2026-06-18 13:00:00,47.1,19.0,180.0,3.3,5.0,75.0,71,32.9,59,15.4,0.0
2026-06-18 14:00:00,44.5,18.3,189.0,3.5,4.8,73.0,71,32.5,63,16.2,0.1
2026-06-18 15:00:00,43.2,18.1,204.0,4.2,4.8,68.0,70,31.8,67,16.8,0.2
2026-06-18 16:00:00,41.3,17.5,223.0,5.4,4.8,62.0,70,31.5,69,16.4,0.2
2026-06-18 17:00:00,78.9,27.5,237.0,7.1,4.7,55.0,70,31.3,67,16.2,0.0
2026-06-18 18:00:00,75.2,27.4,242.0,9.0,5.1,51.0,70,30.3,72,17.0,0.0
2026-06-18 19:00:00,75.0,28.5,241.0,11.6,5.7,45.0,71,29.8,75,15.5,0.0
2026-06-18 20:00:00,66.1,28.0,235.0,13.9,6.2,41.0,71,29.6,76,14.5,0.0
2026-06-18 21:00:00,61.5,28.2,222.0,15.7,6.6,38.0,71,29.7,75,14.0,0.0
2026-06-18 22:00:00,56.7,27.8,205.0,17.2,7.0,37.0,72,29.6,76,13.3,0.1
2026-06-18 23:00:00,48.3,23.4,187.0,17.2,7.0,37.0,72,29.4,77,15.1,0.0
2026-06-19 00:00:00,43.9,20.5,169.0,14.7,6.4,40.0,72,29.0,80,13.4,0.0
2026-06-19 01:00:00,43.2,19.7,151.0,10.7,5.5,45.0,72,28.9,81,12.1,0.0
2026-06-19 02:00:00,44.1,19.7,138.0,7.7,4.9,48.0,71,28.8,82,10.3,0.0
2026-06-19 03:00:00,45.2,19.9,130.0,6.6,4.8,48.0,71,28.6,83,9.8,0.0
2026-06-19 04:00:00,46.4,20.2,127.0,6.4,5.1,47.0,71,28.5,84,11.0,0.0
2026-06-19 05:00:00,45.3,19.3,137.0,8.3,6.1,47.0,70,28.8,83,13.1,0.0
2026-06-19 06:00:00,45.5,19.4,174.0,8.8,6.2,48.0,70,28.7,83,13.3,0.0
2026-06-19 07:00:00,51.9,21.0,224.0,9.4,6.2,49.0,70,29.4,78,14.8,0.0
2026-06-19 08:00:00,59.6,23.6,254.0,9.4,6.2,52.0,70,30.2,73,14.9,0.0
2026-06-19 09:00:00,66.6,24.9,243.0,8.0,6.0,58.0,71,31.0,69,15.2,0.0
2026-06-19 10:00:00,73.8,26.3,212.0,6.0,5.8,66.0,71,31.7,66,15.6,0.0
2026-06-19 11:00:00,66.8,24.2,189.0,4.4,5.5,72.0,72,32.4,62,15.0,0.0
2026-06-19 12:00:00,66.4,23.7,185.0,3.6,5.2,75.0,72,32.7,61,15.3,0.0
2026-06-19 13:00:00,63.3,22.6,189.0,3.2,4.9,75.0,73,32.8,62,15.2,0.0
2026-06-19 14:00:00,60.5,21.1,197.0,3.3,4.7,74.0,73,32.7,62,15.2,0.0
2026-06-19 15:00:00,55.6,19.7,213.0,4.0,4.7,69.0,73,32.5,63,15.9,0.0
2026-06-19 16:00:00,53.3,19.2,233.0,5.1,4.7,62.0,74,31.9,65,16.1,0.0
2026-06-19 17:00:00,106.4,34.9,243.0,6.0,4.9,62.0,74,32.0,62,14.8,0.0
2026-06-19 18:00:00,102.0,34.1,234.0,7.6,5.0,56.0,74,31.1,66,17.4,0.0
2026-06-19 19:00:00,87.1,31.5,215.0,9.7,5.1,49.0,75,30.3,70,17.8,0.0
2026-06-19 20:00:00,75.0,29.6,199.0,11.1,5.2,43.0,75,29.9,72,17.1,0.0
2026-06-19 21:00:00,68.9,28.5,191.0,11.3,5.3,42.0,75,30.0,72,15.3,0.0
2026-06-19 22:00:00,63.6,26.7,186.0,10.7,5.3,43.0,75,30.1,72,15.2,0.0
2026-06-19 23:00:00,61.5,26.0,177.0,10.0,5.3,44.0,75,30.0,72,13.7,0.0
2026-06-20 00:00:00,61.5,25.7,160.0,9.1,5.2,45.0,76,29.6,75,12.5,0.0
2026-06-20 01:00:00,66.8,27.1,140.0,8.1,5.0,45.0,76,29.3,78,12.6,0.0
2026-06-20 02:00:00,73.1,26.1,126.0,7.2,4.9,46.0,77,29.1,80,13.5,0.1
2026-06-20 03:00:00,48.7,18.9,120.0,6.5,4.8,46.0,77,28.9,81,13.0,0.0
2026-06-20 04:00:00,43.3,16.6,120.0,5.9,4.8,46.0,77,28.8,82,12.6,0.0
2026-06-20 05:00:00,48.0,18.6,132.0,5.9,4.8,49.0,77,28.9,82,13.2,0.0
2026-06-20 06:00:00,44.9,17.0,168.0,6.7,5.0,49.0,77,28.8,82,12.3,0.0
2026-06-20 07:00:00,51.1,18.5,216.0,7.8,5.2,50.0,77,29.4,78,14.1,0.0
2026-06-20 08:00:00,57.0,20.0,245.0,8.2,5.3,53.0,76,30.4,73,16.0,0.0
2026-06-20 09:00:00,62.2,21.0,236.0,7.3,5.3,59.0,76,31.3,67,16.5,0.0
2026-06-20 10:00:00,68.9,22.1,208.0,5.8,5.1,67.0,76,32.2,63,16.8,0.0
2026-06-20 11:00:00,71.7,22.7,187.0,4.5,5.0,73.0,75,32.4,61,16.2,0.0
2026-06-20 12:00:00,73.3,22.8,184.0,3.8,4.8,74.0,75,32.1,62,15.3,0.0
2026-06-20 13:00:00,75.4,22.9,188.0,3.4,4.6,73.0,75,32.4,61,14.8,0.0
2026-06-20 14:00:00,76.1,22.9,195.0,3.5,4.5,70.0,75,32.2,62,15.4,0.0
2026-06-20 15:00:00,76.1,23.0,207.0,4.0,4.4,66.0,75,32.1,63,16.4,0.0
2026-06-20 16:00:00,68.0,21.4,223.0,5.0,4.4,61.0,76,31.8,65,18.3,0.0
2026-06-20 17:00:00,105.7,28.5,231.0,5.9,4.4,62.0,76,31.8,65,15.2,0.0
2026-06-20 18:00:00,88.7,25.1,226.0,7.4,4.6,57.0,75,30.9,68,14.1,0.0
2026-06-20 19:00:00,70.8,22.3,214.0,9.3,4.8,50.0,74,30.2,72,14.8,0.0
2026-06-20 20:00:00,60.3,21.2,204.0,10.7,5.0,45.0,74,29.9,73,15.0,0.0
2026-06-20 21:00:00,48.9,19.8,200.0,11.0,5.0,43.0,73,29.7,75,15.5,0.0
2026-06-20 22:00:00,44.1,18.1,198.0,10.6,5.0,43.0,72,29.6,76,14.5,0.0
2026-06-20 23:00:00,43.8,17.4,191.0,9.9,4.9,44.0,71,29.6,76,15.1,0.0
2026-06-21 00:00:00,44.9,17.1,173.0,8.7,4.7,45.0,71,29.4,76,13.7,0.0
2026-06-21 01:00:00,39.2,14.8,150.0,7.1,4.4,46.0,70,29.1,77,14.0,0.0
2026-06-21 02:00:00,38.3,14.5,132.0,5.9,4.2,47.0,69,28.9,79,14.0,0.0
2026-06-21 03:00:00,36.6,14.2,122.0,5.3,4.1,47.0,68,28.6,81,13.4,0.0
2026-06-21 04:00:00,35.9,14.1,118.0,5.0,4.2,47.0,67,28.4,83,12.1,0.0
2026-06-21 05:00:00,38.1,14.6,122.0,4.3,3.9,50.0,67,29.0,79,13.4,0.0
2026-06-21 06:00:00,36.9,14.8,142.0,4.8,4.3,51.0,67,29.0,79,13.2,0.0
2026-06-21 07:00:00,44.5,16.3,171.0,5.4,4.8,53.0,66,29.5,76,14.4,0.0
2026-06-21 08:00:00,53.9,18.9,188.0,5.5,5.2,57.0,66,30.3,72,15.2,0.0
2026-06-21 09:00:00,58.9,19.9,180.0,4.7,5.2,64.0,66,31.2,68,16.2,0.0
2026-06-21 10:00:00,62.6,20.7,160.0,3.5,5.0,72.0,66,31.8,64,16.9,0.0
2026-06-21 11:00:00,60.3,20.6,145.0,2.6,4.8,78.0,66,32.5,59,16.7,0.0
2026-06-21 12:00:00,59.6,20.4,142.0,2.2,4.5,78.0,66,32.3,59,17.4,0.0
2026-06-21 13:00:00,54.9,19.4,145.0,2.0,4.2,76.0,66,32.2,59,17.7,0.0
2026-06-21 14:00:00,51.8,18.9,150.0,2.1,4.0,72.0,65,32.0,61,18.3,0.0
2026-06-21 15:00:00,49.8,18.7,159.0,2.5,3.9,67.0,65,31.8,62,18.7,0.0
2026-06-21 16:00:00,47.7,18.7,170.0,3.2,3.9,62.0,65,31.6,61,18.8,0.0
2026-06-21 17:00:00,53.9,20.7,178.0,3.7,4.0,60.0,64,31.1,65,18.2,0.0
2026-06-21 18:00:00,54.1,21.0,180.0,4.8,4.2,56.0,64,30.6,67,17.6,0.0
2026-06-21 19:00:00,51.6,21.5,180.0,6.3,4.5,52.0,63,30.1,70,16.7,0.0
2026-06-21 20:00:00,52.9,22.8,175.0,7.4,4.7,48.0,63,30.0,70,16.8,0.0
2026-06-21 21:00:00,58.6,25.1,165.0,7.7,4.8,47.0,63,30.1,70,17.5,0.0
2026-06-21 22:00:00,57.6,25.3,152.0,7.7,4.9,47.0,64,30.0,71,16.8,0.0
2026-06-21 23:00:00,55.4,24.7,140.0,7.3,4.9,47.0,64,29.4,75,15.3,0.0
2026-06-22 00:00:00,56.3,24.7,129.0,6.5,4.7,48.0,65,29.2,77,15.5,0.0
2026-06-22 01:00:00,57.4,24.4,119.0,5.3,4.3,49.0,66,28.9,80,15.9,0.1
2026-06-22 02:00:00,58.1,24.7,113.0,4.5,4.1,50.0,67,28.7,81,15.5,0.0
2026-06-22 03:00:00,63.8,27.6,108.0,4.2,4.0,50.0,67,28.7,81,15.8,0.0
2026-06-22 04:00:00,57.5,25.3,107.0,4.2,4.0,49.0,69,28.6,81,15.5,0.0
2026-06-22 05:00:00,43.3,18.7,119.0,4.1,3.8,51.0,70,28.8,81,15.7,0.0
2026-06-22 06:00:00,41.7,18.4,158.0,5.2,4.1,51.0,70,28.7,82,16.7,0.0
2026-06-22 07:00:00,44.6,19.2,210.0,6.6,4.6,50.0,70,29.1,79,18.3,0.0
2026-06-22 08:00:00,48.0,19.8,241.0,7.2,4.9,52.0,71,29.9,74,18.3,0.1
2026-06-22 09:00:00,52.0,21.0,230.0,6.4,5.0,58.0,71,30.6,70,17.7,0.1
2026-06-22 10:00:00,60.5,23.3,199.0,4.8,5.0,65.0,71,31.5,66,17.5,0.0
2026-06-22 11:00:00,56.8,22.2,175.0,3.5,4.9,71.0,71,32.1,62,17.7,0.0
2026-06-22 12:00:00,58.4,22.3,170.0,2.9,4.7,73.0,71,32.3,61,18.0,0.0
2026-06-22 13:00:00,57.9,22.2,172.0,2.7,4.5,73.0,71,32.3,61,18.3,0.0
2026-06-22 14:00:00,56.9,21.9,179.0,2.8,4.3,71.0,72,32.1,62,19.0,0.0
2026-06-22 15:00:00,60.1,23.2,193.0,3.3,4.2,67.0,72,31.9,63,18.1,0.0
2026-06-22 16:00:00,52.9,20.7,212.0,4.2,4.2,61.0,72,31.6,63,17.4,0.0
2026-06-22 17:00:00,76.1,28.9,223.0,5.4,4.3,56.0,72,31.6,62,17.6,0.0
2026-06-22 18:00:00,72.9,28.6,222.0,7.0,4.5,52.0,73,31.0,63,17.5,0.0
2026-06-22 19:00:00,72.4,29.0,213.0,9.1,4.8,48.0,74,30.3,67,16.7,0.0
2026-06-22 20:00:00,70.1,29.0,204.0,10.7,5.1,44.0,74,30.0,69,15.9,0.0
2026-06-22 21:00:00,66.6,29.3,197.0,11.4,5.4,43.0,75,29.8,71,15.7,0.0
2026-06-22 22:00:00,66.8,28.9,188.0,11.5,5.7,42.0,75,29.8,72,16.6,0.0
2026-06-22 23:00:00,65.4,28.2,178.0,11.1,5.8,43.0,76,29.6,70,14.9,0.0
2026-06-23 00:00:00,62.2,27.1,163.0,9.7,5.4,44.0,76,29.5,73,15.0,0.1
2026-06-23 01:00:00,57.4,25.3,146.0,7.7,4.8,46.0,76,29.4,73,14.9,0.0
2026-06-23 02:00:00,56.8,24.9,133.0,6.2,4.4,48.0,76,29.2,75,15.0,0.0
2026-06-23 03:00:00,54.8,24.4,123.0,5.5,4.4,48.0,76,29.2,75,15.2,0.0
2026-06-23 04:00:00,49.4,21.4,117.0,5.3,4.5,48.0,76,29.1,77,15.4,0.0
2026-06-23 05:00:00,39.9,17.2,126.0,5.1,4.4,49.0,76,29.1,76,14.2,0.0
2026-06-23 06:00:00,39.0,17.0,166.0,6.5,4.7,48.0,76,28.9,79,14.8,0.0
2026-06-23 07:00:00,42.1,17.8,221.0,8.3,5.2,47.0,75,29.0,80,16.8,0.1
2026-06-23 08:00:00,46.1,19.7,254.0,9.1,5.5,49.0,75,29.8,75,18.2,0.1
2026-06-23 09:00:00,47.6,19.6,242.0,7.9,5.5,56.0,75,30.6,71,18.2,0.1
2026-06-23 10:00:00,52.4,20.5,207.0,5.6,5.2,65.0,75,31.4,66,17.3,0.0
2026-06-23 11:00:00,53.7,21.0,181.0,3.8,5.0,72.0,75,32.4,60,17.0,0.0
2026-06-23 12:00:00,54.5,21.0,176.0,3.0,4.8,75.0,75,32.6,58,17.5,0.0
2026-06-23 13:00:00,55.2,21.5,179.0,2.8,4.5,76.0,75,32.6,59,18.9,0.0
2026-06-23 14:00:00,57.7,22.4,186.0,2.9,4.3,74.0,75,32.0,62,18.5,0.0
2026-06-23 15:00:00,58.0,22.5,199.0,3.5,4.2,70.0,75,32.3,59,18.6,0.0
2026-06-23 16:00:00,55.6,21.9,216.0,4.5,4.2,63.0,75,31.9,60,19.4,0.0
2026-06-23 17:00:00,73.8,27.4,225.0,5.5,3.9,58.0,75,31.3,62,17.5,0.0
2026-06-23 18:00:00,68.9,26.7,218.0,6.8,4.1,54.0,75,30.7,65,17.8,0.0
2026-06-23 19:00:00,65.4,26.4,203.0,8.5,4.3,48.0,74,30.0,69,18.6,0.0
2026-06-23 20:00:00,67.3,27.8,189.0,9.7,4.5,43.0,74,29.7,72,20.4,0.0
2026-06-23 21:00:00,66.1,27.9,181.0,10.0,4.7,41.0,74,29.5,73,20.7,0.0
2026-06-23 22:00:00,65.7,28.6,175.0,9.9,4.8,41.0,74,29.5,73,21.1,0.0
2026-06-23 23:00:00,65.4,28.3,166.0,9.2,4.8,42.0,74,29.6,73,19.5,0.1
2026-06-24 00:00:00,64.0,27.2,150.0,7.7,4.5,43.0,74,29.4,75,19.1,0.0
2026-06-24 01:00:00,61.5,26.0,130.0,5.7,3.9,45.0,74,29.2,76,18.3,0.0
2026-06-24 02:00:00,60.3,25.4,116.0,4.2,3.6,47.0,74,29.0,77,19.5,0.0
2026-06-24 03:00:00,56.2,24.2,106.0,3.7,3.6,47.0,74,28.9,78,19.2,0.0
2026-06-24 04:00:00,51.9,22.6,101.0,3.8,3.7,47.0,74,28.6,81,19.4,0.0
2026-06-24 05:00:00,43.8,16.7,113.0,4.3,3.9,47.0,74,28.9,78,17.8,0.0
2026-06-24 06:00:00,37.8,15.6,160.0,5.5,4.2,47.0,74,28.9,77,18.4,0.0
2026-06-24 07:00:00,44.1,18.2,224.0,7.1,4.6,46.0,74,29.1,77,19.8,0.0
2026-06-24 08:00:00,45.6,18.9,263.0,7.8,4.8,48.0,74,29.5,74,19.1,0.0
2026-06-24 09:00:00,47.6,19.7,250.0,6.8,4.7,54.0,74,30.2,71,19.8,0.0
2026-06-24 10:00:00,49.9,20.3,211.0,5.0,4.5,63.0,74,30.5,70,20.8,0.1
2026-06-24 11:00:00,48.9,20.1,182.0,3.6,4.3,69.0,74,31.6,64,22.3,0.1
2026-06-24 12:00:00,48.5,20.0,176.0,3.2,4.1,70.0,74,31.8,64,22.8,0.2
2026-06-24 13:00:00,47.4,19.7,180.0,3.2,4.0,68.0,74,31.6,66,22.2,0.2
2026-06-24 14:00:00,46.6,19.4,187.0,3.5,3.9,65.0,74,31.6,67,21.2,0.1
2026-06-24 15:00:00,47.1,19.7,200.0,4.1,3.9,61.0,73,31.5,66,21.1,0.1
2026-06-24 16:00:00,47.5,20.0,216.0,4.9,3.9,56.0,73,31.2,68,21.5,0.0
2026-06-24 17:00:00,46.4,20.3,226.0,6.0,4.0,52.0,73,31.5,64,19.1,0.0
2026-06-24 18:00:00,47.3,20.6,223.0,7.6,4.2,48.0,72,30.7,67,18.0,0.0
2026-06-24 19:00:00,46.6,20.8,213.0,9.3,4.3,44.0,72,30.1,70,18.4,0.0
2026-06-24 20:00:00,45.5,21.0,204.0,10.4,4.5,42.0,71,29.7,73,18.5,0.1
2026-06-24 21:00:00,43.9,20.7,200.0,10.3,4.6,42.0,71,29.5,74,19.0,0.1
2026-06-24 22:00:00,42.4,20.4,197.0,9.5,4.6,44.0,70,29.4,75,17.9,0.1
2026-06-24 23:00:00,44.8,20.5,189.0,8.6,4.6,45.0,69,29.6,74,17.2,0.0
2026-06-25 00:00:00,40.6,19.1,169.0,7.5,4.4,46.0,69,29.2,76,15.9,0.0
2026-06-25 01:00:00,33.3,15.1,145.0,6.2,4.0,47.0,68,29.1,75,14.6,0.0
2026-06-25 02:00:00,33.8,14.8,127.0,5.2,3.8,48.0,67,29.0,75,14.7,0.0
2026-06-25 03:00:00,36.2,16.4,119.0,4.8,3.8,48.0,66,28.9,76,15.2,0.0
2026-06-25 04:00:00,31.1,13.9,119.0,4.7,4.0,48.0,65,28.9,76,16.1,0.0
2026-06-25 05:00:00,29.6,13.3,131.0,4.9,4.2,48.0,65,28.8,78,15.5,0.0
2026-06-25 06:00:00,28.7,13.2,170.0,5.8,4.5,48.0,64,28.7,79,14.3,0.0
2026-06-25 07:00:00,37.0,16.9,221.0,7.1,4.7,48.0,64,29.2,77,17.4,0.0
2026-06-25 08:00:00,38.1,17.5,251.0,7.6,4.9,50.0,64,29.8,73,19.0,0.0
2026-06-25 09:00:00,40.4,18.1,238.0,6.5,4.9,57.0,64,30.7,69,19.7,0.1
2026-06-25 10:00:00,42.0,18.3,203.0,4.7,4.7,66.0,64,31.6,65,19.1,0.0
2026-06-25 11:00:00,41.8,18.0,177.0,3.3,4.5,73.0,63,31.8,64,19.2,0.1
2026-06-25 12:00:00,42.1,18.1,173.0,2.8,4.3,75.0,63,31.9,63,19.3,0.1
2026-06-25 13:00:00,42.1,18.2,179.0,2.8,4.1,73.0,63,31.8,64,18.8,0.1
2026-06-25 14:00:00,42.3,18.2,188.0,3.2,4.0,71.0,63,31.8,66,19.2,0.1
2026-06-25 15:00:00,40.7,18.0,204.0,3.9,4.0,67.0,63,31.4,69,19.7,0.1
2026-06-25 16:00:00,40.4,18.1,223.0,4.9,4.0,62.0,63,31.6,68,18.5,0.0
2026-06-25 17:00:00,49.2,22.6,235.0,6.5,4.5,57.0,63,31.3,66,16.7,0.0
2026-06-25 18:00:00,50.5,22.8,232.0,8.3,4.8,53.0,63,30.6,69,16.3,0.1
2026-06-25 19:00:00,48.7,22.2,221.0,10.7,5.2,47.0,63,30.0,73,16.6,0.0
2026-06-25 20:00:00,45.6,21.5,212.0,12.4,5.5,43.0,63,29.7,74,15.5,0.0
2026-06-25 21:00:00,44.2,21.4,212.0,12.9,5.7,41.0,63,29.5,75,15.1,0.0
2026-06-25 22:00:00,39.8,19.0,214.0,12.8,5.9,41.0,63,29.6,75,14.6,0.0
2026-06-25 23:00:00,38.9,18.2,207.0,12.1,5.9,41.0,63,29.5,76,13.5,0.0
2026-06-26 00:00:00,38.0,17.6,182.0,10.7,5.5,42.0,63,29.2,77,12.9,0.0
2026-06-26 01:00:00,38.8,17.5,149.0,8.7,5.0,45.0,63,29.0,78,12.6,0.0
2026-06-26 02:00:00,38.8,17.5,127.0,7.3,4.7,46.0,63,28.8,80,11.7,0.0
2026-06-26 03:00:00,38.9,17.5,122.0,6.9,4.8,45.0,63,28.6,81,10.8,0.0
2026-06-26 04:00:00,38.8,17.5,127.0,6.9,5.1,44.0,63,28.4,82,10.4,0.0
2026-06-26 05:00:00,41.7,18.2,144.0,7.4,5.5,43.0,64,28.9,78,9.7,0.0
2026-06-26 06:00:00,40.7,18.5,183.0,8.0,5.8,44.0,64,28.9,78,10.2,0.0
2026-06-26 07:00:00,48.5,20.1,232.0,8.8,6.2,45.0,64,29.3,77,11.6,0.0
2026-06-26 08:00:00,53.1,21.5,262.0,9.0,6.4,49.0,65,30.2,73,13.2,0.0
2026-06-26 09:00:00,55.8,22.2,252.0,7.9,6.3,57.0,65,31.1,69,13.1,0.0
2026-06-26 10:00:00,58.0,22.7,222.0,6.1,6.0,66.0,65,31.6,66,13.9,0.0
2026-06-26 11:00:00,59.3,23.1,199.0,4.7,5.7,73.0,66,32.9,60,13.1,0.1
2026-06-26 12:00:00,57.9,22.7,194.0,4.0,5.5,75.0,66,32.1,64,14.0,0.0
2026-06-26 13:00:00,57.2,22.7,196.0,3.7,5.2,74.0,67,31.9,67,14.8,0.0
2026-06-26 14:00:00,51.3,21.6,202.0,3.7,5.0,72.0,67,32.3,65,15.0,0.0
2026-06-26 15:00:00,48.3,20.9,213.0,4.1,4.8,68.0,67,32.0,67,15.9,0.0
2026-06-26 16:00:00,48.0,20.7,227.0,5.0,4.7,63.0,68,31.4,69,15.5,0.0
2026-06-26 17:00:00,39.2,17.3,236.0,6.0,4.5,59.0,68,31.7,66,15.0,0.0
2026-06-26 18:00:00,41.1,18.2,236.0,7.6,4.8,54.0,67,30.9,68,14.3,0.0
2026-06-26 19:00:00,43.1,19.4,231.0,9.8,5.2,48.0,67,30.2,72,14.6,0.0
2026-06-26 20:00:00,42.8,19.6,223.0,11.4,5.5,43.0,67,29.8,75,14.7,0.0
2026-06-26 21:00:00,43.0,19.8,212.0,12.0,5.7,41.0,67,29.6,77,13.2,0.0
2026-06-26 22:00:00,43.3,20.1,198.0,12.1,5.8,41.0,66,29.4,77,12.1,0.0
2026-06-26 23:00:00,41.7,19.6,183.0,11.9,5.9,41.0,67,29.4,76,12.0,0.0
2026-06-27 00:00:00,39.3,18.4,167.0,11.2,5.8,41.0,67,29.2,77,11.2,0.0
2026-06-27 01:00:00,36.3,16.9,150.0,10.2,5.6,42.0,67,29.1,77,9.9,0.0
2026-06-27 02:00:00,35.4,16.4,139.0,9.4,5.6,42.0,67,28.9,78,9.4,0.0
2026-06-27 03:00:00,34.9,16.1,132.0,9.2,5.8,41.0,67,28.9,77,8.8,0.0
2026-06-27 04:00:00,33.4,15.7,129.0,9.3,6.2,40.0,67,28.8,77,8.6,0.0
2026-06-27 05:00:00,33.4,15.5,140.0,8.3,6.2,42.0,66,29.0,78,9.3,0.0
2026-06-27 06:00:00,32.6,15.5,178.0,8.6,6.4,44.0,66,28.8,79,9.0,0.0
2026-06-27 07:00:00,38.3,16.8,229.0,9.0,6.6,46.0,66,29.4,75,10.6,0.0
2026-06-27 08:00:00,42.3,17.9,260.0,8.8,6.7,51.0,66,30.2,72,12.1,0.0
2026-06-27 09:00:00,46.4,19.3,249.0,7.4,6.4,60.0,65,30.9,68,12.8,0.0
2026-06-27 10:00:00,49.9,20.4,216.0,5.4,6.0,72.0,65,31.3,67,13.5,0.0
2026-06-27 11:00:00,52.7,21.5,193.0,3.9,5.6,81.0,65,31.7,66,13.8,0.0
2026-06-27 12:00:00,53.3,21.7,191.0,3.2,5.3,86.0,65,31.7,66,13.0,0.0
2026-06-27 13:00:00,52.7,21.2,197.0,2.9,5.0,87.0,65,32.4,64,13.4,0.0
2026-06-27 14:00:00,50.6,20.6,206.0,3.1,4.8,86.0,64,31.7,67,14.6,0.0
2026-06-27 15:00:00,46.8,19.4,218.0,3.6,4.7,80.0,64,31.3,69,14.8,0.0
2026-06-27 16:00:00,43.9,18.3,232.0,4.6,4.6,71.0,64,31.1,70,15.1,0.0
2026-06-27 17:00:00,60.5,24.4,240.0,6.3,5.1,68.0,64,31.3,68,15.2,0.1
2026-06-27 18:00:00,54.4,22.6,237.0,7.9,5.1,61.0,65,30.6,71,14.8,0.0
2026-06-27 19:00:00,49.6,21.2,228.0,10.2,5.1,51.0,65,30.0,73,14.5,0.0
2026-06-27 20:00:00,44.6,19.8,217.0,11.6,5.1,44.0,65,29.6,75,13.8,0.0
2026-06-27 21:00:00,44.6,19.8,204.0,11.6,5.1,43.0,65,29.4,77,13.7,0.0
2026-06-27 22:00:00,44.6,19.9,188.0,10.8,5.1,44.0,65,29.3,77,12.9,0.0
2026-06-27 23:00:00,44.9,20.0,172.0,9.8,5.0,46.0,65,29.1,79,13.4,0.0
2026-06-28 00:00:00,41.9,18.2,156.0,8.7,4.7,47.0,65,28.9,79,12.9,0.1
2026-06-28 01:00:00,40.5,17.4,140.0,7.4,4.4,47.0,65,28.6,82,12.8,0.1
2026-06-28 02:00:00,39.1,16.9,129.0,6.4,4.2,48.0,65,28.5,83,13.0,0.0
2026-06-28 03:00:00,38.6,16.9,124.0,6.0,4.3,48.0,65,28.3,84,11.7,0.0
2026-06-28 04:00:00,38.2,16.8,125.0,6.0,4.5,48.0,65,28.3,84,11.3,0.0
2026-06-28 05:00:00,38.6,17.1,131.0,5.5,4.4,49.0,65,29.0,79,11.7,0.0
2026-06-28 06:00:00,38.9,17.6,148.0,5.8,4.6,50.0,66,28.9,79,12.8,0.0
2026-06-28 07:00:00,45.2,19.2,171.0,6.2,4.9,51.0,66,29.2,78,15.7,0.0
2026-06-28 08:00:00,54.2,22.9,184.0,6.1,5.1,54.0,66,29.9,74,16.9,0.0
2026-06-28 09:00:00,56.6,23.9,177.0,5.2,5.1,59.0,66,30.7,70,16.6,0.0
2026-06-28 10:00:00,59.0,24.4,160.0,3.9,4.9,66.0,67,31.5,66,16.1,0.0
2026-06-28 11:00:00,58.7,24.1,148.0,2.9,4.7,71.0,67,32.1,63,16.6,0.0
2026-06-28 12:00:00,57.4,23.3,145.0,2.4,4.5,73.0,67,31.9,65,16.3,0.0
2026-06-28 13:00:00,57.3,23.0,147.0,2.2,4.3,73.0,68,31.9,64,16.8,0.0
2026-06-28 14:00:00,55.3,22.4,152.0,2.2,4.2,72.0,68,31.9,65,18.3,0.1
2026-06-28 15:00:00,62.2,24.6,162.0,2.6,4.1,69.0,68,31.1,68,19.6,0.1
2026-06-28 16:00:00,54.4,21.9,174.0,3.2,4.1,64.0,68,31.1,69,19.0,0.1
2026-06-28 17:00:00,53.6,21.9,181.0,4.0,4.1,59.0,69,30.7,70,19.6,0.0
2026-06-28 18:00:00,51.9,21.7,177.0,5.0,4.2,55.0,68,30.2,72,18.7,0.0
2026-06-28 19:00:00,49.1,21.2,167.0,6.2,4.3,51.0,68,29.7,75,18.2,0.0
2026-06-28 20:00:00,48.1,21.7,159.0,6.9,4.4,49.0,68,29.6,75,17.7,0.1
2026-06-28 21:00:00,49.2,22.6,156.0,6.9,4.4,48.0,69,29.4,76,19.0,0.1
2026-06-28 22:00:00,49.8,23.1,154.0,6.4,4.3,49.0,69,29.3,77,17.8,0.1
2026-06-28 23:00:00,46.4,22.1,149.0,5.9,4.2,49.0,69,29.0,78,17.0,0.0
2026-06-29 00:00:00,46.1,21.8,137.0,5.3,4.0,49.0,69,28.8,80,16.2,0.0
2026-06-29 01:00:00,40.4,18.3,123.0,4.6,3.7,50.0,70,28.6,81,14.9,0.0
2026-06-29 02:00:00,39.1,17.9,113.0,4.1,3.6,50.0,70,28.5,82,14.0,0.0
2026-06-29 03:00:00,38.8,17.9,107.0,3.9,3.6,50.0,70,28.3,82,13.9,0.0
2026-06-29 04:00:00,38.8,17.9,105.0,3.8,3.7,50.0,70,28.2,83,13.6,0.0
2026-06-29 05:00:00,49.4,21.9,116.0,4.5,4.0,50.0,70,28.3,82,14.9,0.0
2026-06-29 06:00:00,49.4,22.2,154.0,5.4,4.3,51.0,70,28.2,82,14.8,0.0
2026-06-29 07:00:00,60.3,25.3,204.0,6.5,4.8,52.0,71,28.8,79,16.9,0.0
2026-06-29 08:00:00,70.5,28.3,235.0,7.0,5.1,54.0,71,29.6,74,17.7,0.0
2026-06-29 09:00:00,72.6,28.5,227.0,6.1,5.0,59.0,72,30.3,70,18.1,0.0
2026-06-29 10:00:00,72.6,28.5,199.0,4.6,4.7,66.0,72,30.9,67,18.6,0.0
2026-06-29 11:00:00,71.0,27.6,177.0,3.4,4.5,71.0,73,31.7,62,18.8,0.0
2026-06-29 12:00:00,70.3,27.1,172.0,2.9,4.3,73.0,73,31.8,60,19.0,0.0
2026-06-29 13:00:00,70.3,27.0,173.0,2.7,4.2,74.0,73,32.2,59,19.3,0.0
2026-06-29 14:00:00,65.2,25.6,178.0,3.0,4.1,73.0,74,32.1,60,19.9,0.0
2026-06-29 15:00:00,63.3,25.1,189.0,3.8,4.1,68.0,74,31.6,62,19.3,0.0
2026-06-29 16:00:00,61.7,24.4,203.0,5.1,4.2,62.0,74,31.3,64,19.2,0.0
2026-06-29 17:00:00,79.9,30.7,212.0,6.6,4.0,55.0,74,30.9,64,18.7,0.0
2026-06-29 18:00:00,77.3,31.2,210.0,7.9,4.3,53.0,75,30.2,66,18.0,0.0
2026-06-29 19:00:00,75.7,31.8,203.0,9.6,4.8,49.0,76,29.8,69,17.8,0.0
2026-06-29 20:00:00,70.3,30.9,195.0,10.7,5.1,47.0,77,29.5,71,17.2,0.0
2026-06-29 21:00:00,66.6,30.0,190.0,10.6,5.1,46.0,77,29.2,74,18.4,0.1
2026-06-29 22:00:00,56.5,26.6,185.0,9.9,4.9,46.0,78,29.2,75,18.4,0.0
2026-06-29 23:00:00,50.6,25.0,176.0,8.9,4.7,47.0,78,29.1,74,18.2,0.0
2026-06-30 00:00:00,44.8,21.1,157.0,7.7,4.5,48.0,79,28.9,76,17.1,0.0
2026-06-30 01:00:00,44.6,20.5,135.0,6.3,4.2,49.0,79,28.8,76,17.3,0.0
2026-06-30 02:00:00,44.9,20.5,119.0,5.2,4.1,50.0,79,28.7,77,16.2,0.0
2026-06-30 03:00:00,46.2,20.7,113.0,4.7,4.1,50.0,79,28.6,77,16.5,0.0
2026-06-30 04:00:00,46.4,20.7,113.0,4.5,4.2,50.0,79,28.6,77,17.2,0.0
2026-06-30 05:00:00,49.6,21.2,126.0,4.5,4.1,50.0,80,28.7,78,16.5,0.0
2026-06-30 06:00:00,48.0,21.3,162.0,6.0,4.5,49.0,79,28.7,79,16.3,0.0
2026-06-30 07:00:00,51.8,22.5,210.0,7.9,5.0,48.0,79,29.2,76,19.0,0.0
2026-06-30 08:00:00,60.1,25.7,240.0,8.8,5.3,49.0,79,29.8,73,19.8,0.0
2026-06-30 09:00:00,58.9,25.0,235.0,7.7,5.2,55.0,79,30.4,70,20.9,0.1
2026-06-30 10:00:00,59.6,24.9,213.0,5.5,5.0,64.0,79,30.9,67,20.3,0.2
2026-06-30 11:00:00,61.0,25.4,196.0,3.9,4.7,70.0,78,30.7,69,19.4,0.2
2026-06-30 12:00:00,58.8,24.7,191.0,3.4,4.5,71.0,78,31.3,66,18.9,0.0
2026-06-30 13:00:00,55.6,23.5,191.0,3.4,4.4,70.0,78,32.3,61,18.9,0.0
2026-06-30 14:00:00,57.3,23.6,195.0,3.8,4.3,68.0,78,31.8,63,19.3,0.0
2026-06-30 15:00:00,58.6,24.0,207.0,4.5,4.3,65.0,77,31.4,66,20.2,0.1
2026-06-30 16:00:00,55.4,22.9,223.0,5.6,4.3,60.0,77,31.1,68,19.0,0.2
2026-06-30 17:00:00,61.9,25.7,232.0,6.9,4.4,56.0,77,31.6,61,18.9,0.2
2026-06-30 18:00:00,56.8,23.9,227.0,8.5,4.6,52.0,77,30.8,65,18.6,0.0
2026-06-30 19:00:00,50.1,22.0,214.0,10.7,4.9,47.0,76,30.0,70,18.4,0.0
2026-06-30 20:00:00,45.8,21.3,203.0,12.0,5.1,44.0,75,29.7,73,18.2,0.1
2026-06-30 21:00:00,37.5,17.6,197.0,11.9,5.1,43.0,74,29.6,75,18.8,0.0
2026-06-30 22:00:00,38.4,17.3,192.0,10.9,5.1,44.0,73,29.4,76,18.1,0.0
2026-06-30 23:00:00,40.6,18.0,183.0,9.8,5.0,45.0,72,29.3,77,17.1,0.0
2026-07-01 00:00:00,44.7,19.6,164.0,8.6,4.8,46.0,72,29.1,78,16.0,0.0
2026-07-01 01:00:00,41.2,18.3,141.0,7.2,4.5,47.0,72,28.9,79,15.3,0.0
2026-07-01 02:00:00,39.7,17.6,125.0,6.1,4.3,48.0,71,28.7,80,15.5,0.0
2026-07-01 03:00:00,38.5,17.2,116.0,5.5,4.3,48.0,71,28.7,80,15.3,0.0
2026-07-01 04:00:00,38.0,17.1,114.0,5.3,4.4,49.0,71,28.5,82,15.3,0.0
2026-07-01 05:00:00,39.1,17.2,127.0,5.4,4.6,49.0,71,28.5,85,15.4,0.0
2026-07-01 06:00:00,38.9,17.6,171.0,6.7,4.9,49.0,70,28.5,84,14.9,0.0
2026-07-01 07:00:00,44.5,19.2,231.0,8.3,5.3,50.0,70,28.9,82,15.4,0.0
2026-07-01 08:00:00,51.6,21.9,267.0,9.1,5.5,52.0,70,29.8,77,17.0,0.1
2026-07-01 09:00:00,52.2,22.2,255.0,8.1,5.5,58.0,69,30.6,71,18.2,0.1
2026-07-01 10:00:00,51.1,21.6,218.0,6.3,5.3,66.0,69,31.2,69,18.8,0.1
2026-07-01 11:00:00,48.2,21.1,192.0,4.9,5.2,71.0,69,31.1,69,18.0,0.1
2026-07-01 12:00:00,45.8,20.1,189.0,4.4,5.1,72.0,68,31.3,68,18.0,0.0
2026-07-01 13:00:00,59.6,24.2,196.0,4.3,5.0,71.0,68,31.8,67,18.2,0.1
2026-07-01 14:00:00,48.3,21.4,207.0,4.6,4.9,69.0,68,31.3,69,18.0,0.3
2026-07-01 15:00:00,47.4,21.2,224.0,5.3,4.9,65.0,68,31.3,70,18.0,0.1
2026-07-01 16:00:00,49.1,22.0,246.0,6.3,4.8,60.0,68,31.2,70,17.4,0.1
2026-07-01 17:00:00,48.7,20.5,258.0,7.4,4.6,56.0,67,31.4,69,16.4,0.2
2026-07-01 18:00:00,49.5,21.1,253.0,9.4,4.9,51.0,67,30.4,74,16.4,0.2
2026-07-01 19:00:00,48.5,21.2,238.0,12.2,5.3,45.0,67,29.9,78,17.8,0.1
2026-07-01 20:00:00,44.1,19.6,224.0,14.2,5.6,40.0,67,29.6,80,17.2,0.2
2026-07-01 21:00:00,39.1,18.2,216.0,14.7,5.7,38.0,67,29.4,81,16.3,0.0
2026-07-01 22:00:00,38.6,18.3,210.0,14.4,5.7,37.0,67,29.2,83,14.8,0.0
2026-07-01 23:00:00,40.7,19.0,199.0,13.5,5.6,37.0,67,29.6,80,14.0,0.0
2026-07-02 00:00:00,42.4,19.5,180.0,11.7,5.3,38.0,67,29.3,81,13.3,0.0
2026-07-02 01:00:00,44.5,20.0,157.0,9.4,4.9,40.0,67,29.2,81,13.4,0.0
2026-07-02 02:00:00,45.2,20.2,140.0,7.6,4.7,41.0,67,28.8,84,13.2,0.1
2026-07-02 03:00:00,45.8,20.2,127.0,6.8,4.7,41.0,67,28.7,85,12.7,0.1
2026-07-02 04:00:00,45.2,19.9,120.0,6.7,4.9,40.0,67,28.6,86,12.6,0.0
2026-07-02 05:00:00,44.4,19.2,131.0,7.3,5.3,41.0,68,28.6,87,12.1,0.0
2026-07-02 06:00:00,43.4,19.0,181.0,8.5,5.9,41.0,68,28.5,87,11.6,0.0
2026-07-02 07:00:00,51.2,20.8,250.0,10.2,6.6,41.0,68,29.0,84,11.8,0.0
2026-07-02 08:00:00,59.4,22.7,292.0,10.9,7.1,43.0,68,29.9,78,12.3,0.0
2026-07-02 09:00:00,58.9,22.8,278.0,9.8,7.0,50.0,68,30.7,74,13.7,0.2
2026-07-02 10:00:00,61.2,23.2,236.0,7.8,6.6,59.0,68,31.2,72,14.0,0.1
2026-07-02 11:00:00,64.7,24.4,204.0,6.2,6.3,66.0,68,32.0,68,15.1,0.2
2026-07-02 12:00:00,65.9,24.3,195.0,5.3,6.1,68.0,69,32.1,67,15.7,0.1
2026-07-02 13:00:00,66.4,24.4,195.0,4.8,5.9,68.0,69,32.3,67,15.4,0.1
2026-07-02 14:00:00,66.6,25.0,201.0,4.8,5.7,67.0,69,32.4,66,15.9,0.0
2026-07-02 15:00:00,65.4,24.7,215.0,5.4,5.6,65.0,69,32.2,67,16.1,0.0
2026-07-02 16:00:00,61.7,23.8,234.0,6.6,5.5,61.0,70,31.8,68,16.5,0.1
2026-07-02 17:00:00,75.9,28.3,246.0,7.7,5.4,57.0,70,31.3,70,15.9,0.1
2026-07-02 18:00:00,74.5,27.2,244.0,9.5,5.7,53.0,71,30.6,73,13.8,0.0
2026-07-02 19:00:00,74.0,27.6,234.0,12.2,6.2,48.0,71,30.1,75,12.9,0.1
2026-07-02 20:00:00,69.4,27.1,226.0,14.7,6.7,43.0,72,29.6,79,13.6,0.1
2026-07-02 21:00:00,61.9,24.9,225.0,17.5,7.4,39.0,72,29.4,81,12.5,0.0
2026-07-02 22:00:00,60.5,25.0,225.0,20.2,8.1,35.0,73,29.3,81,12.0,0.0
2026-07-02 23:00:00,56.0,24.3,216.0,20.9,8.3,33.0,74,29.2,82,14.0,0.0
